Tube,Window,RootID,Appeared (session number),Died (session number),Appeared,Died,Lifespan,Maximum Length,Maximum Diameter,Length date(1),Diameter date(1),Color date(1),Condition Code date(1),Length date(2),Diameter date(2),Color date(2),Condition Code date(2),Length date(3),Diameter date(3),Color date(3),Condition Code date(3),Length date(4),Diameter date(4),Color date(4),Condition Code date(4),Length date(5),Diameter date(5),Color date(5),Condition Code date(5),Length date(6),Diameter date(6),Color date(6),Condition Code date(6),Length date(7),Diameter date(7),Color date(7),Condition Code date(7),Length date(8),Diameter date(8),Color date(8),Condition Code date(8),Length date(9),Diameter date(9),Color date(9),Condition Code date(9),Length date(10),Diameter date(10),Color date(10),Condition Code date(10),Length date(11),Diameter date(11),Color date(11),Condition Code date(11),Length date(12),Diameter date(12),Color date(12),Condition Code date(12),Length date(13),Diameter date(13),Color date(13),Condition Code date(13),Length date(14),Diameter date(14),Color date(14),Condition Code date(14),Length date(15),Diameter date(15),Color date(15),Condition Code date(15),Length date(16),Diameter date(16),Color date(16),Condition Code date(16),Length date(17),Diameter date(17),Color date(17),Condition Code date(17),Length date(18),Diameter date(18),Color date(18),Condition Code date(18),Length date(19),Diameter date(19),Color date(19),Condition Code date(19),Length date(20),Diameter date(20),Color date(20),Condition Code date(20),Length date(21),Diameter date(21),Color date(21),Condition Code date(21),Length date(22),Diameter date(22),Color date(22),Condition Code date(22),Length date(23),Diameter date(23),Color date(23),Condition Code date(23),Length date(24),Diameter date(24),Color date(24),Condition Code date(24),Length date(25),Diameter date(25),Color date(25),Condition Code date(25),Length date(26),Diameter date(26),Color date(26),Condition Code date(26),Length date(27),Diameter date(27),Color date(27),Condition Code date(27),Length date(28),Diameter date(28),Color date(28),Condition Code date(28),Length date(29),Diameter date(29),Color date(29),Condition Code date(29),Length date(30),Diameter date(30),Color date(30),Condition Code date(30),Length date(31),Diameter date(31),Color date(31),Condition Code date(31),Length date(32),Diameter date(32),Color date(32),Condition Code date(32),Length date(33),Diameter date(33),Color date(33),Condition Code date(33)
3,17,1,1,17,2/6/2017,11/14/2017,281,3.070304,0.690691,1.67826,0.511393,White,NO_CODE,1.733503,0.511393,White,NO_CODE,1.733503,0.511393,White,NO_CODE,2.631914,0.511393,White,NO_CODE,2.631914,0.511393,White,NO_CODE,2.631914,0.511393,White,NO_CODE,2.631914,0.690691,White,NO_CODE,2.631914,0.690691,White,NO_CODE,2.631914,0.690691,White,NO_CODE,2.631914,0.690691,White,NO_CODE,2.631914,0.690691,White,NO_CODE,2.631914,0.690691,White,NO_CODE,2.631914,0.690691,White,NO_CODE,2.631914,0.690691,White,NO_CODE,3.070304,0.690691,White,NO_CODE,3.070304,0.690691,White,NO_CODE,,,,,,,,,,,,,,,,,,,,,,,,,,,,,,,,,,,,,,,,,,,,,,,,,,,,,,,,,,,,,,,,,,,,
3,17,2,4,19,3/20/2017,12/12/2017,267,2.383512,0.123817, , , ,, , , ,, , , ,,2.383512,0.123817,White,NO_CODE,2.383512,0.123817,White,NO_CODE,2.383512,0.123817,White,NO_CODE,2.383512,0.123817,White,NO_CODE,2.383512,0.123817,White,NO_CODE,2.383512,0.123817,White,NO_CODE,2.383512,0.123817,White,NO_CODE,2.383512,0.123817,White,NO_CODE,2.383512,0.123817,White,NO_CODE,2.383512,0.123817,White,NO_CODE,2.383512,0.123817,White,NO_CODE,2.383512,0.123817,White,NO_CODE,2.383512,0.123817,White,NO_CODE,2.383512,0.123817,White,NO_CODE,2.383512,0.123817,White,NO_CODE,,,,,,,,,,,,,,,,,,,,,,,,,,,,,,,,,,,,,,,,,,,,,,,,,,,,,,,,,,,,
3,19,1,1,15,2/6/2017,9/9/2017,215,6.204036,0.573723,5.252359,0.532133,White,NO_CODE,,,,,,,,,,,,,,,,,,,,,,,,,,,,,,,,,,,,,,,,,,,,,,,,,,,,,,,,,,,,,,,,,,,,,,,,,,,,,,,,,,,,,,,,,,,,,,,,,,,,,,,,,,,,,,,,,,,,,,,,,,,,,,,,
3,21,1,2,7,2/21/2017,5/15/2017,83,3.920553,0.394983, , , ,,3.920553,0.394983,White,NO_CODE,3.6807,0.394983,White,NO_CODE,3.6807,0.394983,White,NO_CODE,3.6807,0.394983,White,NO_CODE,3.856945,0.394983,White,NO_CODE,,,,,,,,,,,,,,,,,,,,,,,,,,,,,,,,,,,,,,,,,,,,,,,,,,,,,,,,,,,,,,,,,,,,,,,,,,,,,,,,,,,,,,,,,,,,,,,,,,,,,,,,,,,,
3,21,2,3,8,3/7/2017,5/30/2017,84,3.682844,0.492529, , , ,, , , ,,3.682844,0.429965,White,NO_CODE,3.682844,0.429965,White,NO_CODE,3.682844,0.492529,White,NO_CODE,3.682844,0.492529,White,NO_CODE,3.682844,0.492529,White,NO_CODE,,,,,,,,,,,,,,,,,,,,,,,,,,,,,,,,,,,,,,,,,,,,,,,,,,,,,,,,,,,,,,,,,,,,,,,,,,,,,,,,,,,,,,,,,,,,,,,,,,,,,,,,
3,25,1,1,17,2/6/2017,11/14/2017,281,6.171464,0.371451,6.171464,0.24024,White,NO_CODE,6.171464,0.24024,White,NO_CODE,6.171464,0.24024,White,NO_CODE,6.171464,0.24024,White,NO_CODE,6.171464,0.24024,White,NO_CODE,6.171464,0.24024,White,NO_CODE,6.171464,0.24024,White,NO_CODE,6.171464,0.24024,White,NO_CODE,6.171464,0.24024,White,NO_CODE,6.171464,0.24024,White,NO_CODE,6.171464,0.24024,White,NO_CODE,6.171464,0.24024,White,NO_CODE,6.171464,0.24024,White,NO_CODE,6.171464,0.24024,White,NO_CODE,6.171464,0.24024,White,NO_CODE,6.171464,0.371451,White,NO_CODE,,,,,,,,,,,,,,,,,,,,,,,,,,,,,,,,,,,,,,,,,,,,,,,,,,,,,,,,,,,,,,,,,,,,
3,26,1,1,18,2/6/2017,11/29/2017,296,7.391246,0.24211,7.32399,0.24211,White,NO_CODE,7.32399,0.24211,White,NO_CODE,7.32399,0.24211,White,NO_CODE,7.32399,0.24211,White,NO_CODE,7.391246,0.24211,White,NO_CODE,7.391246,0.24211,White,NO_CODE,7.391246,0.24211,White,NO_CODE,7.391246,0.24211,White,NO_CODE,7.391246,0.24211,White,NO_CODE,7.391246,0.24211,White,NO_CODE,7.391246,0.24211,White,NO_CODE,7.391246,0.24211,White,NO_CODE,7.391246,0.24211,White,NO_CODE,7.391246,0.24211,White,NO_CODE,7.391246,0.24211,White,NO_CODE,7.391246,0.24211,White,NO_CODE,7.391246,0.24211,White,NO_CODE,,,,,,,,,,,,,,,,,,,,,,,,,,,,,,,,,,,,,,,,,,,,,,,,,,,,,,,,,,,,,,,,
3,27,1,1,3,2/6/2017,3/7/2017,29,1.666667,0.212344,1.472697,0.212344,White,NO_CODE,1.666667,0.212344,White,NO_CODE,,,,,,,,,,,,,,,,,,,,,,,,,,,,,,,,,,,,,,,,,,,,,,,,,,,,,,,,,,,,,,,,,,,,,,,,,,,,,,,,,,,,,,,,,,,,,,,,,,,,,,,,,,,,,,,,,,,,,,,,,,,,
3,28,2,1,-,2/6/2017,-,457,5.707624,0.362854,4.894256,0.362854,White,NO_CODE,4.894256,0.362854,White,NO_CODE,3.917126,0.362854,White,NO_CODE,4.89348,0.362854,White,NO_CODE,5.328482,0.362854,White,NO_CODE,5.328482,0.362854,White,NO_CODE,5.328482,0.362854,White,NO_CODE,5.328482,0.362854,White,NO_CODE,5.328482,0.362854,White,NO_CODE,5.328482,0.362854,White,NO_CODE,5.328482,0.362854,White,NO_CODE,5.328482,0.362854,White,NO_CODE,5.328482,0.362854,White,NO_CODE,5.328482,0.362854,White,NO_CODE,5.328482,0.362854,White,NO_CODE,5.328482,0.362854,White,NO_CODE,5.328482,0.362854,White,NO_CODE,5.328482,0.362854,White,NO_CODE,5.328482,0.362854,White,NO_CODE,5.328482,0.362854,White,NO_CODE,5.707624,0.362854,White,NO_CODE,5.707624,0.362854,White,NO_CODE,5.707624,0.362854,White,NO_CODE,5.707624,0.362854,White,NO_CODE,5.707624,0.362854,White,NO_CODE,5.707624,0.362854,White,NO_CODE,5.707624,0.362854,White,NO_CODE,5.707624,0.362854,White,NO_CODE,5.707624,0.362854,White,NO_CODE,,,,,,,,,,,,,,,,
3,31,1,1,11,2/6/2017,7/18/2017,162,9.290836,0.510511,8.125725,0.510511,White,NO_CODE,9.290836,0.510511,White,NO_CODE,9.290836,0.510511,White,NO_CODE,9.290836,0.510511,White,NO_CODE,9.290836,0.510511,White,NO_CODE,9.290836,0.510511,White,NO_CODE,9.290836,0.510511,White,NO_CODE,9.290836,0.510511,White,NO_CODE,9.290836,0.510511,White,NO_CODE,9.290836,0.510511,White,NO_CODE,,,,,,,,,,,,,,,,,,,,,,,,,,,,,,,,,,,,,,,,,,,,,,,,,,,,,,,,,,,,,,,,,,,,,,,,,,,,,,,,,,,,,,,,,,,,
3,34,1,7,21,5/15/2017,1/10/2018,240,6.887811,0.33033, , , ,, , , ,, , , ,, , , ,, , , ,, , , ,,5.314295,0.254813,White,NO_CODE,6.887811,0.33033,White,NO_CODE,6.887811,0.33033,White,NO_CODE,6.887811,0.33033,White,NO_CODE,6.887811,0.33033,White,NO_CODE,6.887811,0.33033,White,NO_CODE,6.887811,0.33033,White,NO_CODE,6.887811,0.33033,White,NO_CODE,6.887811,0.33033,White,NO_CODE,6.887811,0.33033,White,NO_CODE,6.887811,0.33033,White,NO_CODE,6.887811,0.33033,White,NO_CODE,6.887811,0.33033,White,NO_CODE,6.887811,0.33033,White,NO_CODE,,,,,,,,,,,,,,,,,,,,,,,,,,,,,,,,,,,,,,,,,,,,,,,,,,,,
3,18,1,7,13,5/15/2017,8/18/2017,95,2.761008,0.553726, , , ,, , , ,, , , ,, , , ,, , , ,, , , ,,1.673619,0.553726,White,NO_CODE,2.761008,0.553726,White,NO_CODE,2.761008,0.553726,White,NO_CODE,2.761008,0.553726,White,NO_CODE,2.761008,0.553726,White,NO_CODE,2.761008,0.553726,White,NO_CODE,,,,,,,,,,,,,,,,,,,,,,,,,,,,,,,,,,,,,,,,,,,,,,,,,,,,,,,,,,,,,,,,,,,,,,,,,,,,,,,,,,,,
3,28,3,8,11,5/30/2017,7/18/2017,49,2.421564,0.379853, , , ,, , , ,, , , ,, , , ,, , , ,, , , ,, , , ,,2.421564,0.379853,White,NO_CODE,2.421564,0.379853,White,NO_CODE,2.421564,0.379853,White,NO_CODE,,,,,,,,,,,,,,,,,,,,,,,,,,,,,,,,,,,,,,,,,,,,,,,,,,,,,,,,,,,,,,,,,,,,,,,,,,,,,,,,,,,,,,,,,,,,
3,34,2,8,17,5/30/2017,11/14/2017,168,2.312507,0.301798, , , ,, , , ,, , , ,, , , ,, , , ,, , , ,, , , ,,2.312507,0.301798,White,NO_CODE,2.312507,0.301798,White,NO_CODE,2.312507,0.301798,White,NO_CODE,2.312507,0.301798,White,NO_CODE,2.312507,0.301798,White,NO_CODE,2.312507,0.301798,White,NO_CODE,2.312507,0.301798,White,NO_CODE,2.312507,0.301798,White,NO_CODE,2.312507,0.301798,White,NO_CODE,,,,,,,,,,,,,,,,,,,,,,,,,,,,,,,,,,,,,,,,,,,,,,,,,,,,,,,,,,,,,,,,,,,,
3,37,1,5,8,3/28/2017,5/30/2017,63,8.010391,0.21021, , , ,, , , ,, , , ,, , , ,,4.42566,0.21021,White,NO_CODE,4.42566,0.21021,White,NO_CODE,8.010391,0.21021,White,NO_CODE,,,,,,,,,,,,,,,,,,,,,,,,,,,,,,,,,,,,,,,,,,,,,,,,,,,,,,,,,,,,,,,,,,,,,,,,,,,,,,,,,,,,,,,,,,,,,,,,,,,,,,,,
3,39,1,10,-,7/3/2017,-,366,5.831241,1.662536, , , ,, , , ,, , , ,, , , ,, , , ,, , , ,, , , ,, , , ,, , , ,,5.639353,1.446438,White,NO_CODE,5.831241,1.662536,White,NO_CODE,5.831241,1.662536,White,NO_CODE,5.831241,1.662536,White,NO_CODE,5.831241,1.662536,White,NO_CODE,5.831241,1.662536,White,NO_CODE,5.831241,1.662536,White,NO_CODE,5.831241,1.662536,White,NO_CODE,5.831241,1.662536,White,NO_CODE,5.831241,1.662536,White,NO_CODE,5.831241,1.662536,White,NO_CODE,5.831241,1.662536,White,NO_CODE,5.831241,1.662536,White,NO_CODE,5.831241,1.662536,White,NO_CODE,5.831241,1.662536,White,NO_CODE,5.831241,1.662536,White,NO_CODE,5.831241,1.662536,White,NO_CODE,5.831241,1.662536,White,NO_CODE,5.831241,1.662536,White,NO_CODE,5.831241,1.662536,White,NO_CODE,5.831241,1.662536,White,NO_CODE,5.831241,1.662536,White,NO_CODE,5.831241,1.662536,White,NO_CODE,5.831241,1.662536,White,NO_CODE
3,40,1,10,-,7/3/2017,-,366,7.277002,1.538874, , , ,, , , ,, , , ,, , , ,, , , ,, , , ,, , , ,, , , ,, , , ,,7.277002,1.538874,White,NO_CODE,7.277002,1.538874,White,NO_CODE,7.277002,1.538874,White,NO_CODE,7.277002,1.538874,White,NO_CODE,7.277002,1.538874,White,NO_CODE,7.277002,1.538874,White,NO_CODE,7.277002,1.538874,White,NO_CODE,7.277002,1.538874,White,NO_CODE,7.277002,1.538874,White,NO_CODE,7.277002,1.538874,White,NO_CODE,7.277002,1.538874,White,NO_CODE,7.277002,1.538874,White,NO_CODE,7.277002,1.538874,White,NO_CODE,7.277002,1.538874,White,NO_CODE,7.277002,1.538874,White,NO_CODE,7.277002,1.538874,White,NO_CODE,7.277002,1.538874,White,NO_CODE,7.277002,1.538874,White,NO_CODE,7.277002,1.538874,White,NO_CODE,7.277002,1.538874,White,NO_CODE,7.277002,1.538874,White,NO_CODE,7.277002,1.538874,White,NO_CODE,7.277002,1.538874,White,NO_CODE,7.277002,1.538874,White,NO_CODE
3,41,1,10,-,7/3/2017,-,366,7.233,1.388544, , , ,, , , ,, , , ,, , , ,, , , ,, , , ,, , , ,, , , ,, , , ,,7.233,1.388544,White,NO_CODE,7.233,1.388544,White,NO_CODE,7.233,1.388544,White,NO_CODE,7.233,1.388544,White,NO_CODE,7.233,1.388544,White,NO_CODE,7.233,1.388544,White,NO_CODE,7.233,1.388544,White,NO_CODE,7.233,1.388544,White,NO_CODE,7.233,1.388544,White,NO_CODE,7.233,1.388544,White,NO_CODE,7.233,1.388544,White,NO_CODE,7.233,1.388544,White,NO_CODE,7.233,1.388544,White,NO_CODE,7.233,1.388544,White,NO_CODE,7.233,1.388544,White,NO_CODE,7.233,1.388544,White,NO_CODE,7.233,1.388544,White,NO_CODE,7.233,1.388544,White,NO_CODE,7.233,1.388544,White,NO_CODE,7.233,1.388544,White,NO_CODE,7.233,1.388544,White,NO_CODE,7.233,1.388544,White,NO_CODE,7.233,1.388544,White,NO_CODE,7.233,1.388544,White,NO_CODE
3,17,4,6,14,4/28/2017,8/31/2017,125,1.111111,0.39039, , , ,, , , ,, , , ,, , , ,, , , ,,1.111111,0.39039,White,NO_CODE,1.111111,0.39039,White,NO_CODE,1.111111,0.39039,White,NO_CODE,1.111111,0.39039,White,NO_CODE,1.111111,0.39039,White,NO_CODE,1.111111,0.39039,White,NO_CODE,1.111111,0.39039,White,NO_CODE,1.111111,0.39039,White,NO_CODE,,,,,,,,,,,,,,,,,,,,,,,,,,,,,,,,,,,,,,,,,,,,,,,,,,,,,,,,,,,,,,,,,,,,,,,,,,,,,,,,
3,191,1,12,-,7/31/2017,-,0,2.06286,0.189927, , , ,, , , ,, , , ,, , , ,, , , ,, , , ,, , , ,, , , ,, , , ,, , , ,, , , ,,2.06286,0.189927,White,NO_CODE,,,,,,,,,,,,,,,,,,,,,,,,,,,,,,,,,,,,,,,,,,,,,,,,,,,,,,,,,,,,,,,,,,,,,,,,,,,,,,,,,,,,
3,191,2,12,-,7/31/2017,-,0,1.741867,0.161717, , , ,, , , ,, , , ,, , , ,, , , ,, , , ,, , , ,, , , ,, , , ,, , , ,, , , ,,1.741867,0.161717,White,NO_CODE,,,,,,,,,,,,,,,,,,,,,,,,,,,,,,,,,,,,,,,,,,,,,,,,,,,,,,,,,,,,,,,,,,,,,,,,,,,,,,,,,,,,
3,191,3,12,-,7/31/2017,-,0,3.281159,0.189927, , , ,, , , ,, , , ,, , , ,, , , ,, , , ,, , , ,, , , ,, , , ,, , , ,, , , ,,3.281159,0.189927,White,NO_CODE,,,,,,,,,,,,,,,,,,,,,,,,,,,,,,,,,,,,,,,,,,,,,,,,,,,,,,,,,,,,,,,,,,,,,,,,,,,,,,,,,,,,
3,17,5,12,14,7/31/2017,8/31/2017,31,2.699477,0.513153, , , ,, , , ,, , , ,, , , ,, , , ,, , , ,, , , ,, , , ,, , , ,, , , ,, , , ,,2.699477,0.513153,White,NO_CODE,2.699477,0.513153,White,NO_CODE,,,,,,,,,,,,,,,,,,,,,,,,,,,,,,,,,,,,,,,,,,,,,,,,,,,,,,,,,,,,,,,,,,,,,,,,,,,,,,,,
3,22,1,15,20,9/9/2017,12/27/2017,109,2.793156,0.83654, , , ,, , , ,, , , ,, , , ,, , , ,, , , ,, , , ,, , , ,, , , ,, , , ,, , , ,, , , ,, , , ,, , , ,,2.166849,0.83654,White,NO_CODE,2.612613,0.83654,White,NO_CODE,2.612613,0.83654,White,NO_CODE,2.793156,0.83654,White,NO_CODE,2.793156,0.83654,White,NO_CODE,,,,,,,,,,,,,,,,,,,,,,,,,,,,,,,,,,,,,,,,,,,,,,,,,,,,,,,,
3,24,1,15,-,9/9/2017,-,298,10.153097,0.361609, , , ,, , , ,, , , ,, , , ,, , , ,, , , ,, , , ,, , , ,, , , ,, , , ,, , , ,, , , ,, , , ,, , , ,,7.550695,0.201448,White,NO_CODE,10.153097,0.201448,White,NO_CODE,10.153097,0.201448,White,NO_CODE,10.153097,0.361609,White,NO_CODE,10.153097,0.361609,White,NO_CODE,10.153097,0.361609,White,NO_CODE,10.153097,0.361609,White,NO_CODE,10.153097,0.361609,White,NO_CODE,10.153097,0.361609,White,NO_CODE,10.153097,0.361609,White,NO_CODE,10.153097,0.361609,White,NO_CODE,10.153097,0.361609,White,NO_CODE,10.153097,0.361609,White,NO_CODE,10.153097,0.361609,White,NO_CODE,10.147462,0.361609,White,NO_CODE,10.147462,0.361609,White,NO_CODE,10.147462,0.361609,White,NO_CODE,10.147462,0.361609,White,NO_CODE,10.147462,0.361609,White,NO_CODE
3,26,2,15,-,9/9/2017,-,298,9.371611,0.234542, , , ,, , , ,, , , ,, , , ,, , , ,, , , ,, , , ,, , , ,, , , ,, , , ,, , , ,, , , ,, , , ,, , , ,,6.99432,0.234542,White,NO_CODE,6.99432,0.234542,White,NO_CODE,6.99432,0.234542,White,NO_CODE,6.99432,0.234542,White,NO_CODE,6.99432,0.234542,White,NO_CODE,6.99432,0.234542,White,NO_CODE,8.582776,0.234542,White,NO_CODE,8.582776,0.234542,White,NO_CODE,8.582776,0.234542,White,NO_CODE,8.582776,0.234542,White,NO_CODE,8.582776,0.234542,White,NO_CODE,8.582776,0.234542,White,NO_CODE,8.582776,0.234542,White,NO_CODE,8.582776,0.234542,White,NO_CODE,8.582776,0.234542,White,NO_CODE,8.582776,0.234542,White,NO_CODE,9.134509,0.234542,White,NO_CODE,9.134509,0.234542,White,NO_CODE,9.371611,0.234542,White,NO_CODE
3,26,3,15,32,9/9/2017,6/21/2018,285,3.260866,0.276863, , , ,, , , ,, , , ,, , , ,, , , ,, , , ,, , , ,, , , ,, , , ,, , , ,, , , ,, , , ,, , , ,, , , ,,3.200243,0.276863,White,NO_CODE,3.200243,0.276863,White,NO_CODE,3.200243,0.276863,White,NO_CODE,3.200243,0.276863,White,NO_CODE,3.200243,0.276863,White,NO_CODE,3.200243,0.276863,White,NO_CODE,3.200243,0.276863,White,NO_CODE,3.200243,0.276863,White,NO_CODE,3.200243,0.276863,White,NO_CODE,3.200243,0.276863,White,NO_CODE,3.200243,0.276863,White,NO_CODE,3.200243,0.276863,White,NO_CODE,3.200243,0.276863,White,NO_CODE,3.200243,0.276863,White,NO_CODE,3.260866,0.276863,White,NO_CODE,3.260866,0.276863,White,NO_CODE,3.260866,0.276863,White,NO_CODE,,,,,,,,
3,28,4,12,20,7/31/2017,12/27/2017,149,2.534311,0.18018, , , ,, , , ,, , , ,, , , ,, , , ,, , , ,, , , ,, , , ,, , , ,, , , ,, , , ,,2.534311,0.18018,White,NO_CODE,2.534311,0.18018,White,NO_CODE,2.534311,0.18018,White,NO_CODE,2.534311,0.18018,White,NO_CODE,2.534311,0.18018,White,NO_CODE,2.534311,0.18018,White,NO_CODE,2.534311,0.18018,White,NO_CODE,2.534311,0.18018,White,NO_CODE,,,,,,,,,,,,,,,,,,,,,,,,,,,,,,,,,,,,,,,,,,,,,,,,,,,,,,,,
3,20,1,16,17,9/24/2017,11/14/2017,51,5.818124,0.38222, , , ,, , , ,, , , ,, , , ,, , , ,, , , ,, , , ,, , , ,, , , ,, , , ,, , , ,, , , ,, , , ,, , , ,, , , ,,5.818124,0.38222,White,NO_CODE,,,,,,,,,,,,,,,,,,,,,,,,,,,,,,,,,,,,,,,,,,,,,,,,,,,,,,,,,,,,,,,,,,,,
3,17,6,17,25,11/14/2017,3/4/2018,110,2.256253,0.65861, , , ,, , , ,, , , ,, , , ,, , , ,, , , ,, , , ,, , , ,, , , ,, , , ,, , , ,, , , ,, , , ,, , , ,, , , ,, , , ,,2.256253,0.65861,White,NO_CODE,2.256253,0.65861,White,NO_CODE,2.256253,0.65861,White,NO_CODE,2.256253,0.65861,White,NO_CODE,2.256253,0.65861,White,NO_CODE,2.256253,0.65861,White,NO_CODE,2.256253,0.65861,White,NO_CODE,2.256253,0.65861,White,NO_CODE,,,,,,,,,,,,,,,,,,,,,,,,,,,,,,,,,,,,
3,26,4,18,27,11/29/2017,4/11/2018,133,1.953395,0.350207, , , ,, , , ,, , , ,, , , ,, , , ,, , , ,, , , ,, , , ,, , , ,, , , ,, , , ,, , , ,, , , ,, , , ,, , , ,, , , ,, , , ,,1.953395,0.350207,White,NO_CODE,1.953395,0.350207,White,NO_CODE,1.953395,0.350207,White,NO_CODE,1.953395,0.350207,White,NO_CODE,1.953395,0.350207,White,NO_CODE,1.953395,0.350207,White,NO_CODE,1.953395,0.350207,White,NO_CODE,1.953395,0.350207,White,NO_CODE,1.953395,0.350207,White,NO_CODE,,,,,,,,,,,,,,,,,,,,,,,,,,,,
3,27,2,18,20,11/29/2017,12/27/2017,28,3.018616,0.433099, , , ,, , , ,, , , ,, , , ,, , , ,, , , ,, , , ,, , , ,, , , ,, , , ,, , , ,, , , ,, , , ,, , , ,, , , ,, , , ,, , , ,,3.018616,0.433099,White,NO_CODE,3.018616,0.433099,White,NO_CODE,,,,,,,,,,,,,,,,,,,,,,,,,,,,,,,,,,,,,,,,,,,,,,,,,,,,,,,,
3,28,5,30,31,5/23/2018,6/6/2018,14,5.026623,0.45045, , , ,, , , ,, , , ,, , , ,, , , ,, , , ,, , , ,, , , ,, , , ,, , , ,, , , ,, , , ,, , , ,, , , ,, , , ,, , , ,, , , ,, , , ,, , , ,, , , ,, , , ,, , , ,, , , ,, , , ,, , , ,, , , ,, , , ,, , , ,, , , ,,,,,,,,,,,,,,,,,
3,29,2,16,28,9/24/2017,4/25/2018,213,6.612894,0.153124, , , ,, , , ,, , , ,, , , ,, , , ,, , , ,, , , ,, , , ,, , , ,, , , ,, , , ,, , , ,, , , ,, , , ,, , , ,,4.280498,0.153124,White,NO_CODE,6.296015,0.153124,White,NO_CODE,6.296015,0.153124,White,NO_CODE,6.296015,0.153124,White,NO_CODE,6.296015,0.153124,White,NO_CODE,6.296015,0.153124,White,NO_CODE,6.296015,0.153124,White,NO_CODE,6.296015,0.153124,White,NO_CODE,6.296015,0.153124,White,NO_CODE,6.296015,0.153124,White,NO_CODE,6.612894,0.153124,White,NO_CODE,6.612894,0.153124,White,NO_CODE,,,,,,,,,,,,,,,,,,,,,,,,
3,29,3,19,28,12/12/2017,4/25/2018,134,5.359718,0.637033, , , ,, , , ,, , , ,, , , ,, , , ,, , , ,, , , ,, , , ,, , , ,, , , ,, , , ,, , , ,, , , ,, , , ,, , , ,, , , ,, , , ,, , , ,,5.359718,0.637033,White,NO_CODE,5.359718,0.637033,White,NO_CODE,5.359718,0.637033,White,NO_CODE,5.359718,0.637033,White,NO_CODE,5.359718,0.637033,White,NO_CODE,5.359718,0.637033,White,NO_CODE,5.359718,0.637033,White,NO_CODE,5.359718,0.637033,White,NO_CODE,5.359718,0.637033,White,NO_CODE,,,,,,,,,,,,,,,,,,,,,,,,
3,30,1,19,-,12/12/2017,-,204,5.432477,0.524452, , , ,, , , ,, , , ,, , , ,, , , ,, , , ,, , , ,, , , ,, , , ,, , , ,, , , ,, , , ,, , , ,, , , ,, , , ,, , , ,, , , ,, , , ,,5.432477,0.524452,White,NO_CODE,5.432477,0.524452,White,NO_CODE,5.432477,0.524452,White,NO_CODE,5.432477,0.524452,White,NO_CODE,5.432477,0.524452,White,NO_CODE,5.432477,0.524452,White,NO_CODE,5.432477,0.524452,White,NO_CODE,5.432477,0.524452,White,NO_CODE,5.432477,0.524452,White,NO_CODE,5.432477,0.524452,White,NO_CODE,5.432477,0.524452,White,NO_CODE,5.432477,0.524452,White,NO_CODE,5.432477,0.524452,White,NO_CODE,5.432477,0.524452,White,NO_CODE,5.432477,0.524452,White,NO_CODE
3,17,7,19,25,12/12/2017,3/4/2018,82,4.148605,0.417191, , , ,, , , ,, , , ,, , , ,, , , ,, , , ,, , , ,, , , ,, , , ,, , , ,, , , ,, , , ,, , , ,, , , ,, , , ,, , , ,, , , ,, , , ,,4.148605,0.417191,White,NO_CODE,4.148605,0.417191,White,NO_CODE,4.148605,0.417191,White,NO_CODE,4.148605,0.417191,White,NO_CODE,4.148605,0.417191,White,NO_CODE,4.148605,0.417191,White,NO_CODE,,,,,,,,,,,,,,,,,,,,,,,,,,,,,,,,,,,,
3,17,8,20,-,12/27/2017,-,203,2.353001,0.691343, , , ,, , , ,, , , ,, , , ,, , , ,, , , ,, , , ,, , , ,, , , ,, , , ,, , , ,, , , ,, , , ,, , , ,, , , ,, , , ,, , , ,, , , ,, , , ,,2.353001,0.691343,White,NO_CODE,2.353001,0.691343,White,NO_CODE,2.353001,0.691343,White,NO_CODE,2.353001,0.691343,White,NO_CODE,2.353001,0.691343,White,NO_CODE,2.353001,0.691343,White,NO_CODE,2.353001,0.691343,White,NO_CODE,2.353001,0.691343,White,NO_CODE,2.353001,0.691343,White,NO_CODE,2.353001,0.691343,White,NO_CODE,2.353001,0.691343,White,NO_CODE,2.353001,0.691343,White,NO_CODE,2.353001,0.691343,White,NO_CODE,2.353001,0.691343,White,NO_CODE
3,18,2,21,-,1/10/2018,-,175,9.56669,0.39039, , , ,, , , ,, , , ,, , , ,, , , ,, , , ,, , , ,, , , ,, , , ,, , , ,, , , ,, , , ,, , , ,, , , ,, , , ,, , , ,, , , ,, , , ,, , , ,, , , ,,9.56669,0.39039,White,NO_CODE,9.56669,0.39039,White,NO_CODE,9.56669,0.39039,White,NO_CODE,9.56669,0.39039,White,NO_CODE,9.56669,0.39039,White,NO_CODE,9.56669,0.39039,White,NO_CODE,9.56669,0.39039,White,NO_CODE,9.56669,0.39039,White,NO_CODE,9.56669,0.39039,White,NO_CODE,9.56669,0.39039,White,NO_CODE,9.56669,0.39039,White,NO_CODE,9.56669,0.39039,White,NO_CODE,9.56669,0.39039,White,NO_CODE
3,22,2,22,32,1/25/2018,6/21/2018,147,6.643975,0.153124, , , ,, , , ,, , , ,, , , ,, , , ,, , , ,, , , ,, , , ,, , , ,, , , ,, , , ,, , , ,, , , ,, , , ,, , , ,, , , ,, , , ,, , , ,, , , ,, , , ,, , , ,,6.643975,0.153124,White,NO_CODE,6.643975,0.153124,White,NO_CODE,6.643975,0.153124,White,NO_CODE,6.643975,0.153124,White,NO_CODE,6.643975,0.153124,White,NO_CODE,6.643975,0.153124,White,NO_CODE,6.643975,0.153124,White,NO_CODE,6.643975,0.153124,White,NO_CODE,6.643975,0.153124,White,NO_CODE,6.643975,0.153124,White,NO_CODE,,,,,,,,
3,23,1,18,30,11/29/2017,5/23/2018,175,2.29636,0.68479, , , ,, , , ,, , , ,, , , ,, , , ,, , , ,, , , ,, , , ,, , , ,, , , ,, , , ,, , , ,, , , ,, , , ,, , , ,, , , ,, , , ,,2.29636,0.68479,White,NO_CODE,2.29636,0.68479,White,NO_CODE,2.29636,0.68479,White,NO_CODE,2.29636,0.68479,White,NO_CODE,2.29636,0.68479,White,NO_CODE,2.29636,0.68479,White,NO_CODE,2.29636,0.68479,White,NO_CODE,2.29636,0.68479,White,NO_CODE,2.29636,0.68479,White,NO_CODE,2.29636,0.68479,White,NO_CODE,2.29636,0.68479,White,NO_CODE,2.29636,0.68479,White,NO_CODE,,,,,,,,,,,,,,,,
3,24,2,22,27,1/25/2018,4/11/2018,76,1.957701,0.123817, , , ,, , , ,, , , ,, , , ,, , , ,, , , ,, , , ,, , , ,, , , ,, , , ,, , , ,, , , ,, , , ,, , , ,, , , ,, , , ,, , , ,, , , ,, , , ,, , , ,, , , ,,1.957701,0.123817,White,NO_CODE,1.957701,0.123817,White,NO_CODE,1.957701,0.123817,White,NO_CODE,1.957701,0.123817,White,NO_CODE,1.957701,0.123817,White,NO_CODE,,,,,,,,,,,,,,,,,,,,,,,,,,,,
3,24,3,22,-,1/25/2018,-,160,2.248882,0.108275, , , ,, , , ,, , , ,, , , ,, , , ,, , , ,, , , ,, , , ,, , , ,, , , ,, , , ,, , , ,, , , ,, , , ,, , , ,, , , ,, , , ,, , , ,, , , ,, , , ,, , , ,,1.968886,0.09009,White,NO_CODE,1.968886,0.09009,White,NO_CODE,1.968886,0.09009,White,NO_CODE,1.968886,0.09009,White,NO_CODE,1.968886,0.09009,White,NO_CODE,1.968886,0.09009,White,NO_CODE,1.968886,0.09009,White,NO_CODE,2.248882,0.108275,White,NO_CODE,2.248882,0.108275,White,NO_CODE,2.248882,0.108275,White,NO_CODE,2.248882,0.108275,White,NO_CODE,2.248882,0.108275,White,NO_CODE
3,25,2,22,-,1/25/2018,-,160,4.767244,0.12012, , , ,, , , ,, , , ,, , , ,, , , ,, , , ,, , , ,, , , ,, , , ,, , , ,, , , ,, , , ,, , , ,, , , ,, , , ,, , , ,, , , ,, , , ,, , , ,, , , ,, , , ,,2.550973,0.12012,White,NO_CODE,2.550973,0.12012,White,NO_CODE,2.550973,0.12012,White,NO_CODE,4.767244,0.12012,White,NO_CODE,4.767244,0.12012,White,NO_CODE,4.767244,0.12012,White,NO_CODE,4.767244,0.12012,White,NO_CODE,4.767244,0.12012,White,NO_CODE,4.767244,0.12012,White,NO_CODE,4.767244,0.12012,White,NO_CODE,4.767244,0.12012,White,NO_CODE,4.767244,0.12012,White,NO_CODE
3,25,3,22,25,1/25/2018,3/4/2018,38,1.785196,0.134298, , , ,, , , ,, , , ,, , , ,, , , ,, , , ,, , , ,, , , ,, , , ,, , , ,, , , ,, , , ,, , , ,, , , ,, , , ,, , , ,, , , ,, , , ,, , , ,, , , ,, , , ,,1.785196,0.134298,White,NO_CODE,1.785196,0.134298,White,NO_CODE,1.785196,0.134298,White,NO_CODE,,,,,,,,,,,,,,,,,,,,,,,,,,,,,,,,,,,,
3,26,6,21,31,1/10/2018,6/6/2018,147,6.069812,0.189927, , , ,, , , ,, , , ,, , , ,, , , ,, , , ,, , , ,, , , ,, , , ,, , , ,, , , ,, , , ,, , , ,, , , ,, , , ,, , , ,, , , ,, , , ,, , , ,, , , ,,5.023292,0.189927,White,NO_CODE,5.023292,0.189927,White,NO_CODE,5.023292,0.189927,White,NO_CODE,5.023292,0.189927,White,NO_CODE,6.069812,0.189927,White,NO_CODE,4.573567,0.189927,White,NO_CODE,4.807862,0.189927,White,NO_CODE,5.33881,0.189927,White,NO_CODE,4.860427,0.189927,White,NO_CODE,4.860427,0.189927,White,NO_CODE,,,,,,,,,,,,
3,26,7,22,-,1/25/2018,-,160,1.157715,0.123817, , , ,, , , ,, , , ,, , , ,, , , ,, , , ,, , , ,, , , ,, , , ,, , , ,, , , ,, , , ,, , , ,, , , ,, , , ,, , , ,, , , ,, , , ,, , , ,, , , ,, , , ,,1.157715,0.123817,White,NO_CODE,1.157715,0.123817,White,NO_CODE,1.157715,0.123817,White,NO_CODE,1.157715,0.123817,White,NO_CODE,1.157715,0.123817,White,NO_CODE,1.157715,0.123817,White,NO_CODE,1.157715,0.123817,White,NO_CODE,1.157715,0.123817,White,NO_CODE,1.157715,0.123817,White,NO_CODE,1.157715,0.123817,White,NO_CODE,1.157715,0.123817,White,NO_CODE,1.157715,0.123817,White,NO_CODE
3,28,6,30,31,5/23/2018,6/6/2018,14,4.674139,0.134298, , , ,, , , ,, , , ,, , , ,, , , ,, , , ,, , , ,, , , ,, , , ,, , , ,, , , ,, , , ,, , , ,, , , ,, , , ,, , , ,, , , ,, , , ,, , , ,, , , ,, , , ,, , , ,, , , ,, , , ,, , , ,, , , ,, , , ,, , , ,, , , ,,4.674139,0.134298,White,NO_CODE,,,,,,,,,,,,
3,28,7,30,31,5/23/2018,6/6/2018,14,2.077157,0.18018, , , ,, , , ,, , , ,, , , ,, , , ,, , , ,, , , ,, , , ,, , , ,, , , ,, , , ,, , , ,, , , ,, , , ,, , , ,, , , ,, , , ,, , , ,, , , ,, , , ,, , , ,, , , ,, , , ,, , , ,, , , ,, , , ,, , , ,, , , ,, , , ,,,,,,,,,,,,,,,,,
3,29,4,19,-,12/12/2017,-,204,4.200735,0.631345, , , ,, , , ,, , , ,, , , ,, , , ,, , , ,, , , ,, , , ,, , , ,, , , ,, , , ,, , , ,, , , ,, , , ,, , , ,, , , ,, , , ,, , , ,,3.368827,0.33033,White,NO_CODE,3.368827,0.33033,White,NO_CODE,3.368827,0.33033,White,NO_CODE,3.368827,0.33033,White,NO_CODE,3.368827,0.33033,White,NO_CODE,3.368827,0.33033,White,NO_CODE,3.368827,0.33033,White,NO_CODE,3.368827,0.33033,White,NO_CODE,3.714312,0.570571,White,NO_CODE,4.094925,0.543867,White,NO_CODE,4.118671,0.631345,White,NO_CODE,4.103577,0.524452,White,NO_CODE,3.857615,0.466191,White,NO_CODE,4.200735,0.510511,White,NO_CODE,3.736913,0.33033,White,NO_CODE
3,29,5,22,29,1/25/2018,5/9/2018,104,5.48086,0.123817, , , ,, , , ,, , , ,, , , ,, , , ,, , , ,, , , ,, , , ,, , , ,, , , ,, , , ,, , , ,, , , ,, , , ,, , , ,, , , ,, , , ,, , , ,, , , ,, , , ,, , , ,,3.794513,0.123817,White,NO_CODE,3.794513,0.123817,White,NO_CODE,5.48086,0.123817,White,NO_CODE,5.48086,0.123817,White,NO_CODE,5.48086,0.123817,White,NO_CODE,5.48086,0.123817,White,NO_CODE,5.48086,0.123817,White,NO_CODE,,,,,,,,,,,,,,,,,,,,
3,29,6,22,33,1/25/2018,7/4/2018,160,3.665999,0.12012, , , ,, , , ,, , , ,, , , ,, , , ,, , , ,, , , ,, , , ,, , , ,, , , ,, , , ,, , , ,, , , ,, , , ,, , , ,, , , ,, , , ,, , , ,, , , ,, , , ,, , , ,,2.812901,0.12012,White,NO_CODE,2.812901,0.12012,White,NO_CODE,2.812901,0.12012,White,NO_CODE,2.812901,0.12012,White,NO_CODE,2.812901,0.12012,White,NO_CODE,2.812901,0.12012,White,NO_CODE,2.812901,0.12012,White,NO_CODE,3.665999,0.12012,White,NO_CODE,3.665999,0.12012,White,NO_CODE,3.665999,0.12012,White,NO_CODE,3.665999,0.12012,White,NO_CODE,,,,
3,31,2,18,-,11/29/2017,-,217,4.637093,0.547997, , , ,, , , ,, , , ,, , , ,, , , ,, , , ,, , , ,, , , ,, , , ,, , , ,, , , ,, , , ,, , , ,, , , ,, , , ,, , , ,, , , ,,2.203967,0.331693,White,NO_CODE,2.443749,0.331693,White,NO_CODE,2.443749,0.331693,White,NO_CODE,3.766766,0.547997,White,NO_CODE,3.766766,0.547997,White,NO_CODE,3.766766,0.547997,White,NO_CODE,3.766766,0.547997,White,NO_CODE,4.637093,0.547997,White,NO_CODE,4.637093,0.547997,White,NO_CODE,4.637093,0.547997,White,NO_CODE,4.637093,0.547997,White,NO_CODE,4.637093,0.547997,White,NO_CODE,4.637093,0.547997,White,NO_CODE,4.637093,0.547997,White,NO_CODE,4.637093,0.547997,White,NO_CODE,4.637093,0.547997,White,NO_CODE
3,31,3,18,-,11/29/2017,-,217,2.263486,0.573723, , , ,, , , ,, , , ,, , , ,, , , ,, , , ,, , , ,, , , ,, , , ,, , , ,, , , ,, , , ,, , , ,, , , ,, , , ,, , , ,, , , ,,1.085244,0.376275,White,NO_CODE,1.085244,0.376275,White,NO_CODE,1.085244,0.376275,White,NO_CODE,1.085244,0.376275,White,NO_CODE,1.437055,0.376275,White,NO_CODE,1.437055,0.376275,White,NO_CODE,1.437055,0.376275,White,NO_CODE,1.437055,0.376275,White,NO_CODE,1.437055,0.376275,White,NO_CODE,1.594139,0.376275,White,NO_CODE,1.963238,0.573723,White,NO_CODE,1.963238,0.573723,White,NO_CODE,2.263486,0.573723,White,NO_CODE,2.263486,0.573723,White,NO_CODE,2.263486,0.573723,White,NO_CODE,2.263486,0.573723,White,NO_CODE
3,31,4,22,-,1/25/2018,-,160,2.210195,0.192286, , , ,, , , ,, , , ,, , , ,, , , ,, , , ,, , , ,, , , ,, , , ,, , , ,, , , ,, , , ,, , , ,, , , ,, , , ,, , , ,, , , ,, , , ,, , , ,, , , ,, , , ,,1.677063,0.192286,White,NO_CODE,1.677063,0.192286,White,NO_CODE,1.677063,0.192286,White,NO_CODE,1.677063,0.192286,White,NO_CODE,1.677063,0.192286,White,NO_CODE,1.677063,0.192286,White,NO_CODE,1.677063,0.192286,White,NO_CODE,1.677063,0.192286,White,NO_CODE,2.210195,0.192286,White,NO_CODE,2.210195,0.192286,White,NO_CODE,2.210195,0.192286,White,NO_CODE,2.210195,0.192286,White,NO_CODE
3,32,1,21,-,1/10/2018,-,175,5.277196,0.41827, , , ,, , , ,, , , ,, , , ,, , , ,, , , ,, , , ,, , , ,, , , ,, , , ,, , , ,, , , ,, , , ,, , , ,, , , ,, , , ,, , , ,, , , ,, , , ,, , , ,,1.082748,0.41827,White,NO_CODE,1.292077,0.41827,White,NO_CODE,1.292077,0.41827,White,NO_CODE,1.292077,0.41827,White,NO_CODE,2.612656,0.41827,White,NO_CODE,2.612656,0.41827,White,NO_CODE,2.612656,0.41827,White,NO_CODE,5.277196,0.41827,White,NO_CODE,5.277196,0.41827,White,NO_CODE,5.277196,0.41827,White,NO_CODE,5.277196,0.41827,White,NO_CODE,5.277196,0.41827,White,NO_CODE,5.277196,0.41827,White,NO_CODE
3,33,1,21,-,1/10/2018,-,175,7.333272,0.48048, , , ,, , , ,, , , ,, , , ,, , , ,, , , ,, , , ,, , , ,, , , ,, , , ,, , , ,, , , ,, , , ,, , , ,, , , ,, , , ,, , , ,, , , ,, , , ,, , , ,,4.826878,0.48048,White,NO_CODE,4.826878,0.48048,White,NO_CODE,5.831548,0.48048,White,NO_CODE,5.831548,0.48048,White,NO_CODE,7.243545,0.48048,White,NO_CODE,7.243545,0.48048,White,NO_CODE,7.333272,0.48048,White,NO_CODE,7.333272,0.48048,White,NO_CODE,7.333272,0.48048,White,NO_CODE,7.333272,0.48048,White,NO_CODE,7.333272,0.48048,White,NO_CODE,7.333272,0.48048,White,NO_CODE,7.333272,0.48048,White,NO_CODE
3,34,3,20,-,12/27/2017,-,189,7.053915,0.467158, , , ,, , , ,, , , ,, , , ,, , , ,, , , ,, , , ,, , , ,, , , ,, , , ,, , , ,, , , ,, , , ,, , , ,, , , ,, , , ,, , , ,, , , ,, , , ,,3.562522,0.467158,White,NO_CODE,6.074778,0.467158,White,NO_CODE,7.053915,0.467158,White,NO_CODE,7.053915,0.467158,White,NO_CODE,7.053915,0.467158,White,NO_CODE,7.053915,0.467158,White,NO_CODE,7.053915,0.467158,White,NO_CODE,7.053915,0.467158,White,NO_CODE,7.053915,0.467158,White,NO_CODE,7.053915,0.467158,White,NO_CODE,7.053915,0.467158,White,NO_CODE,7.053915,0.467158,White,NO_CODE,7.053915,0.467158,White,NO_CODE,7.053915,0.467158,White,NO_CODE
3,34,4,21,-,1/10/2018,-,175,1.423579,0.68479, , , ,, , , ,, , , ,, , , ,, , , ,, , , ,, , , ,, , , ,, , , ,, , , ,, , , ,, , , ,, , , ,, , , ,, , , ,, , , ,, , , ,, , , ,, , , ,, , , ,,1.423579,0.68479,White,NO_CODE,1.423579,0.68479,White,NO_CODE,1.423579,0.68479,White,NO_CODE,1.423579,0.68479,White,NO_CODE,1.423579,0.68479,White,NO_CODE,1.423579,0.68479,White,NO_CODE,1.423579,0.68479,White,NO_CODE,1.423579,0.68479,White,NO_CODE,1.423579,0.68479,White,NO_CODE,1.423579,0.68479,White,NO_CODE,1.423579,0.68479,White,NO_CODE,1.423579,0.68479,White,NO_CODE,1.423579,0.68479,White,NO_CODE
3,61,1,22,-,1/25/2018,-,160,6.823313,1.412689, , , ,, , , ,, , , ,, , , ,, , , ,, , , ,, , , ,, , , ,, , , ,, , , ,, , , ,, , , ,, , , ,, , , ,, , , ,, , , ,, , , ,, , , ,, , , ,, , , ,, , , ,,6.823313,1.412689,White,NO_CODE,6.823313,1.412689,White,NO_CODE,6.823313,1.412689,White,NO_CODE,6.823313,1.412689,White,NO_CODE,6.823313,1.412689,White,NO_CODE,6.823313,1.412689,White,NO_CODE,6.823313,1.412689,White,NO_CODE,6.823313,1.412689,White,NO_CODE,6.823313,1.412689,White,NO_CODE,6.823313,1.412689,White,NO_CODE,6.823313,1.412689,White,NO_CODE,6.823313,1.412689,White,NO_CODE
3,62,1,21,-,1/10/2018,-,175,7.653653,1.332873, , , ,, , , ,, , , ,, , , ,, , , ,, , , ,, , , ,, , , ,, , , ,, , , ,, , , ,, , , ,, , , ,, , , ,, , , ,, , , ,, , , ,, , , ,, , , ,, , , ,,5.946117,1.332873,White,NO_CODE,7.653653,1.332873,White,NO_CODE,7.653653,1.332873,White,NO_CODE,7.653653,1.332873,White,NO_CODE,7.653653,1.332873,White,NO_CODE,7.653653,1.332873,White,NO_CODE,7.653653,1.332873,White,NO_CODE,7.653653,1.332873,White,NO_CODE,7.653653,1.332873,White,NO_CODE,7.653653,1.332873,White,NO_CODE,7.653653,1.332873,White,NO_CODE,7.653653,1.332873,White,NO_CODE,7.653653,1.332873,White,NO_CODE
3,63,1,21,-,1/10/2018,-,175,7.412142,1.202702, , , ,, , , ,, , , ,, , , ,, , , ,, , , ,, , , ,, , , ,, , , ,, , , ,, , , ,, , , ,, , , ,, , , ,, , , ,, , , ,, , , ,, , , ,, , , ,, , , ,,3.54828,0.792816,White,NO_CODE,7.412142,0.792816,White,NO_CODE,7.412142,1.202702,White,NO_CODE,7.412142,1.202702,White,NO_CODE,7.412142,1.202702,White,NO_CODE,7.412142,1.202702,White,NO_CODE,7.412142,1.202702,White,NO_CODE,7.412142,1.202702,White,NO_CODE,7.412142,1.202702,White,NO_CODE,7.412142,1.202702,White,NO_CODE,7.412142,1.202702,White,NO_CODE,7.412142,1.202702,White,NO_CODE,7.412142,1.202702,White,NO_CODE
3,64,1,20,31,12/27/2017,6/6/2018,161,3.811951,0.457404, , , ,, , , ,, , , ,, , , ,, , , ,, , , ,, , , ,, , , ,, , , ,, , , ,, , , ,, , , ,, , , ,, , , ,, , , ,, , , ,, , , ,, , , ,, , , ,,3.811951,0.457404,White,NO_CODE,3.811951,0.457404,White,NO_CODE,3.811951,0.457404,White,NO_CODE,3.811951,0.457404,White,NO_CODE,3.811951,0.457404,White,NO_CODE,3.811951,0.457404,White,NO_CODE,3.811951,0.457404,White,NO_CODE,3.811951,0.457404,White,NO_CODE,3.811951,0.457404,White,NO_CODE,3.811951,0.457404,White,NO_CODE,3.811951,0.457404,White,NO_CODE,,,,,,,,,,,,
3,64,2,22,-,1/25/2018,-,160,5.86209,0.9153, , , ,, , , ,, , , ,, , , ,, , , ,, , , ,, , , ,, , , ,, , , ,, , , ,, , , ,, , , ,, , , ,, , , ,, , , ,, , , ,, , , ,, , , ,, , , ,, , , ,, , , ,,5.86209,0.9153,White,NO_CODE,5.86209,0.9153,White,NO_CODE,5.86209,0.9153,White,NO_CODE,5.86209,0.9153,White,NO_CODE,5.86209,0.9153,White,NO_CODE,5.86209,0.9153,White,NO_CODE,5.86209,0.9153,White,NO_CODE,5.86209,0.9153,White,NO_CODE,5.86209,0.9153,White,NO_CODE,5.86209,0.9153,White,NO_CODE,5.86209,0.9153,White,NO_CODE,5.86209,0.9153,White,NO_CODE
3,69,1,21,32,1/10/2018,6/21/2018,162,2.907064,1.17271, , , ,, , , ,, , , ,, , , ,, , , ,, , , ,, , , ,, , , ,, , , ,, , , ,, , , ,, , , ,, , , ,, , , ,, , , ,, , , ,, , , ,, , , ,, , , ,, , , ,,1.125325,1.17271,White,NO_CODE,1.125325,1.17271,White,NO_CODE,2.907064,1.17271,White,NO_CODE,2.907064,1.17271,White,NO_CODE,2.907064,1.17271,White,NO_CODE,2.907064,1.17271,White,NO_CODE,2.907064,1.17271,White,NO_CODE,2.907064,1.17271,White,NO_CODE,2.907064,1.17271,White,NO_CODE,2.907064,1.17271,White,NO_CODE,2.907064,1.17271,White,NO_CODE,,,,,,,,
3,18,3,25,-,3/4/2018,-,122,3.253279,0.175104, , , ,, , , ,, , , ,, , , ,, , , ,, , , ,, , , ,, , , ,, , , ,, , , ,, , , ,, , , ,, , , ,, , , ,, , , ,, , , ,, , , ,, , , ,, , , ,, , , ,, , , ,, , , ,, , , ,, , , ,,3.253279,0.175104,White,NO_CODE,3.253279,0.175104,White,NO_CODE,3.253279,0.175104,White,NO_CODE,3.253279,0.175104,White,NO_CODE,3.253279,0.175104,White,NO_CODE,3.253279,0.175104,White,NO_CODE,3.253279,0.175104,White,NO_CODE,3.253279,0.175104,White,NO_CODE,3.253279,0.175104,White,NO_CODE
3,18,4,28,30,4/25/2018,5/23/2018,28,2.794931,0.384572, , , ,, , , ,, , , ,, , , ,, , , ,, , , ,, , , ,, , , ,, , , ,, , , ,, , , ,, , , ,, , , ,, , , ,, , , ,, , , ,, , , ,, , , ,, , , ,, , , ,, , , ,, , , ,, , , ,, , , ,, , , ,, , , ,, , , ,,2.794931,0.384572,White,NO_CODE,2.794931,0.384572,White,NO_CODE,,,,,,,,,,,,,,,,
3,19,3,26,-,3/28/2018,-,98,3.568965,0.350207, , , ,, , , ,, , , ,, , , ,, , , ,, , , ,, , , ,, , , ,, , , ,, , , ,, , , ,, , , ,, , , ,, , , ,, , , ,, , , ,, , , ,, , , ,, , , ,, , , ,, , , ,, , , ,, , , ,, , , ,, , , ,,3.568965,0.350207,White,NO_CODE,3.568965,0.350207,White,NO_CODE,3.568965,0.350207,White,NO_CODE,3.568965,0.350207,White,NO_CODE,3.568965,0.350207,White,NO_CODE,3.568965,0.350207,White,NO_CODE,3.568965,0.350207,White,NO_CODE,3.568965,0.350207,White,NO_CODE
3,19,4,31,-,6/6/2018,-,28,8.317074,0.28489, , , ,, , , ,, , , ,, , , ,, , , ,, , , ,, , , ,, , , ,, , , ,, , , ,, , , ,, , , ,, , , ,, , , ,, , , ,, , , ,, , , ,, , , ,, , , ,, , , ,, , , ,, , , ,, , , ,, , , ,, , , ,, , , ,, , , ,, , , ,, , , ,, , , ,,4.989567,0.28489,White,NO_CODE,5.227023,0.28489,White,NO_CODE,8.317074,0.28489,White,NO_CODE
3,19,5,31,-,6/6/2018,-,28,3.344277,0.127407, , , ,, , , ,, , , ,, , , ,, , , ,, , , ,, , , ,, , , ,, , , ,, , , ,, , , ,, , , ,, , , ,, , , ,, , , ,, , , ,, , , ,, , , ,, , , ,, , , ,, , , ,, , , ,, , , ,, , , ,, , , ,, , , ,, , , ,, , , ,, , , ,, , , ,,2.312784,0.127407,White,NO_CODE,3.101977,0.127407,White,NO_CODE,3.344277,0.127407,White,NO_CODE
3,19,6,33,-,7/4/2018,-,0,0.68311,0.18018, , , ,, , , ,, , , ,, , , ,, , , ,, , , ,, , , ,, , , ,, , , ,, , , ,, , , ,, , , ,, , , ,, , , ,, , , ,, , , ,, , , ,, , , ,, , , ,, , , ,, , , ,, , , ,, , , ,, , , ,, , , ,, , , ,, , , ,, , , ,, , , ,, , , ,, , , ,, , , ,,0.68311,0.18018,White,NO_CODE
3,20,2,26,-,3/28/2018,-,98,3.202393,0.33033, , , ,, , , ,, , , ,, , , ,, , , ,, , , ,, , , ,, , , ,, , , ,, , , ,, , , ,, , , ,, , , ,, , , ,, , , ,, , , ,, , , ,, , , ,, , , ,, , , ,, , , ,, , , ,, , , ,, , , ,, , , ,,3.202393,0.33033,White,NO_CODE,3.202393,0.33033,White,NO_CODE,3.202393,0.33033,White,NO_CODE,3.202393,0.33033,White,NO_CODE,3.202393,0.33033,White,NO_CODE,3.202393,0.33033,White,NO_CODE,3.202393,0.33033,White,NO_CODE,3.202393,0.33033,White,NO_CODE
3,20,3,26,-,3/28/2018,-,98,3.851802,0.182666, , , ,, , , ,, , , ,, , , ,, , , ,, , , ,, , , ,, , , ,, , , ,, , , ,, , , ,, , , ,, , , ,, , , ,, , , ,, , , ,, , , ,, , , ,, , , ,, , , ,, , , ,, , , ,, , , ,, , , ,, , , ,,0.961377,0.182666,White,NO_CODE,2.455291,0.15015,White,NO_CODE,2.455291,0.15015,White,NO_CODE,3.851802,0.15015,White,NO_CODE,3.851802,0.15015,White,NO_CODE,3.851802,0.15015,White,NO_CODE,3.851802,0.15015,White,NO_CODE,3.851802,0.15015,White,NO_CODE
3,20,4,27,31,4/11/2018,6/6/2018,56,5.414125,0.228702, , , ,, , , ,, , , ,, , , ,, , , ,, , , ,, , , ,, , , ,, , , ,, , , ,, , , ,, , , ,, , , ,, , , ,, , , ,, , , ,, , , ,, , , ,, , , ,, , , ,, , , ,, , , ,, , , ,, , , ,, , , ,, , , ,,4.942514,0.228702,White,NO_CODE,4.942514,0.228702,White,NO_CODE,5.414125,0.228702,White,NO_CODE,5.414125,0.228702,White,NO_CODE,,,,,,,,,,,,
3,20,5,27,-,4/11/2018,-,84,0.985058,0.27027, , , ,, , , ,, , , ,, , , ,, , , ,, , , ,, , , ,, , , ,, , , ,, , , ,, , , ,, , , ,, , , ,, , , ,, , , ,, , , ,, , , ,, , , ,, , , ,, , , ,, , , ,, , , ,, , , ,, , , ,, , , ,, , , ,,0.985058,0.27027,White,NO_CODE,0.985058,0.27027,White,NO_CODE,0.985058,0.27027,White,NO_CODE,0.985058,0.27027,White,NO_CODE,0.985058,0.27027,White,NO_CODE,0.985058,0.27027,White,NO_CODE,0.985058,0.27027,White,NO_CODE
3,20,6,29,-,5/9/2018,-,56,4.675403,0.182666, , , ,, , , ,, , , ,, , , ,, , , ,, , , ,, , , ,, , , ,, , , ,, , , ,, , , ,, , , ,, , , ,, , , ,, , , ,, , , ,, , , ,, , , ,, , , ,, , , ,, , , ,, , , ,, , , ,, , , ,, , , ,, , , ,, , , ,, , , ,,2.349262,0.182666,White,NO_CODE,2.901125,0.182666,White,NO_CODE,2.909815,0.182666,White,NO_CODE,4.675403,0.182666,White,NO_CODE,3.515566,0.182666,White,NO_CODE
3,20,7,29,-,5/9/2018,-,56,1.731644,0.094963, , , ,, , , ,, , , ,, , , ,, , , ,, , , ,, , , ,, , , ,, , , ,, , , ,, , , ,, , , ,, , , ,, , , ,, , , ,, , , ,, , , ,, , , ,, , , ,, , , ,, , , ,, , , ,, , , ,, , , ,, , , ,, , , ,, , , ,, , , ,,1.005516,0.094963,White,NO_CODE,1.425478,0.094963,White,NO_CODE,1.425478,0.094963,White,NO_CODE,1.731644,0.094963,White,NO_CODE,1.425478,0.094963,White,NO_CODE
3,20,8,30,-,5/23/2018,-,42,1.924402,0.24211, , , ,, , , ,, , , ,, , , ,, , , ,, , , ,, , , ,, , , ,, , , ,, , , ,, , , ,, , , ,, , , ,, , , ,, , , ,, , , ,, , , ,, , , ,, , , ,, , , ,, , , ,, , , ,, , , ,, , , ,, , , ,, , , ,, , , ,, , , ,, , , ,,1.924402,0.24211,White,NO_CODE,1.924402,0.24211,White,NO_CODE,1.924402,0.24211,White,NO_CODE,1.924402,0.24211,White,NO_CODE
3,21,3,25,29,3/4/2018,5/9/2018,66,3.134148,0.537194, , , ,, , , ,, , , ,, , , ,, , , ,, , , ,, , , ,, , , ,, , , ,, , , ,, , , ,, , , ,, , , ,, , , ,, , , ,, , , ,, , , ,, , , ,, , , ,, , , ,, , , ,, , , ,, , , ,, , , ,,3.134148,0.537194,White,NO_CODE,3.134148,0.537194,White,NO_CODE,3.134148,0.537194,White,NO_CODE,3.134148,0.537194,White,NO_CODE,,,,,,,,,,,,,,,,,,,,
3,21,4,25,-,3/4/2018,-,122,6.886066,0.21021, , , ,, , , ,, , , ,, , , ,, , , ,, , , ,, , , ,, , , ,, , , ,, , , ,, , , ,, , , ,, , , ,, , , ,, , , ,, , , ,, , , ,, , , ,, , , ,, , , ,, , , ,, , , ,, , , ,, , , ,,6.886066,0.21021,White,NO_CODE,6.886066,0.21021,White,NO_CODE,6.886066,0.21021,White,NO_CODE,6.886066,0.21021,White,NO_CODE,6.886066,0.21021,White,NO_CODE,6.886066,0.21021,White,NO_CODE,6.886066,0.21021,White,NO_CODE,6.886066,0.21021,White,NO_CODE,6.886066,0.21021,White,NO_CODE
3,21,5,25,-,3/4/2018,-,122,1.619187,0.324824, , , ,, , , ,, , , ,, , , ,, , , ,, , , ,, , , ,, , , ,, , , ,, , , ,, , , ,, , , ,, , , ,, , , ,, , , ,, , , ,, , , ,, , , ,, , , ,, , , ,, , , ,, , , ,, , , ,, , , ,,1.619187,0.324824,White,NO_CODE,1.619187,0.324824,White,NO_CODE,1.619187,0.324824,White,NO_CODE,1.619187,0.324824,White,NO_CODE,1.619187,0.324824,White,NO_CODE,1.619187,0.324824,White,NO_CODE,1.619187,0.324824,White,NO_CODE,1.619187,0.324824,White,NO_CODE,1.619187,0.324824,White,NO_CODE
3,21,6,26,-,3/28/2018,-,98,8.854719,0.24024, , , ,, , , ,, , , ,, , , ,, , , ,, , , ,, , , ,, , , ,, , , ,, , , ,, , , ,, , , ,, , , ,, , , ,, , , ,, , , ,, , , ,, , , ,, , , ,, , , ,, , , ,, , , ,, , , ,, , , ,, , , ,,7.67353,0.24024,White,NO_CODE,7.67353,0.24024,White,NO_CODE,7.67353,0.24024,White,NO_CODE,7.67353,0.24024,White,NO_CODE,7.67353,0.24024,White,NO_CODE,7.67353,0.24024,White,NO_CODE,8.854719,0.24024,White,NO_CODE,8.791891,0.24024,White,NO_CODE
3,22,3,25,-,3/4/2018,-,122,15.461697,0.306247, , , ,, , , ,, , , ,, , , ,, , , ,, , , ,, , , ,, , , ,, , , ,, , , ,, , , ,, , , ,, , , ,, , , ,, , , ,, , , ,, , , ,, , , ,, , , ,, , , ,, , , ,, , , ,, , , ,, , , ,,2.933645,0.306247,White,NO_CODE,13.041437,0.306247,White,NO_CODE,15.461697,0.306247,White,NO_CODE,15.461697,0.306247,White,NO_CODE,15.461697,0.306247,White,NO_CODE,15.461697,0.306247,White,NO_CODE,15.461697,0.306247,White,NO_CODE,15.461697,0.306247,White,NO_CODE,15.461697,0.306247,White,NO_CODE
3,22,4,26,32,3/28/2018,6/21/2018,85,2.917496,0.18018, , , ,, , , ,, , , ,, , , ,, , , ,, , , ,, , , ,, , , ,, , , ,, , , ,, , , ,, , , ,, , , ,, , , ,, , , ,, , , ,, , , ,, , , ,, , , ,, , , ,, , , ,, , , ,, , , ,, , , ,, , , ,,2.917496,0.18018,White,NO_CODE,2.917496,0.18018,White,NO_CODE,2.917496,0.18018,White,NO_CODE,2.917496,0.18018,White,NO_CODE,2.917496,0.18018,White,NO_CODE,2.917496,0.18018,White,NO_CODE,,,,,,,,
3,22,5,27,-,4/11/2018,-,84,4.080987,0.12012, , , ,, , , ,, , , ,, , , ,, , , ,, , , ,, , , ,, , , ,, , , ,, , , ,, , , ,, , , ,, , , ,, , , ,, , , ,, , , ,, , , ,, , , ,, , , ,, , , ,, , , ,, , , ,, , , ,, , , ,, , , ,, , , ,,4.080987,0.12012,White,NO_CODE,4.080987,0.12012,White,NO_CODE,4.080987,0.12012,White,NO_CODE,4.080987,0.12012,White,NO_CODE,4.080987,0.12012,White,NO_CODE,4.080987,0.12012,White,NO_CODE,4.080987,0.12012,White,NO_CODE
3,22,6,27,-,4/11/2018,-,84,1.653357,0.256577, , , ,, , , ,, , , ,, , , ,, , , ,, , , ,, , , ,, , , ,, , , ,, , , ,, , , ,, , , ,, , , ,, , , ,, , , ,, , , ,, , , ,, , , ,, , , ,, , , ,, , , ,, , , ,, , , ,, , , ,, , , ,, , , ,,1.653357,0.256577,White,NO_CODE,1.653357,0.256577,White,NO_CODE,1.653357,0.256577,White,NO_CODE,1.653357,0.256577,White,NO_CODE,1.653357,0.256577,White,NO_CODE,1.653357,0.256577,White,NO_CODE,1.653357,0.256577,White,NO_CODE
3,22,7,27,-,4/11/2018,-,84,3.293803,0.696541, , , ,, , , ,, , , ,, , , ,, , , ,, , , ,, , , ,, , , ,, , , ,, , , ,, , , ,, , , ,, , , ,, , , ,, , , ,, , , ,, , , ,, , , ,, , , ,, , , ,, , , ,, , , ,, , , ,, , , ,, , , ,, , , ,,2.534115,0.696541,White,NO_CODE,2.534115,0.696541,White,NO_CODE,2.534115,0.696541,White,NO_CODE,2.534115,0.696541,White,NO_CODE,2.534115,0.696541,White,NO_CODE,2.534115,0.696541,White,NO_CODE,3.293803,0.696541,White,NO_CODE
3,22,8,29,-,5/9/2018,-,56,1.299645,0.182666, , , ,, , , ,, , , ,, , , ,, , , ,, , , ,, , , ,, , , ,, , , ,, , , ,, , , ,, , , ,, , , ,, , , ,, , , ,, , , ,, , , ,, , , ,, , , ,, , , ,, , , ,, , , ,, , , ,, , , ,, , , ,, , , ,, , , ,, , , ,,1.299645,0.182666,White,NO_CODE,1.299645,0.182666,White,NO_CODE,1.299645,0.182666,White,NO_CODE,1.299645,0.182666,White,NO_CODE,1.299645,0.182666,White,NO_CODE
3,24,4,25,-,3/4/2018,-,122,6.39734,0.175104, , , ,, , , ,, , , ,, , , ,, , , ,, , , ,, , , ,, , , ,, , , ,, , , ,, , , ,, , , ,, , , ,, , , ,, , , ,, , , ,, , , ,, , , ,, , , ,, , , ,, , , ,, , , ,, , , ,, , , ,,6.39734,0.175104,White,NO_CODE,6.39734,0.175104,White,NO_CODE,6.39734,0.175104,White,NO_CODE,6.39734,0.175104,White,NO_CODE,6.39734,0.175104,White,NO_CODE,6.39734,0.175104,White,NO_CODE,6.39734,0.175104,White,NO_CODE,6.39734,0.175104,White,NO_CODE,6.39734,0.175104,White,NO_CODE
3,24,5,25,-,3/4/2018,-,122,4.806649,0.228702, , , ,, , , ,, , , ,, , , ,, , , ,, , , ,, , , ,, , , ,, , , ,, , , ,, , , ,, , , ,, , , ,, , , ,, , , ,, , , ,, , , ,, , , ,, , , ,, , , ,, , , ,, , , ,, , , ,, , , ,,4.806649,0.228702,White,NO_CODE,4.806649,0.228702,White,NO_CODE,4.806649,0.228702,White,NO_CODE,4.806649,0.228702,White,NO_CODE,4.222954,0.228702,White,NO_CODE,4.222954,0.228702,White,NO_CODE,4.222954,0.228702,White,NO_CODE,4.222954,0.228702,White,NO_CODE,4.222954,0.228702,White,NO_CODE
3,24,6,25,-,3/4/2018,-,122,1.592583,0.189927, , , ,, , , ,, , , ,, , , ,, , , ,, , , ,, , , ,, , , ,, , , ,, , , ,, , , ,, , , ,, , , ,, , , ,, , , ,, , , ,, , , ,, , , ,, , , ,, , , ,, , , ,, , , ,, , , ,, , , ,,1.592583,0.189927,White,NO_CODE,1.592583,0.189927,White,NO_CODE,1.592583,0.189927,White,NO_CODE,1.592583,0.189927,White,NO_CODE,1.592583,0.189927,White,NO_CODE,1.592583,0.189927,White,NO_CODE,1.592583,0.189927,White,NO_CODE,1.592583,0.189927,White,NO_CODE,1.592583,0.189927,White,NO_CODE
3,24,7,30,-,5/23/2018,-,42,2.442791,0.301798, , , ,, , , ,, , , ,, , , ,, , , ,, , , ,, , , ,, , , ,, , , ,, , , ,, , , ,, , , ,, , , ,, , , ,, , , ,, , , ,, , , ,, , , ,, , , ,, , , ,, , , ,, , , ,, , , ,, , , ,, , , ,, , , ,, , , ,, , , ,, , , ,,2.442791,0.301798,White,NO_CODE,2.442791,0.301798,White,NO_CODE,2.442791,0.301798,White,NO_CODE,2.442791,0.301798,White,NO_CODE
3,23,2,25,31,3/4/2018,6/6/2018,94,3.302699,0.276863, , , ,, , , ,, , , ,, , , ,, , , ,, , , ,, , , ,, , , ,, , , ,, , , ,, , , ,, , , ,, , , ,, , , ,, , , ,, , , ,, , , ,, , , ,, , , ,, , , ,, , , ,, , , ,, , , ,, , , ,,2.571253,0.276863,White,NO_CODE,2.571253,0.276863,White,NO_CODE,3.302699,0.276863,White,NO_CODE,3.302699,0.276863,White,NO_CODE,3.302699,0.276863,White,NO_CODE,3.302699,0.276863,White,NO_CODE,,,,,,,,,,,,
3,25,4,22,25,1/25/2018,3/4/2018,38,2.584523,0.094963, , , ,, , , ,, , , ,, , , ,, , , ,, , , ,, , , ,, , , ,, , , ,, , , ,, , , ,, , , ,, , , ,, , , ,, , , ,, , , ,, , , ,, , , ,, , , ,, , , ,, , , ,,2.584523,0.094963,White,NO_CODE,2.584523,0.094963,White,NO_CODE,2.584523,0.094963,White,NO_CODE,,,,,,,,,,,,,,,,,,,,,,,,,,,,,,,,,,,,
3,25,5,23,-,2/7/2018,-,147,5.922918,0.094963, , , ,, , , ,, , , ,, , , ,, , , ,, , , ,, , , ,, , , ,, , , ,, , , ,, , , ,, , , ,, , , ,, , , ,, , , ,, , , ,, , , ,, , , ,, , , ,, , , ,, , , ,, , , ,,2.743812,0.094963,White,NO_CODE,2.743812,0.094963,White,NO_CODE,5.922918,0.094963,White,NO_CODE,5.922918,0.094963,White,NO_CODE,5.922918,0.094963,White,NO_CODE,5.922918,0.094963,White,NO_CODE,5.922918,0.094963,White,NO_CODE,5.922918,0.094963,White,NO_CODE,5.922918,0.094963,White,NO_CODE,5.922918,0.094963,White,NO_CODE,5.922918,0.094963,White,NO_CODE
3,25,6,23,30,2/7/2018,5/23/2018,105,1.840966,0.09009, , , ,, , , ,, , , ,, , , ,, , , ,, , , ,, , , ,, , , ,, , , ,, , , ,, , , ,, , , ,, , , ,, , , ,, , , ,, , , ,, , , ,, , , ,, , , ,, , , ,, , , ,, , , ,,1.840966,0.09009,White,NO_CODE,1.840966,0.09009,White,NO_CODE,1.840966,0.09009,White,NO_CODE,1.840966,0.09009,White,NO_CODE,1.840966,0.09009,White,NO_CODE,1.840966,0.09009,White,NO_CODE,1.840966,0.09009,White,NO_CODE,,,,,,,,,,,,,,,,
3,26,8,25,32,3/4/2018,6/21/2018,109,4.426016,0.161717, , , ,, , , ,, , , ,, , , ,, , , ,, , , ,, , , ,, , , ,, , , ,, , , ,, , , ,, , , ,, , , ,, , , ,, , , ,, , , ,, , , ,, , , ,, , , ,, , , ,, , , ,, , , ,, , , ,, , , ,,2.018947,0.161717,White,NO_CODE,3.513161,0.161717,White,NO_CODE,3.513161,0.161717,White,NO_CODE,3.844137,0.161717,White,NO_CODE,3.844137,0.161717,White,NO_CODE,3.844137,0.161717,White,NO_CODE,4.426016,0.161717,White,NO_CODE,,,,,,,,
3,26,9,26,29,3/28/2018,5/9/2018,42,2.725789,0.15015, , , ,, , , ,, , , ,, , , ,, , , ,, , , ,, , , ,, , , ,, , , ,, , , ,, , , ,, , , ,, , , ,, , , ,, , , ,, , , ,, , , ,, , , ,, , , ,, , , ,, , , ,, , , ,, , , ,, , , ,, , , ,,2.725789,0.15015,White,NO_CODE,2.725789,0.15015,White,NO_CODE,2.725789,0.15015,White,NO_CODE,,,,,,,,,,,,,,,,,,,,
3,26,10,29,32,5/9/2018,6/21/2018,43,1.793638,0.21655, , , ,, , , ,, , , ,, , , ,, , , ,, , , ,, , , ,, , , ,, , , ,, , , ,, , , ,, , , ,, , , ,, , , ,, , , ,, , , ,, , , ,, , , ,, , , ,, , , ,, , , ,, , , ,, , , ,, , , ,, , , ,, , , ,, , , ,, , , ,,1.793638,0.21655,White,NO_CODE,1.793638,0.21655,White,NO_CODE,1.793638,0.21655,White,NO_CODE,,,,,,,,
3,26,12,29,-,5/9/2018,-,14,2.141414,0.189927, , , ,, , , ,, , , ,, , , ,, , , ,, , , ,, , , ,, , , ,, , , ,, , , ,, , , ,, , , ,, , , ,, , , ,, , , ,, , , ,, , , ,, , , ,, , , ,, , , ,, , , ,, , , ,, , , ,, , , ,, , , ,, , , ,, , , ,, , , ,,2.141414,0.189927,White,NO_CODE,2.141414,0.189927,White,NO_CODE,,,,,,,,,,,,
3,26,13,30,-,5/23/2018,-,42,7.036085,1.117585, , , ,, , , ,, , , ,, , , ,, , , ,, , , ,, , , ,, , , ,, , , ,, , , ,, , , ,, , , ,, , , ,, , , ,, , , ,, , , ,, , , ,, , , ,, , , ,, , , ,, , , ,, , , ,, , , ,, , , ,, , , ,, , , ,, , , ,, , , ,, , , ,,1.886402,1.117585,White,NO_CODE,6.177014,1.117585,White,NO_CODE,6.349523,1.117585,White,NO_CODE,7.036085,1.117585,White,NO_CODE
3,27,3,28,-,4/25/2018,-,70,10.558445,0.21655, , , ,, , , ,, , , ,, , , ,, , , ,, , , ,, , , ,, , , ,, , , ,, , , ,, , , ,, , , ,, , , ,, , , ,, , , ,, , , ,, , , ,, , , ,, , , ,, , , ,, , , ,, , , ,, , , ,, , , ,, , , ,, , , ,, , , ,,1.295562,0.21655,White,NO_CODE,8.545305,0.21655,White,NO_CODE,8.545305,0.21655,White,NO_CODE,10.202676,0.21655,White,NO_CODE,10.558445,0.21655,White,NO_CODE,10.558445,0.21655,White,NO_CODE
3,27,4,29,33,5/9/2018,7/4/2018,56,5.894058,0.256577, , , ,, , , ,, , , ,, , , ,, , , ,, , , ,, , , ,, , , ,, , , ,, , , ,, , , ,, , , ,, , , ,, , , ,, , , ,, , , ,, , , ,, , , ,, , , ,, , , ,, , , ,, , , ,, , , ,, , , ,, , , ,, , , ,, , , ,, , , ,,4.285283,0.256577,White,NO_CODE,4.285283,0.256577,White,NO_CODE,4.928686,0.256577,White,NO_CODE,5.894058,0.256577,White,NO_CODE,,,,
3,27,5,29,30,5/9/2018,5/23/2018,14,0.834516,0.12012, , , ,, , , ,, , , ,, , , ,, , , ,, , , ,, , , ,, , , ,, , , ,, , , ,, , , ,, , , ,, , , ,, , , ,, , , ,, , , ,, , , ,, , , ,, , , ,, , , ,, , , ,, , , ,, , , ,, , , ,, , , ,, , , ,, , , ,, , , ,,0.834516,0.12012,White,NO_CODE,,,,,,,,,,,,,,,,
3,27,6,29,30,5/9/2018,5/23/2018,14,1.067017,0.12012, , , ,, , , ,, , , ,, , , ,, , , ,, , , ,, , , ,, , , ,, , , ,, , , ,, , , ,, , , ,, , , ,, , , ,, , , ,, , , ,, , , ,, , , ,, , , ,, , , ,, , , ,, , , ,, , , ,, , , ,, , , ,, , , ,, , , ,, , , ,,1.067017,0.12012,White,NO_CODE,,,,,,,,,,,,,,,,
3,27,7,31,-,6/6/2018,-,28,4.756925,0.15015, , , ,, , , ,, , , ,, , , ,, , , ,, , , ,, , , ,, , , ,, , , ,, , , ,, , , ,, , , ,, , , ,, , , ,, , , ,, , , ,, , , ,, , , ,, , , ,, , , ,, , , ,, , , ,, , , ,, , , ,, , , ,, , , ,, , , ,, , , ,, , , ,, , , ,,2.257206,0.15015,White,NO_CODE,2.257206,0.15015,White,NO_CODE,4.756925,0.15015,White,NO_CODE
3,28,8,30,-,5/23/2018,-,42,9.816908,0.276863, , , ,, , , ,, , , ,, , , ,, , , ,, , , ,, , , ,, , , ,, , , ,, , , ,, , , ,, , , ,, , , ,, , , ,, , , ,, , , ,, , , ,, , , ,, , , ,, , , ,, , , ,, , , ,, , , ,, , , ,, , , ,, , , ,, , , ,, , , ,, , , ,,9.816908,0.276863,White,NO_CODE,9.816908,0.276863,White,NO_CODE,9.816908,0.276863,White,NO_CODE,9.816908,0.276863,White,NO_CODE
3,28,9,30,31,5/23/2018,6/6/2018,14,3.763205,0.153124, , , ,, , , ,, , , ,, , , ,, , , ,, , , ,, , , ,, , , ,, , , ,, , , ,, , , ,, , , ,, , , ,, , , ,, , , ,, , , ,, , , ,, , , ,, , , ,, , , ,, , , ,, , , ,, , , ,, , , ,, , , ,, , , ,, , , ,, , , ,, , , ,,,,,,,,,,,,,,,,,
3,28,13,33,-,7/4/2018,-,0,0.832894,0.161717, , , ,, , , ,, , , ,, , , ,, , , ,, , , ,, , , ,, , , ,, , , ,, , , ,, , , ,, , , ,, , , ,, , , ,, , , ,, , , ,, , , ,, , , ,, , , ,, , , ,, , , ,, , , ,, , , ,, , , ,, , , ,, , , ,, , , ,, , , ,, , , ,, , , ,, , , ,, , , ,,0.832894,0.161717,White,NO_CODE
3,29,7,23,28,2/7/2018,4/25/2018,77,3.608527,0.18018, , , ,, , , ,, , , ,, , , ,, , , ,, , , ,, , , ,, , , ,, , , ,, , , ,, , , ,, , , ,, , , ,, , , ,, , , ,, , , ,, , , ,, , , ,, , , ,, , , ,, , , ,, , , ,,3.608527,0.18018,White,NO_CODE,3.608527,0.18018,White,NO_CODE,3.608527,0.18018,White,NO_CODE,3.608527,0.18018,White,NO_CODE,3.608527,0.18018,White,NO_CODE,,,,,,,,,,,,,,,,,,,,,,,,
3,29,8,23,31,2/7/2018,6/6/2018,119,2.130704,0.331693, , , ,, , , ,, , , ,, , , ,, , , ,, , , ,, , , ,, , , ,, , , ,, , , ,, , , ,, , , ,, , , ,, , , ,, , , ,, , , ,, , , ,, , , ,, , , ,, , , ,, , , ,, , , ,,1.54129,0.18018,White,NO_CODE,1.54129,0.18018,White,NO_CODE,1.54129,0.18018,White,NO_CODE,1.54129,0.18018,White,NO_CODE,1.54129,0.18018,White,NO_CODE,1.54129,0.18018,White,NO_CODE,2.130704,0.331693,White,NO_CODE,2.130704,0.331693,White,NO_CODE,,,,,,,,,,,,
3,29,9,23,28,2/7/2018,4/25/2018,77,1.501502,0.24211, , , ,, , , ,, , , ,, , , ,, , , ,, , , ,, , , ,, , , ,, , , ,, , , ,, , , ,, , , ,, , , ,, , , ,, , , ,, , , ,, , , ,, , , ,, , , ,, , , ,, , , ,, , , ,,1.501502,0.24211,White,NO_CODE,1.501502,0.24211,White,NO_CODE,1.501502,0.24211,White,NO_CODE,1.501502,0.24211,White,NO_CODE,1.501502,0.24211,White,NO_CODE,,,,,,,,,,,,,,,,,,,,,,,,
3,29,10,26,29,3/28/2018,5/9/2018,42,1.672608,0.09009, , , ,, , , ,, , , ,, , , ,, , , ,, , , ,, , , ,, , , ,, , , ,, , , ,, , , ,, , , ,, , , ,, , , ,, , , ,, , , ,, , , ,, , , ,, , , ,, , , ,, , , ,, , , ,, , , ,, , , ,, , , ,,0.74593,0.09009,White,NO_CODE,0.74593,0.09009,White,NO_CODE,1.672608,0.09009,White,NO_CODE,,,,,,,,,,,,,,,,,,,,
3,29,11,27,32,4/11/2018,6/21/2018,71,4.320886,0.192286, , , ,, , , ,, , , ,, , , ,, , , ,, , , ,, , , ,, , , ,, , , ,, , , ,, , , ,, , , ,, , , ,, , , ,, , , ,, , , ,, , , ,, , , ,, , , ,, , , ,, , , ,, , , ,, , , ,, , , ,, , , ,, , , ,,4.320886,0.192286,White,NO_CODE,4.320886,0.192286,White,NO_CODE,4.320886,0.192286,White,NO_CODE,4.320886,0.192286,White,NO_CODE,4.320886,0.192286,White,NO_CODE,,,,,,,,
3,29,12,31,-,6/6/2018,-,28,4.72007,0.094963, , , ,, , , ,, , , ,, , , ,, , , ,, , , ,, , , ,, , , ,, , , ,, , , ,, , , ,, , , ,, , , ,, , , ,, , , ,, , , ,, , , ,, , , ,, , , ,, , , ,, , , ,, , , ,, , , ,, , , ,, , , ,, , , ,, , , ,, , , ,, , , ,, , , ,,4.72007,0.094963,White,NO_CODE,4.72007,0.094963,White,NO_CODE,4.72007,0.094963,White,NO_CODE
3,29,13,33,-,7/4/2018,-,0,4.531277,0.543867, , , ,, , , ,, , , ,, , , ,, , , ,, , , ,, , , ,, , , ,, , , ,, , , ,, , , ,, , , ,, , , ,, , , ,, , , ,, , , ,, , , ,, , , ,, , , ,, , , ,, , , ,, , , ,, , , ,, , , ,, , , ,, , , ,, , , ,, , , ,, , , ,, , , ,, , , ,, , , ,,4.531277,0.543867,White,NO_CODE
3,30,2,24,-,2/22/2018,-,132,4.474796,0.301798, , , ,, , , ,, , , ,, , , ,, , , ,, , , ,, , , ,, , , ,, , , ,, , , ,, , , ,, , , ,, , , ,, , , ,, , , ,, , , ,, , , ,, , , ,, , , ,, , , ,, , , ,, , , ,, , , ,,4.465979,0.189927,White,NO_CODE,4.465979,0.189927,White,NO_CODE,4.465979,0.189927,White,NO_CODE,4.465979,0.189927,White,NO_CODE,4.465979,0.189927,White,NO_CODE,4.465979,0.189927,White,NO_CODE,4.465979,0.189927,White,NO_CODE,4.465979,0.189927,White,NO_CODE,4.465979,0.301798,White,NO_CODE,4.474796,0.301798,White,NO_CODE
3,30,3,25,-,3/4/2018,-,122,4.23639,0.153124, , , ,, , , ,, , , ,, , , ,, , , ,, , , ,, , , ,, , , ,, , , ,, , , ,, , , ,, , , ,, , , ,, , , ,, , , ,, , , ,, , , ,, , , ,, , , ,, , , ,, , , ,, , , ,, , , ,, , , ,,2.503909,0.153124,White,NO_CODE,2.503909,0.153124,White,NO_CODE,2.503909,0.153124,White,NO_CODE,2.503909,0.153124,White,NO_CODE,2.503909,0.153124,White,NO_CODE,2.503909,0.153124,White,NO_CODE,2.503909,0.153124,White,NO_CODE,4.23639,0.153124,White,NO_CODE,4.23639,0.153124,White,NO_CODE
3,30,4,31,-,6/6/2018,-,28,1.575923,0.201448, , , ,, , , ,, , , ,, , , ,, , , ,, , , ,, , , ,, , , ,, , , ,, , , ,, , , ,, , , ,, , , ,, , , ,, , , ,, , , ,, , , ,, , , ,, , , ,, , , ,, , , ,, , , ,, , , ,, , , ,, , , ,, , , ,, , , ,, , , ,, , , ,, , , ,,1.575923,0.201448,White,NO_CODE,1.575923,0.201448,White,NO_CODE,1.575923,0.201448,White,NO_CODE
3,30,5,31,-,6/6/2018,-,28,4.605542,0.21021, , , ,, , , ,, , , ,, , , ,, , , ,, , , ,, , , ,, , , ,, , , ,, , , ,, , , ,, , , ,, , , ,, , , ,, , , ,, , , ,, , , ,, , , ,, , , ,, , , ,, , , ,, , , ,, , , ,, , , ,, , , ,, , , ,, , , ,, , , ,, , , ,, , , ,,2.265723,0.21021,White,NO_CODE,4.605542,0.21021,White,NO_CODE,4.605542,0.21021,White,NO_CODE
3,30,6,33,-,7/4/2018,-,0,2.076745,0.424689, , , ,, , , ,, , , ,, , , ,, , , ,, , , ,, , , ,, , , ,, , , ,, , , ,, , , ,, , , ,, , , ,, , , ,, , , ,, , , ,, , , ,, , , ,, , , ,, , , ,, , , ,, , , ,, , , ,, , , ,, , , ,, , , ,, , , ,, , , ,, , , ,, , , ,, , , ,, , , ,,2.076745,0.424689,White,NO_CODE
3,31,5,24,-,2/22/2018,-,132,6.807485,0.182666, , , ,, , , ,, , , ,, , , ,, , , ,, , , ,, , , ,, , , ,, , , ,, , , ,, , , ,, , , ,, , , ,, , , ,, , , ,, , , ,, , , ,, , , ,, , , ,, , , ,, , , ,, , , ,, , , ,,6.40269,0.182666,White,NO_CODE,6.40269,0.182666,White,NO_CODE,6.40269,0.182666,White,NO_CODE,6.707329,0.182666,White,NO_CODE,6.707329,0.182666,White,NO_CODE,6.707329,0.182666,White,NO_CODE,6.707329,0.182666,White,NO_CODE,6.707329,0.182666,White,NO_CODE,6.807485,0.182666,White,NO_CODE,6.807485,0.182666,White,NO_CODE
3,31,6,25,32,3/4/2018,6/21/2018,109,2.222414,0.127407, , , ,, , , ,, , , ,, , , ,, , , ,, , , ,, , , ,, , , ,, , , ,, , , ,, , , ,, , , ,, , , ,, , , ,, , , ,, , , ,, , , ,, , , ,, , , ,, , , ,, , , ,, , , ,, , , ,, , , ,,1.812644,0.127407,White,NO_CODE,1.812644,0.127407,White,NO_CODE,2.222414,0.127407,White,NO_CODE,2.222414,0.127407,White,NO_CODE,2.222414,0.127407,White,NO_CODE,2.222414,0.127407,White,NO_CODE,2.222414,0.127407,White,NO_CODE,,,,,,,,
3,31,7,27,-,4/11/2018,-,84,0.990674,0.24211, , , ,, , , ,, , , ,, , , ,, , , ,, , , ,, , , ,, , , ,, , , ,, , , ,, , , ,, , , ,, , , ,, , , ,, , , ,, , , ,, , , ,, , , ,, , , ,, , , ,, , , ,, , , ,, , , ,, , , ,, , , ,, , , ,,0.990674,0.24211,White,NO_CODE,0.990674,0.24211,White,NO_CODE,0.990674,0.24211,White,NO_CODE,0.990674,0.24211,White,NO_CODE,0.990674,0.24211,White,NO_CODE,0.990674,0.24211,White,NO_CODE,0.990674,0.24211,White,NO_CODE
3,31,8,32,33,6/21/2018,7/4/2018,13,3.752252,0.247634, , , ,, , , ,, , , ,, , , ,, , , ,, , , ,, , , ,, , , ,, , , ,, , , ,, , , ,, , , ,, , , ,, , , ,, , , ,, , , ,, , , ,, , , ,, , , ,, , , ,, , , ,, , , ,, , , ,, , , ,, , , ,, , , ,, , , ,, , , ,, , , ,, , , ,, , , ,,3.752252,0.247634,White,NO_CODE,,,,
3,31,9,32,-,6/21/2018,-,13,1.788349,0.127407, , , ,, , , ,, , , ,, , , ,, , , ,, , , ,, , , ,, , , ,, , , ,, , , ,, , , ,, , , ,, , , ,, , , ,, , , ,, , , ,, , , ,, , , ,, , , ,, , , ,, , , ,, , , ,, , , ,, , , ,, , , ,, , , ,, , , ,, , , ,, , , ,, , , ,, , , ,,1.262129,0.127407,White,NO_CODE,1.788349,0.127407,White,NO_CODE
3,31,10,33,-,7/4/2018,-,0,0.832487,0.189927, , , ,, , , ,, , , ,, , , ,, , , ,, , , ,, , , ,, , , ,, , , ,, , , ,, , , ,, , , ,, , , ,, , , ,, , , ,, , , ,, , , ,, , , ,, , , ,, , , ,, , , ,, , , ,, , , ,, , , ,, , , ,, , , ,, , , ,, , , ,, , , ,, , , ,, , , ,, , , ,,0.832487,0.189927,White,NO_CODE
3,32,2,23,-,2/7/2018,-,147,1.102032,0.182666, , , ,, , , ,, , , ,, , , ,, , , ,, , , ,, , , ,, , , ,, , , ,, , , ,, , , ,, , , ,, , , ,, , , ,, , , ,, , , ,, , , ,, , , ,, , , ,, , , ,, , , ,, , , ,,1.102032,0.182666,White,NO_CODE,1.102032,0.182666,White,NO_CODE,1.102032,0.182666,White,NO_CODE,1.102032,0.182666,White,NO_CODE,1.102032,0.182666,White,NO_CODE,1.102032,0.182666,White,NO_CODE,1.102032,0.182666,White,NO_CODE,1.102032,0.182666,White,NO_CODE,1.102032,0.182666,White,NO_CODE,1.102032,0.182666,White,NO_CODE,1.102032,0.182666,White,NO_CODE
3,32,3,28,-,4/25/2018,-,70,3.615869,0.161717, , , ,, , , ,, , , ,, , , ,, , , ,, , , ,, , , ,, , , ,, , , ,, , , ,, , , ,, , , ,, , , ,, , , ,, , , ,, , , ,, , , ,, , , ,, , , ,, , , ,, , , ,, , , ,, , , ,, , , ,, , , ,, , , ,, , , ,,2.132449,0.161717,White,NO_CODE,2.132449,0.161717,White,NO_CODE,2.132449,0.161717,White,NO_CODE,2.132449,0.161717,White,NO_CODE,2.705779,0.161717,White,NO_CODE,3.615869,0.161717,White,NO_CODE
3,32,4,28,-,4/25/2018,-,70,1.42437,0.212344, , , ,, , , ,, , , ,, , , ,, , , ,, , , ,, , , ,, , , ,, , , ,, , , ,, , , ,, , , ,, , , ,, , , ,, , , ,, , , ,, , , ,, , , ,, , , ,, , , ,, , , ,, , , ,, , , ,, , , ,, , , ,, , , ,, , , ,,1.42437,0.212344,White,NO_CODE,1.42437,0.212344,White,NO_CODE,1.42437,0.212344,White,NO_CODE,1.42437,0.212344,White,NO_CODE,1.42437,0.212344,White,NO_CODE,1.42437,0.212344,White,NO_CODE
3,32,5,30,-,5/23/2018,-,42,5.328291,0.424689, , , ,, , , ,, , , ,, , , ,, , , ,, , , ,, , , ,, , , ,, , , ,, , , ,, , , ,, , , ,, , , ,, , , ,, , , ,, , , ,, , , ,, , , ,, , , ,, , , ,, , , ,, , , ,, , , ,, , , ,, , , ,, , , ,, , , ,, , , ,, , , ,,5.328291,0.424689,White,NO_CODE,5.328291,0.424689,White,NO_CODE,5.328291,0.424689,White,NO_CODE,5.328291,0.424689,White,NO_CODE
3,33,2,25,-,3/4/2018,-,122,3.821167,0.335746, , , ,, , , ,, , , ,, , , ,, , , ,, , , ,, , , ,, , , ,, , , ,, , , ,, , , ,, , , ,, , , ,, , , ,, , , ,, , , ,, , , ,, , , ,, , , ,, , , ,, , , ,, , , ,, , , ,, , , ,,2.951892,0.335746,White,NO_CODE,2.980395,0.335746,White,NO_CODE,3.821167,0.335746,White,NO_CODE,3.821167,0.335746,White,NO_CODE,3.821167,0.335746,White,NO_CODE,3.821167,0.335746,White,NO_CODE,3.821167,0.335746,White,NO_CODE,3.821167,0.335746,White,NO_CODE,3.71915,0.335746,White,NO_CODE
3,33,3,27,-,4/11/2018,-,84,0.929831,0.161717, , , ,, , , ,, , , ,, , , ,, , , ,, , , ,, , , ,, , , ,, , , ,, , , ,, , , ,, , , ,, , , ,, , , ,, , , ,, , , ,, , , ,, , , ,, , , ,, , , ,, , , ,, , , ,, , , ,, , , ,, , , ,, , , ,,0.929831,0.161717,White,NO_CODE,0.929831,0.161717,White,NO_CODE,0.929831,0.161717,White,NO_CODE,0.929831,0.161717,White,NO_CODE,0.929831,0.161717,White,NO_CODE,0.929831,0.161717,White,NO_CODE,0.929831,0.161717,White,NO_CODE
3,33,4,33,-,7/4/2018,-,0,0.711433,0.21655, , , ,, , , ,, , , ,, , , ,, , , ,, , , ,, , , ,, , , ,, , , ,, , , ,, , , ,, , , ,, , , ,, , , ,, , , ,, , , ,, , , ,, , , ,, , , ,, , , ,, , , ,, , , ,, , , ,, , , ,, , , ,, , , ,, , , ,, , , ,, , , ,, , , ,, , , ,, , , ,,0.711433,0.21655,White,NO_CODE
3,33,5,33,-,7/4/2018,-,0,0.936598,0.297282, , , ,, , , ,, , , ,, , , ,, , , ,, , , ,, , , ,, , , ,, , , ,, , , ,, , , ,, , , ,, , , ,, , , ,, , , ,, , , ,, , , ,, , , ,, , , ,, , , ,, , , ,, , , ,, , , ,, , , ,, , , ,, , , ,, , , ,, , , ,, , , ,, , , ,, , , ,, , , ,,0.936598,0.297282,White,NO_CODE
3,35,1,23,-,2/7/2018,-,147,5.888225,0.24211, , , ,, , , ,, , , ,, , , ,, , , ,, , , ,, , , ,, , , ,, , , ,, , , ,, , , ,, , , ,, , , ,, , , ,, , , ,, , , ,, , , ,, , , ,, , , ,, , , ,, , , ,, , , ,,4.429932,0.175104,White,NO_CODE,5.399884,0.175104,White,NO_CODE,5.399884,0.175104,White,NO_CODE,5.399884,0.175104,White,NO_CODE,5.888225,0.175104,White,NO_CODE,5.888225,0.175104,White,NO_CODE,5.888225,0.24211,White,NO_CODE,5.888225,0.24211,White,NO_CODE,5.888225,0.24211,White,NO_CODE,5.888225,0.24211,White,NO_CODE,5.888225,0.24211,White,NO_CODE
3,35,2,27,-,4/11/2018,-,84,5.313204,0.182666, , , ,, , , ,, , , ,, , , ,, , , ,, , , ,, , , ,, , , ,, , , ,, , , ,, , , ,, , , ,, , , ,, , , ,, , , ,, , , ,, , , ,, , , ,, , , ,, , , ,, , , ,, , , ,, , , ,, , , ,, , , ,, , , ,,5.313204,0.182666,White,NO_CODE,5.313204,0.182666,White,NO_CODE,5.313204,0.182666,White,NO_CODE,5.313204,0.182666,White,NO_CODE,5.313204,0.182666,White,NO_CODE,5.313204,0.182666,White,NO_CODE,5.313204,0.182666,White,NO_CODE
3,36,1,23,-,2/7/2018,-,147,4.918975,0.424689, , , ,, , , ,, , , ,, , , ,, , , ,, , , ,, , , ,, , , ,, , , ,, , , ,, , , ,, , , ,, , , ,, , , ,, , , ,, , , ,, , , ,, , , ,, , , ,, , , ,, , , ,, , , ,,4.918975,0.362854,White,NO_CODE,4.918975,0.424689,White,NO_CODE,4.918975,0.424689,White,NO_CODE,4.918975,0.424689,White,NO_CODE,4.918975,0.424689,White,NO_CODE,4.918975,0.424689,White,NO_CODE,4.918975,0.424689,White,NO_CODE,4.918975,0.424689,White,NO_CODE,4.918975,0.424689,White,NO_CODE,4.918975,0.424689,White,NO_CODE,4.918975,0.424689,White,NO_CODE
3,36,2,23,-,2/7/2018,-,147,7.170483,0.446429, , , ,, , , ,, , , ,, , , ,, , , ,, , , ,, , , ,, , , ,, , , ,, , , ,, , , ,, , , ,, , , ,, , , ,, , , ,, , , ,, , , ,, , , ,, , , ,, , , ,, , , ,, , , ,,4.255214,0.446429,White,NO_CODE,7.170483,0.446429,White,NO_CODE,7.170483,0.446429,White,NO_CODE,7.170483,0.446429,White,NO_CODE,7.170483,0.446429,White,NO_CODE,7.170483,0.446429,White,NO_CODE,7.170483,0.446429,White,NO_CODE,7.170483,0.446429,White,NO_CODE,7.170483,0.446429,White,NO_CODE,7.170483,0.446429,White,NO_CODE,7.170483,0.446429,White,NO_CODE
3,36,3,23,-,2/7/2018,-,147,4.872364,0.457404, , , ,, , , ,, , , ,, , , ,, , , ,, , , ,, , , ,, , , ,, , , ,, , , ,, , , ,, , , ,, , , ,, , , ,, , , ,, , , ,, , , ,, , , ,, , , ,, , , ,, , , ,, , , ,,4.872364,0.457404,White,NO_CODE,4.872364,0.457404,White,NO_CODE,4.872364,0.457404,White,NO_CODE,4.872364,0.457404,White,NO_CODE,4.872364,0.457404,White,NO_CODE,4.872364,0.457404,White,NO_CODE,4.872364,0.457404,White,NO_CODE,4.872364,0.457404,White,NO_CODE,4.872364,0.457404,White,NO_CODE,4.872364,0.457404,White,NO_CODE,4.872364,0.457404,White,NO_CODE
3,36,4,27,-,4/11/2018,-,84,1.577329,0.161717, , , ,, , , ,, , , ,, , , ,, , , ,, , , ,, , , ,, , , ,, , , ,, , , ,, , , ,, , , ,, , , ,, , , ,, , , ,, , , ,, , , ,, , , ,, , , ,, , , ,, , , ,, , , ,, , , ,, , , ,, , , ,, , , ,,1.577329,0.161717,White,NO_CODE,1.577329,0.161717,White,NO_CODE,1.577329,0.161717,White,NO_CODE,1.577329,0.161717,White,NO_CODE,1.577329,0.161717,White,NO_CODE,1.577329,0.161717,White,NO_CODE,1.577329,0.161717,White,NO_CODE
3,36,5,28,-,4/25/2018,-,70,1.528374,0.161717, , , ,, , , ,, , , ,, , , ,, , , ,, , , ,, , , ,, , , ,, , , ,, , , ,, , , ,, , , ,, , , ,, , , ,, , , ,, , , ,, , , ,, , , ,, , , ,, , , ,, , , ,, , , ,, , , ,, , , ,, , , ,, , , ,, , , ,,1.528374,0.161717,White,NO_CODE,1.528374,0.161717,White,NO_CODE,1.528374,0.161717,White,NO_CODE,1.528374,0.161717,White,NO_CODE,1.528374,0.161717,White,NO_CODE,1.528374,0.161717,White,NO_CODE
3,37,2,23,-,2/7/2018,-,147,7.218656,0.573723, , , ,, , , ,, , , ,, , , ,, , , ,, , , ,, , , ,, , , ,, , , ,, , , ,, , , ,, , , ,, , , ,, , , ,, , , ,, , , ,, , , ,, , , ,, , , ,, , , ,, , , ,, , , ,,7.218656,0.573723,White,NO_CODE,7.218656,0.573723,White,NO_CODE,7.218656,0.573723,White,NO_CODE,7.218656,0.573723,White,NO_CODE,7.218656,0.573723,White,NO_CODE,7.218656,0.573723,White,NO_CODE,7.218656,0.573723,White,NO_CODE,7.218656,0.573723,White,NO_CODE,7.218656,0.573723,White,NO_CODE,7.218656,0.573723,White,NO_CODE,7.218656,0.573723,White,NO_CODE
3,37,3,24,33,2/22/2018,7/4/2018,132,3.682844,0.391544, , , ,, , , ,, , , ,, , , ,, , , ,, , , ,, , , ,, , , ,, , , ,, , , ,, , , ,, , , ,, , , ,, , , ,, , , ,, , , ,, , , ,, , , ,, , , ,, , , ,, , , ,, , , ,, , , ,,3.682844,0.391544,White,NO_CODE,3.682844,0.391544,White,NO_CODE,3.682844,0.391544,White,NO_CODE,3.682844,0.391544,White,NO_CODE,3.682844,0.391544,White,NO_CODE,3.682844,0.391544,White,NO_CODE,3.682844,0.391544,White,NO_CODE,3.682844,0.391544,White,NO_CODE,3.682844,0.391544,White,NO_CODE,,,,
3,37,4,24,-,2/22/2018,-,132,1.111111,0.276863, , , ,, , , ,, , , ,, , , ,, , , ,, , , ,, , , ,, , , ,, , , ,, , , ,, , , ,, , , ,, , , ,, , , ,, , , ,, , , ,, , , ,, , , ,, , , ,, , , ,, , , ,, , , ,, , , ,,1.111111,0.276863,White,NO_CODE,1.111111,0.276863,White,NO_CODE,1.111111,0.276863,White,NO_CODE,1.111111,0.276863,White,NO_CODE,1.111111,0.276863,White,NO_CODE,1.111111,0.276863,White,NO_CODE,1.111111,0.276863,White,NO_CODE,1.111111,0.276863,White,NO_CODE,1.111111,0.276863,White,NO_CODE,1.111111,0.276863,White,NO_CODE
3,38,1,23,-,2/7/2018,-,147,7.178449,0.600601, , , ,, , , ,, , , ,, , , ,, , , ,, , , ,, , , ,, , , ,, , , ,, , , ,, , , ,, , , ,, , , ,, , , ,, , , ,, , , ,, , , ,, , , ,, , , ,, , , ,, , , ,, , , ,,7.151704,0.600601,White,NO_CODE,7.151704,0.600601,White,NO_CODE,7.151704,0.600601,White,NO_CODE,7.151704,0.600601,White,NO_CODE,7.178449,0.600601,White,NO_CODE,7.151704,0.600601,White,NO_CODE,7.151704,0.600601,White,NO_CODE,7.151704,0.600601,White,NO_CODE,7.151704,0.600601,White,NO_CODE,7.151704,0.600601,White,NO_CODE,7.151704,0.600601,White,NO_CODE
3,38,2,24,-,2/22/2018,-,132,2.807541,0.21655, , , ,, , , ,, , , ,, , , ,, , , ,, , , ,, , , ,, , , ,, , , ,, , , ,, , , ,, , , ,, , , ,, , , ,, , , ,, , , ,, , , ,, , , ,, , , ,, , , ,, , , ,, , , ,, , , ,,2.807541,0.21655,White,NO_CODE,2.807541,0.21655,White,NO_CODE,2.807541,0.21655,White,NO_CODE,2.807541,0.21655,White,NO_CODE,2.807541,0.21655,White,NO_CODE,2.807541,0.21655,White,NO_CODE,2.807541,0.21655,White,NO_CODE,2.807541,0.21655,White,NO_CODE,2.807541,0.21655,White,NO_CODE,2.807541,0.21655,White,NO_CODE
3,39,2,24,-,2/22/2018,-,132,7.191243,0.45045, , , ,, , , ,, , , ,, , , ,, , , ,, , , ,, , , ,, , , ,, , , ,, , , ,, , , ,, , , ,, , , ,, , , ,, , , ,, , , ,, , , ,, , , ,, , , ,, , , ,, , , ,, , , ,, , , ,,7.185581,0.45045,White,NO_CODE,7.185581,0.45045,White,NO_CODE,7.185581,0.45045,White,NO_CODE,7.094751,0.45045,White,NO_CODE,7.191243,0.45045,White,NO_CODE,7.191243,0.45045,White,NO_CODE,7.191243,0.45045,White,NO_CODE,7.191243,0.45045,White,NO_CODE,7.191243,0.45045,White,NO_CODE,7.191243,0.45045,White,NO_CODE
3,40,2,24,-,2/22/2018,-,132,7.151704,0.400651, , , ,, , , ,, , , ,, , , ,, , , ,, , , ,, , , ,, , , ,, , , ,, , , ,, , , ,, , , ,, , , ,, , , ,, , , ,, , , ,, , , ,, , , ,, , , ,, , , ,, , , ,, , , ,, , , ,,7.151704,0.361609,White,NO_CODE,7.151704,0.361609,White,NO_CODE,7.151704,0.400651,White,NO_CODE,7.151704,0.400651,White,NO_CODE,7.151704,0.400651,White,NO_CODE,7.151704,0.400651,White,NO_CODE,7.151704,0.400651,White,NO_CODE,7.151704,0.400651,White,NO_CODE,7.151704,0.400651,White,NO_CODE,7.151704,0.400651,White,NO_CODE
3,41,2,24,-,2/22/2018,-,132,7.404473,0.394983, , , ,, , , ,, , , ,, , , ,, , , ,, , , ,, , , ,, , , ,, , , ,, , , ,, , , ,, , , ,, , , ,, , , ,, , , ,, , , ,, , , ,, , , ,, , , ,, , , ,, , , ,, , , ,, , , ,,6.573165,0.394983,White,NO_CODE,6.573165,0.394983,White,NO_CODE,6.94793,0.394983,White,NO_CODE,7.404473,0.394983,White,NO_CODE,7.404473,0.394983,White,NO_CODE,7.404473,0.394983,White,NO_CODE,7.404473,0.394983,White,NO_CODE,7.404473,0.394983,White,NO_CODE,7.404473,0.394983,White,NO_CODE,7.404473,0.394983,White,NO_CODE
3,41,3,32,-,6/21/2018,-,13,1.161806,0.379853, , , ,, , , ,, , , ,, , , ,, , , ,, , , ,, , , ,, , , ,, , , ,, , , ,, , , ,, , , ,, , , ,, , , ,, , , ,, , , ,, , , ,, , , ,, , , ,, , , ,, , , ,, , , ,, , , ,, , , ,, , , ,, , , ,, , , ,, , , ,, , , ,, , , ,, , , ,,1.161806,0.379853,White,NO_CODE,1.161806,0.379853,White,NO_CODE
3,42,1,25,-,3/4/2018,-,122,5.595909,0.48048, , , ,, , , ,, , , ,, , , ,, , , ,, , , ,, , , ,, , , ,, , , ,, , , ,, , , ,, , , ,, , , ,, , , ,, , , ,, , , ,, , , ,, , , ,, , , ,, , , ,, , , ,, , , ,, , , ,, , , ,,3.036747,0.48048,White,NO_CODE,3.036747,0.48048,White,NO_CODE,5.595909,0.48048,White,NO_CODE,5.595909,0.48048,White,NO_CODE,5.595909,0.48048,White,NO_CODE,5.595909,0.48048,White,NO_CODE,5.595909,0.48048,White,NO_CODE,5.595909,0.48048,White,NO_CODE,5.595909,0.48048,White,NO_CODE
3,48,1,26,-,3/28/2018,-,98,4.325965,0.228702, , , ,, , , ,, , , ,, , , ,, , , ,, , , ,, , , ,, , , ,, , , ,, , , ,, , , ,, , , ,, , , ,, , , ,, , , ,, , , ,, , , ,, , , ,, , , ,, , , ,, , , ,, , , ,, , , ,, , , ,, , , ,,4.325965,0.228702,White,NO_CODE,4.325965,0.228702,White,NO_CODE,4.325965,0.228702,White,NO_CODE,4.325965,0.228702,White,NO_CODE,4.325965,0.228702,White,NO_CODE,4.325965,0.228702,White,NO_CODE,4.325965,0.228702,White,NO_CODE,4.325965,0.228702,White,NO_CODE
3,48,2,26,-,3/28/2018,-,98,0.330671,0.18018, , , ,, , , ,, , , ,, , , ,, , , ,, , , ,, , , ,, , , ,, , , ,, , , ,, , , ,, , , ,, , , ,, , , ,, , , ,, , , ,, , , ,, , , ,, , , ,, , , ,, , , ,, , , ,, , , ,, , , ,, , , ,,0.330671,0.18018,White,NO_CODE,0.330671,0.18018,White,NO_CODE,0.330671,0.18018,White,NO_CODE,0.330671,0.18018,White,NO_CODE,0.330671,0.18018,White,NO_CODE,0.330671,0.18018,White,NO_CODE,0.330671,0.18018,White,NO_CODE,0.330671,0.18018,White,NO_CODE
3,49,1,26,-,3/28/2018,-,98,2.233657,0.212344, , , ,, , , ,, , , ,, , , ,, , , ,, , , ,, , , ,, , , ,, , , ,, , , ,, , , ,, , , ,, , , ,, , , ,, , , ,, , , ,, , , ,, , , ,, , , ,, , , ,, , , ,, , , ,, , , ,, , , ,, , , ,,1.477282,0.212344,White,NO_CODE,1.477282,0.212344,White,NO_CODE,1.477282,0.212344,White,NO_CODE,1.477282,0.212344,White,NO_CODE,1.928597,0.212344,White,NO_CODE,2.233657,0.212344,White,NO_CODE,2.233657,0.212344,White,NO_CODE,2.233657,0.212344,White,NO_CODE
3,49,2,26,-,3/28/2018,-,98,1.052676,0.161717, , , ,, , , ,, , , ,, , , ,, , , ,, , , ,, , , ,, , , ,, , , ,, , , ,, , , ,, , , ,, , , ,, , , ,, , , ,, , , ,, , , ,, , , ,, , , ,, , , ,, , , ,, , , ,, , , ,, , , ,, , , ,,1.052676,0.161717,White,NO_CODE,1.052676,0.161717,White,NO_CODE,1.052676,0.161717,White,NO_CODE,1.052676,0.161717,White,NO_CODE,1.052676,0.161717,White,NO_CODE,1.052676,0.161717,White,NO_CODE,1.052676,0.161717,White,NO_CODE,1.052676,0.161717,White,NO_CODE
3,50,1,26,-,3/28/2018,-,98,2.442813,0.21655, , , ,, , , ,, , , ,, , , ,, , , ,, , , ,, , , ,, , , ,, , , ,, , , ,, , , ,, , , ,, , , ,, , , ,, , , ,, , , ,, , , ,, , , ,, , , ,, , , ,, , , ,, , , ,, , , ,, , , ,, , , ,,2.442813,0.21655,White,NO_CODE,2.442813,0.21655,White,NO_CODE,2.442813,0.21655,White,NO_CODE,2.442813,0.21655,White,NO_CODE,2.442813,0.21655,White,NO_CODE,2.442813,0.21655,White,NO_CODE,2.442813,0.21655,White,NO_CODE,2.442813,0.21655,White,NO_CODE
3,51,1,26,-,3/28/2018,-,98,8.655825,0.182666, , , ,, , , ,, , , ,, , , ,, , , ,, , , ,, , , ,, , , ,, , , ,, , , ,, , , ,, , , ,, , , ,, , , ,, , , ,, , , ,, , , ,, , , ,, , , ,, , , ,, , , ,, , , ,, , , ,, , , ,, , , ,,8.655825,0.182666,White,NO_CODE,8.655825,0.182666,White,NO_CODE,8.655825,0.182666,White,NO_CODE,8.655825,0.182666,White,NO_CODE,8.655825,0.182666,White,NO_CODE,8.655825,0.182666,White,NO_CODE,8.655825,0.182666,White,NO_CODE,8.655825,0.182666,White,NO_CODE
3,51,2,26,-,3/28/2018,-,98,0.615494,0.18018, , , ,, , , ,, , , ,, , , ,, , , ,, , , ,, , , ,, , , ,, , , ,, , , ,, , , ,, , , ,, , , ,, , , ,, , , ,, , , ,, , , ,, , , ,, , , ,, , , ,, , , ,, , , ,, , , ,, , , ,, , , ,,0.615494,0.18018,White,NO_CODE,0.615494,0.18018,White,NO_CODE,0.615494,0.18018,White,NO_CODE,0.615494,0.18018,White,NO_CODE,0.615494,0.18018,White,NO_CODE,0.615494,0.18018,White,NO_CODE,0.615494,0.18018,White,NO_CODE,0.615494,0.18018,White,NO_CODE
3,51,3,26,-,3/28/2018,-,98,2.45921,0.365331, , , ,, , , ,, , , ,, , , ,, , , ,, , , ,, , , ,, , , ,, , , ,, , , ,, , , ,, , , ,, , , ,, , , ,, , , ,, , , ,, , , ,, , , ,, , , ,, , , ,, , , ,, , , ,, , , ,, , , ,, , , ,,2.45921,0.365331,White,NO_CODE,2.45921,0.365331,White,NO_CODE,2.45921,0.365331,White,NO_CODE,2.45921,0.365331,White,NO_CODE,2.45921,0.365331,White,NO_CODE,2.45921,0.365331,White,NO_CODE,2.45921,0.365331,White,NO_CODE,2.45921,0.365331,White,NO_CODE
3,52,1,25,-,3/4/2018,-,122,7.159491,0.295762, , , ,, , , ,, , , ,, , , ,, , , ,, , , ,, , , ,, , , ,, , , ,, , , ,, , , ,, , , ,, , , ,, , , ,, , , ,, , , ,, , , ,, , , ,, , , ,, , , ,, , , ,, , , ,, , , ,, , , ,,7.159491,0.295762,White,NO_CODE,7.159491,0.295762,White,NO_CODE,7.159491,0.295762,White,NO_CODE,7.159491,0.295762,White,NO_CODE,7.159491,0.295762,White,NO_CODE,7.159491,0.295762,White,NO_CODE,7.159491,0.295762,White,NO_CODE,7.159491,0.295762,White,NO_CODE,7.159491,0.295762,White,NO_CODE
3,52,2,26,-,3/28/2018,-,98,1.449561,0.28489, , , ,, , , ,, , , ,, , , ,, , , ,, , , ,, , , ,, , , ,, , , ,, , , ,, , , ,, , , ,, , , ,, , , ,, , , ,, , , ,, , , ,, , , ,, , , ,, , , ,, , , ,, , , ,, , , ,, , , ,, , , ,,1.449561,0.28489,White,NO_CODE,1.449561,0.28489,White,NO_CODE,1.449561,0.28489,White,NO_CODE,1.449561,0.28489,White,NO_CODE,1.449561,0.28489,White,NO_CODE,1.449561,0.28489,White,NO_CODE,1.449561,0.28489,White,NO_CODE,1.449561,0.28489,White,NO_CODE
3,52,3,26,-,3/28/2018,-,98,0.622173,0.218622, , , ,, , , ,, , , ,, , , ,, , , ,, , , ,, , , ,, , , ,, , , ,, , , ,, , , ,, , , ,, , , ,, , , ,, , , ,, , , ,, , , ,, , , ,, , , ,, , , ,, , , ,, , , ,, , , ,, , , ,, , , ,,0.266067,0.218622,White,NO_CODE,0.510511,0.218622,White,NO_CODE,0.510511,0.218622,White,NO_CODE,0.510511,0.218622,White,NO_CODE,0.510511,0.218622,White,NO_CODE,0.622173,0.218622,White,NO_CODE,0.622173,0.218622,White,NO_CODE,0.622173,0.218622,White,NO_CODE
3,52,4,26,-,3/28/2018,-,98,0.824596,0.297282, , , ,, , , ,, , , ,, , , ,, , , ,, , , ,, , , ,, , , ,, , , ,, , , ,, , , ,, , , ,, , , ,, , , ,, , , ,, , , ,, , , ,, , , ,, , , ,, , , ,, , , ,, , , ,, , , ,, , , ,, , , ,,0.300675,0.297282,White,NO_CODE,0.556367,0.297282,White,NO_CODE,0.556367,0.297282,White,NO_CODE,0.556367,0.297282,White,NO_CODE,0.556367,0.297282,White,NO_CODE,0.824596,0.297282,White,NO_CODE,0.824596,0.297282,White,NO_CODE,0.824596,0.297282,White,NO_CODE
3,52,5,26,32,3/28/2018,6/21/2018,85,1.629181,0.27027, , , ,, , , ,, , , ,, , , ,, , , ,, , , ,, , , ,, , , ,, , , ,, , , ,, , , ,, , , ,, , , ,, , , ,, , , ,, , , ,, , , ,, , , ,, , , ,, , , ,, , , ,, , , ,, , , ,, , , ,, , , ,,1.629181,0.27027,White,NO_CODE,1.629181,0.27027,White,NO_CODE,1.629181,0.27027,White,NO_CODE,1.629181,0.27027,White,NO_CODE,1.629181,0.27027,White,NO_CODE,1.629181,0.27027,White,NO_CODE,,,,,,,,
3,54,1,25,-,3/4/2018,-,122,7.230107,0.323433, , , ,, , , ,, , , ,, , , ,, , , ,, , , ,, , , ,, , , ,, , , ,, , , ,, , , ,, , , ,, , , ,, , , ,, , , ,, , , ,, , , ,, , , ,, , , ,, , , ,, , , ,, , , ,, , , ,, , , ,,7.230107,0.323433,White,NO_CODE,7.230107,0.323433,White,NO_CODE,7.230107,0.323433,White,NO_CODE,7.230107,0.323433,White,NO_CODE,7.230107,0.323433,White,NO_CODE,7.230107,0.323433,White,NO_CODE,7.230107,0.323433,White,NO_CODE,7.230107,0.323433,White,NO_CODE,7.230107,0.323433,White,NO_CODE
3,54,2,26,-,3/28/2018,-,98,1.981072,0.313523, , , ,, , , ,, , , ,, , , ,, , , ,, , , ,, , , ,, , , ,, , , ,, , , ,, , , ,, , , ,, , , ,, , , ,, , , ,, , , ,, , , ,, , , ,, , , ,, , , ,, , , ,, , , ,, , , ,, , , ,, , , ,,1.130422,0.313523,White,NO_CODE,1.130422,0.313523,White,NO_CODE,1.130422,0.313523,White,NO_CODE,1.130422,0.313523,White,NO_CODE,1.981072,0.313523,White,NO_CODE,1.981072,0.313523,White,NO_CODE,1.981072,0.313523,White,NO_CODE,1.981072,0.313523,White,NO_CODE
3,55,1,25,-,3/4/2018,-,122,7.270772,0.371451, , , ,, , , ,, , , ,, , , ,, , , ,, , , ,, , , ,, , , ,, , , ,, , , ,, , , ,, , , ,, , , ,, , , ,, , , ,, , , ,, , , ,, , , ,, , , ,, , , ,, , , ,, , , ,, , , ,, , , ,,6.873614,0.371451,White,NO_CODE,7.270772,0.371451,White,NO_CODE,7.270772,0.371451,White,NO_CODE,7.270772,0.371451,White,NO_CODE,7.270772,0.371451,White,NO_CODE,7.270772,0.371451,White,NO_CODE,7.270772,0.371451,White,NO_CODE,7.270772,0.371451,White,NO_CODE,7.270772,0.371451,White,NO_CODE
3,55,2,26,-,3/28/2018,-,98,1.847405,0.271933, , , ,, , , ,, , , ,, , , ,, , , ,, , , ,, , , ,, , , ,, , , ,, , , ,, , , ,, , , ,, , , ,, , , ,, , , ,, , , ,, , , ,, , , ,, , , ,, , , ,, , , ,, , , ,, , , ,, , , ,, , , ,,1.847405,0.271933,White,NO_CODE,1.847405,0.271933,White,NO_CODE,1.847405,0.271933,White,NO_CODE,1.847405,0.271933,White,NO_CODE,1.847405,0.271933,White,NO_CODE,1.847405,0.271933,White,NO_CODE,1.847405,0.271933,White,NO_CODE,1.847405,0.271933,White,NO_CODE
3,55,3,26,-,3/28/2018,-,98,1.174631,0.24211, , , ,, , , ,, , , ,, , , ,, , , ,, , , ,, , , ,, , , ,, , , ,, , , ,, , , ,, , , ,, , , ,, , , ,, , , ,, , , ,, , , ,, , , ,, , , ,, , , ,, , , ,, , , ,, , , ,, , , ,, , , ,,1.174631,0.24211,White,NO_CODE,1.174631,0.24211,White,NO_CODE,1.174631,0.24211,White,NO_CODE,1.174631,0.24211,White,NO_CODE,1.174631,0.24211,White,NO_CODE,1.174631,0.24211,White,NO_CODE,1.174631,0.24211,White,NO_CODE,1.174631,0.24211,White,NO_CODE
3,56,1,26,-,3/28/2018,-,98,5.868643,0.301798, , , ,, , , ,, , , ,, , , ,, , , ,, , , ,, , , ,, , , ,, , , ,, , , ,, , , ,, , , ,, , , ,, , , ,, , , ,, , , ,, , , ,, , , ,, , , ,, , , ,, , , ,, , , ,, , , ,, , , ,, , , ,,4.019315,0.301798,White,NO_CODE,5.5947,0.301798,White,NO_CODE,5.5947,0.301798,White,NO_CODE,5.5947,0.301798,White,NO_CODE,5.5947,0.301798,White,NO_CODE,5.868643,0.301798,White,NO_CODE,5.868643,0.301798,White,NO_CODE,5.868643,0.301798,White,NO_CODE
3,57,1,26,-,3/28/2018,-,98,3.753908,0.394983, , , ,, , , ,, , , ,, , , ,, , , ,, , , ,, , , ,, , , ,, , , ,, , , ,, , , ,, , , ,, , , ,, , , ,, , , ,, , , ,, , , ,, , , ,, , , ,, , , ,, , , ,, , , ,, , , ,, , , ,, , , ,,3.753908,0.394983,White,NO_CODE,3.753908,0.394983,White,NO_CODE,3.753908,0.394983,White,NO_CODE,3.753908,0.394983,White,NO_CODE,3.753908,0.394983,White,NO_CODE,3.753908,0.394983,White,NO_CODE,3.753908,0.394983,White,NO_CODE,3.753908,0.394983,White,NO_CODE
3,57,2,27,-,4/11/2018,-,84,0.723219,0.391544, , , ,, , , ,, , , ,, , , ,, , , ,, , , ,, , , ,, , , ,, , , ,, , , ,, , , ,, , , ,, , , ,, , , ,, , , ,, , , ,, , , ,, , , ,, , , ,, , , ,, , , ,, , , ,, , , ,, , , ,, , , ,, , , ,,0.723219,0.391544,White,NO_CODE,0.723219,0.391544,White,NO_CODE,0.723219,0.391544,White,NO_CODE,0.723219,0.391544,White,NO_CODE,0.723219,0.391544,White,NO_CODE,0.723219,0.391544,White,NO_CODE,0.723219,0.391544,White,NO_CODE
3,58,1,26,-,3/28/2018,-,98,4.221249,0.56978, , , ,, , , ,, , , ,, , , ,, , , ,, , , ,, , , ,, , , ,, , , ,, , , ,, , , ,, , , ,, , , ,, , , ,, , , ,, , , ,, , , ,, , , ,, , , ,, , , ,, , , ,, , , ,, , , ,, , , ,, , , ,,3.942121,0.56978,White,NO_CODE,3.942121,0.56978,White,NO_CODE,3.942121,0.56978,White,NO_CODE,3.942121,0.56978,White,NO_CODE,3.942121,0.56978,White,NO_CODE,3.942121,0.56978,White,NO_CODE,3.942121,0.56978,White,NO_CODE,4.221249,0.56978,White,NO_CODE
3,58,2,26,-,3/28/2018,-,98,3.110428,0.351493, , , ,, , , ,, , , ,, , , ,, , , ,, , , ,, , , ,, , , ,, , , ,, , , ,, , , ,, , , ,, , , ,, , , ,, , , ,, , , ,, , , ,, , , ,, , , ,, , , ,, , , ,, , , ,, , , ,, , , ,, , , ,,1.538874,0.351493,White,NO_CODE,2.860587,0.351493,White,NO_CODE,2.860587,0.351493,White,NO_CODE,2.860587,0.351493,White,NO_CODE,2.860587,0.351493,White,NO_CODE,2.860587,0.351493,White,NO_CODE,2.860587,0.351493,White,NO_CODE,3.110428,0.351493,White,NO_CODE
3,58,3,32,-,6/21/2018,-,13,0.651901,0.18018, , , ,, , , ,, , , ,, , , ,, , , ,, , , ,, , , ,, , , ,, , , ,, , , ,, , , ,, , , ,, , , ,, , , ,, , , ,, , , ,, , , ,, , , ,, , , ,, , , ,, , , ,, , , ,, , , ,, , , ,, , , ,, , , ,, , , ,, , , ,, , , ,, , , ,, , , ,,0.651901,0.18018,White,NO_CODE,0.651901,0.18018,White,NO_CODE
3,59,1,27,-,4/11/2018,-,84,6.865934,0.41827, , , ,, , , ,, , , ,, , , ,, , , ,, , , ,, , , ,, , , ,, , , ,, , , ,, , , ,, , , ,, , , ,, , , ,, , , ,, , , ,, , , ,, , , ,, , , ,, , , ,, , , ,, , , ,, , , ,, , , ,, , , ,, , , ,,6.865934,0.41827,White,NO_CODE,6.865934,0.41827,White,NO_CODE,6.865934,0.41827,White,NO_CODE,6.865934,0.41827,White,NO_CODE,6.865934,0.41827,White,NO_CODE,6.865934,0.41827,White,NO_CODE,6.865934,0.41827,White,NO_CODE
3,59,2,27,-,4/11/2018,-,84,1.634289,0.189927, , , ,, , , ,, , , ,, , , ,, , , ,, , , ,, , , ,, , , ,, , , ,, , , ,, , , ,, , , ,, , , ,, , , ,, , , ,, , , ,, , , ,, , , ,, , , ,, , , ,, , , ,, , , ,, , , ,, , , ,, , , ,, , , ,,1.634289,0.189927,White,NO_CODE,1.634289,0.189927,White,NO_CODE,1.634289,0.189927,White,NO_CODE,1.634289,0.189927,White,NO_CODE,1.634289,0.189927,White,NO_CODE,1.634289,0.189927,White,NO_CODE,1.634289,0.189927,White,NO_CODE
3,59,3,27,-,4/11/2018,-,84,0.553726,0.24024, , , ,, , , ,, , , ,, , , ,, , , ,, , , ,, , , ,, , , ,, , , ,, , , ,, , , ,, , , ,, , , ,, , , ,, , , ,, , , ,, , , ,, , , ,, , , ,, , , ,, , , ,, , , ,, , , ,, , , ,, , , ,, , , ,,0.553726,0.24024,White,NO_CODE,0.553726,0.24024,White,NO_CODE,0.553726,0.24024,White,NO_CODE,0.553726,0.24024,White,NO_CODE,0.553726,0.24024,White,NO_CODE,0.553726,0.24024,White,NO_CODE,0.553726,0.24024,White,NO_CODE
3,59,4,27,-,4/11/2018,-,84,1.486562,0.228702, , , ,, , , ,, , , ,, , , ,, , , ,, , , ,, , , ,, , , ,, , , ,, , , ,, , , ,, , , ,, , , ,, , , ,, , , ,, , , ,, , , ,, , , ,, , , ,, , , ,, , , ,, , , ,, , , ,, , , ,, , , ,, , , ,,1.486562,0.228702,White,NO_CODE,1.486562,0.228702,White,NO_CODE,1.486562,0.228702,White,NO_CODE,1.486562,0.228702,White,NO_CODE,1.486562,0.228702,White,NO_CODE,1.486562,0.228702,White,NO_CODE,1.486562,0.228702,White,NO_CODE
3,59,5,27,-,4/11/2018,-,84,1.910451,0.28489, , , ,, , , ,, , , ,, , , ,, , , ,, , , ,, , , ,, , , ,, , , ,, , , ,, , , ,, , , ,, , , ,, , , ,, , , ,, , , ,, , , ,, , , ,, , , ,, , , ,, , , ,, , , ,, , , ,, , , ,, , , ,, , , ,,1.910451,0.28489,White,NO_CODE,1.910451,0.28489,White,NO_CODE,1.910451,0.28489,White,NO_CODE,1.910451,0.28489,White,NO_CODE,1.910451,0.28489,White,NO_CODE,1.910451,0.28489,White,NO_CODE,1.910451,0.28489,White,NO_CODE
3,60,1,27,-,4/11/2018,-,84,4.776286,0.45045, , , ,, , , ,, , , ,, , , ,, , , ,, , , ,, , , ,, , , ,, , , ,, , , ,, , , ,, , , ,, , , ,, , , ,, , , ,, , , ,, , , ,, , , ,, , , ,, , , ,, , , ,, , , ,, , , ,, , , ,, , , ,, , , ,,4.776286,0.45045,White,NO_CODE,4.776286,0.45045,White,NO_CODE,4.776286,0.45045,White,NO_CODE,4.776286,0.45045,White,NO_CODE,4.776286,0.45045,White,NO_CODE,4.776286,0.45045,White,NO_CODE,4.776286,0.45045,White,NO_CODE
3,60,2,27,-,4/11/2018,-,84,3.281583,0.271933, , , ,, , , ,, , , ,, , , ,, , , ,, , , ,, , , ,, , , ,, , , ,, , , ,, , , ,, , , ,, , , ,, , , ,, , , ,, , , ,, , , ,, , , ,, , , ,, , , ,, , , ,, , , ,, , , ,, , , ,, , , ,, , , ,,3.281583,0.271933,White,NO_CODE,3.281583,0.271933,White,NO_CODE,3.281583,0.271933,White,NO_CODE,3.281583,0.271933,White,NO_CODE,3.281583,0.271933,White,NO_CODE,3.281583,0.271933,White,NO_CODE,3.281583,0.271933,White,NO_CODE
3,60,3,28,-,4/25/2018,-,70,1.011229,0.192286, , , ,, , , ,, , , ,, , , ,, , , ,, , , ,, , , ,, , , ,, , , ,, , , ,, , , ,, , , ,, , , ,, , , ,, , , ,, , , ,, , , ,, , , ,, , , ,, , , ,, , , ,, , , ,, , , ,, , , ,, , , ,, , , ,, , , ,,1.011229,0.192286,White,NO_CODE,1.011229,0.192286,White,NO_CODE,1.011229,0.192286,White,NO_CODE,1.011229,0.192286,White,NO_CODE,1.011229,0.192286,White,NO_CODE,1.011229,0.192286,White,NO_CODE
3,61,2,27,-,4/11/2018,-,84,4.236922,0.577639, , , ,, , , ,, , , ,, , , ,, , , ,, , , ,, , , ,, , , ,, , , ,, , , ,, , , ,, , , ,, , , ,, , , ,, , , ,, , , ,, , , ,, , , ,, , , ,, , , ,, , , ,, , , ,, , , ,, , , ,, , , ,, , , ,,1.967024,0.577639,White,NO_CODE,1.967024,0.577639,White,NO_CODE,1.967024,0.577639,White,NO_CODE,1.967024,0.577639,White,NO_CODE,4.236922,0.577639,White,NO_CODE,4.236922,0.577639,White,NO_CODE,4.236922,0.577639,White,NO_CODE
3,62,2,28,-,4/25/2018,-,70,7.18682,0.497085, , , ,, , , ,, , , ,, , , ,, , , ,, , , ,, , , ,, , , ,, , , ,, , , ,, , , ,, , , ,, , , ,, , , ,, , , ,, , , ,, , , ,, , , ,, , , ,, , , ,, , , ,, , , ,, , , ,, , , ,, , , ,, , , ,, , , ,,7.18682,0.497085,White,NO_CODE,7.18682,0.497085,White,NO_CODE,7.18682,0.497085,White,NO_CODE,7.18682,0.497085,White,NO_CODE,7.18682,0.497085,White,NO_CODE,7.18682,0.497085,White,NO_CODE
3,62,3,31,-,6/6/2018,-,28,0.577639,0.161717, , , ,, , , ,, , , ,, , , ,, , , ,, , , ,, , , ,, , , ,, , , ,, , , ,, , , ,, , , ,, , , ,, , , ,, , , ,, , , ,, , , ,, , , ,, , , ,, , , ,, , , ,, , , ,, , , ,, , , ,, , , ,, , , ,, , , ,, , , ,, , , ,, , , ,,0.577639,0.161717,White,NO_CODE,0.577639,0.161717,White,NO_CODE,0.577639,0.161717,White,NO_CODE
3,62,4,31,-,6/6/2018,-,28,0.832758,0.189927, , , ,, , , ,, , , ,, , , ,, , , ,, , , ,, , , ,, , , ,, , , ,, , , ,, , , ,, , , ,, , , ,, , , ,, , , ,, , , ,, , , ,, , , ,, , , ,, , , ,, , , ,, , , ,, , , ,, , , ,, , , ,, , , ,, , , ,, , , ,, , , ,, , , ,,0.832758,0.189927,White,NO_CODE,0.832758,0.189927,White,NO_CODE,0.832758,0.189927,White,NO_CODE
3,63,2,28,-,4/25/2018,-,70,7.162501,0.618356, , , ,, , , ,, , , ,, , , ,, , , ,, , , ,, , , ,, , , ,, , , ,, , , ,, , , ,, , , ,, , , ,, , , ,, , , ,, , , ,, , , ,, , , ,, , , ,, , , ,, , , ,, , , ,, , , ,, , , ,, , , ,, , , ,, , , ,,7.162501,0.618356,White,NO_CODE,7.162501,0.618356,White,NO_CODE,7.162501,0.618356,White,NO_CODE,7.162501,0.618356,White,NO_CODE,7.162501,0.618356,White,NO_CODE,7.162501,0.618356,White,NO_CODE
3,64,3,28,-,4/25/2018,-,70,1.6861,0.637033, , , ,, , , ,, , , ,, , , ,, , , ,, , , ,, , , ,, , , ,, , , ,, , , ,, , , ,, , , ,, , , ,, , , ,, , , ,, , , ,, , , ,, , , ,, , , ,, , , ,, , , ,, , , ,, , , ,, , , ,, , , ,, , , ,, , , ,,1.6861,0.637033,White,NO_CODE,1.6861,0.637033,White,NO_CODE,1.6861,0.637033,White,NO_CODE,1.6861,0.637033,White,NO_CODE,1.6861,0.637033,White,NO_CODE,1.6861,0.637033,White,NO_CODE
3,64,4,32,-,6/21/2018,-,13,0.720877,0.39039, , , ,, , , ,, , , ,, , , ,, , , ,, , , ,, , , ,, , , ,, , , ,, , , ,, , , ,, , , ,, , , ,, , , ,, , , ,, , , ,, , , ,, , , ,, , , ,, , , ,, , , ,, , , ,, , , ,, , , ,, , , ,, , , ,, , , ,, , , ,, , , ,, , , ,, , , ,,0.720877,0.39039,White,NO_CODE,0.720877,0.39039,White,NO_CODE
3,65,1,31,-,6/6/2018,-,28,1.425241,0.306247, , , ,, , , ,, , , ,, , , ,, , , ,, , , ,, , , ,, , , ,, , , ,, , , ,, , , ,, , , ,, , , ,, , , ,, , , ,, , , ,, , , ,, , , ,, , , ,, , , ,, , , ,, , , ,, , , ,, , , ,, , , ,, , , ,, , , ,, , , ,, , , ,, , , ,,1.425241,0.306247,White,NO_CODE,1.425241,0.306247,White,NO_CODE,1.425241,0.306247,White,NO_CODE
3,66,1,31,-,6/6/2018,-,28,5.455329,0.342395, , , ,, , , ,, , , ,, , , ,, , , ,, , , ,, , , ,, , , ,, , , ,, , , ,, , , ,, , , ,, , , ,, , , ,, , , ,, , , ,, , , ,, , , ,, , , ,, , , ,, , , ,, , , ,, , , ,, , , ,, , , ,, , , ,, , , ,, , , ,, , , ,, , , ,,3.850437,0.342395,White,NO_CODE,3.850437,0.342395,White,NO_CODE,5.455329,0.342395,White,NO_CODE
3,67,1,31,-,6/6/2018,-,28,7.193701,0.391544, , , ,, , , ,, , , ,, , , ,, , , ,, , , ,, , , ,, , , ,, , , ,, , , ,, , , ,, , , ,, , , ,, , , ,, , , ,, , , ,, , , ,, , , ,, , , ,, , , ,, , , ,, , , ,, , , ,, , , ,, , , ,, , , ,, , , ,, , , ,, , , ,, , , ,,6.833853,0.391544,White,NO_CODE,7.193701,0.391544,White,NO_CODE,7.193701,0.391544,White,NO_CODE
3,68,1,32,-,6/21/2018,-,13,0.8632,0.454437, , , ,, , , ,, , , ,, , , ,, , , ,, , , ,, , , ,, , , ,, , , ,, , , ,, , , ,, , , ,, , , ,, , , ,, , , ,, , , ,, , , ,, , , ,, , , ,, , , ,, , , ,, , , ,, , , ,, , , ,, , , ,, , , ,, , , ,, , , ,, , , ,, , , ,, , , ,,0.8632,0.454437,White,NO_CODE,0.8632,0.454437,White,NO_CODE
3,72,1,33,-,7/4/2018,-,0,2.583556,0.218622, , , ,, , , ,, , , ,, , , ,, , , ,, , , ,, , , ,, , , ,, , , ,, , , ,, , , ,, , , ,, , , ,, , , ,, , , ,, , , ,, , , ,, , , ,, , , ,, , , ,, , , ,, , , ,, , , ,, , , ,, , , ,, , , ,, , , ,, , , ,, , , ,, , , ,, , , ,, , , ,,2.583556,0.218622,White,NO_CODE
3,73,1,33,-,7/4/2018,-,0,2.536471,0.379853, , , ,, , , ,, , , ,, , , ,, , , ,, , , ,, , , ,, , , ,, , , ,, , , ,, , , ,, , , ,, , , ,, , , ,, , , ,, , , ,, , , ,, , , ,, , , ,, , , ,, , , ,, , , ,, , , ,, , , ,, , , ,, , , ,, , , ,, , , ,, , , ,, , , ,, , , ,, , , ,,2.536471,0.379853,White,NO_CODE
3,28,14,17,20,11/14/2017,12/27/2017,43,5.113269,0.42042, , , ,, , , ,, , , ,, , , ,, , , ,, , , ,, , , ,, , , ,, , , ,, , , ,, , , ,, , , ,, , , ,, , , ,, , , ,, , , ,,5.113269,0.42042,White,NO_CODE,5.113269,0.42042,White,NO_CODE,5.113269,0.42042,White,NO_CODE,,,,,,,,,,,,,,,,,,,,,,,,,,,,,,,,,,,,,,,,,,,,,,,,,,,,,,,,
3,28,15,22,25,1/25/2018,3/4/2018,38,4.42652,0.12012, , , ,, , , ,, , , ,, , , ,, , , ,, , , ,, , , ,, , , ,, , , ,, , , ,, , , ,, , , ,, , , ,, , , ,, , , ,, , , ,, , , ,, , , ,, , , ,, , , ,, , , ,,4.42652,0.12012,White,NO_CODE,4.42652,0.12012,White,NO_CODE,4.42652,0.12012,White,NO_CODE,,,,,,,,,,,,,,,,,,,,,,,,,,,,,,,,,,,,
3,28,16,23,-,2/7/2018,-,91,7.350339,0.301798, , , ,, , , ,, , , ,, , , ,, , , ,, , , ,, , , ,, , , ,, , , ,, , , ,, , , ,, , , ,, , , ,, , , ,, , , ,, , , ,, , , ,, , , ,, , , ,, , , ,, , , ,, , , ,,4.455476,0.301798,White,NO_CODE,4.455476,0.301798,White,NO_CODE,7.350339,0.301798,White,NO_CODE,7.350339,0.301798,White,NO_CODE,7.350339,0.301798,White,NO_CODE,7.350339,0.301798,White,NO_CODE,7.350339,0.301798,White,NO_CODE,,,,,,,,,,,,,,,,
3,17,12,30,-,5/23/2018,-,56,3.283495,0.459371, , , ,, , , ,, , , ,, , , ,, , , ,, , , ,, , , ,, , , ,, , , ,, , , ,, , , ,, , , ,, , , ,, , , ,, , , ,, , , ,, , , ,, , , ,, , , ,, , , ,, , , ,, , , ,, , , ,, , , ,, , , ,, , , ,, , , ,, , , ,, , , ,,3.283495,0.459371,White,NO_CODE,3.283495,0.459371,White,NO_CODE,3.283495,0.459371,White,NO_CODE,3.283495,0.459371,White,NO_CODE
3,17,13,31,-,6/6/2018,-,42,4.141532,0.228702, , , ,, , , ,, , , ,, , , ,, , , ,, , , ,, , , ,, , , ,, , , ,, , , ,, , , ,, , , ,, , , ,, , , ,, , , ,, , , ,, , , ,, , , ,, , , ,, , , ,, , , ,, , , ,, , , ,, , , ,, , , ,, , , ,, , , ,, , , ,, , , ,, , , ,,1.46772,0.228702,White,NO_CODE,1.46772,0.228702,White,NO_CODE,4.141532,0.228702,White,NO_CODE
3,17,14,31,-,6/6/2018,-,42,1.524926,0.201448, , , ,, , , ,, , , ,, , , ,, , , ,, , , ,, , , ,, , , ,, , , ,, , , ,, , , ,, , , ,, , , ,, , , ,, , , ,, , , ,, , , ,, , , ,, , , ,, , , ,, , , ,, , , ,, , , ,, , , ,, , , ,, , , ,, , , ,, , , ,, , , ,, , , ,,1.524926,0.201448,White,NO_CODE,1.524926,0.201448,White,NO_CODE,1.524926,0.201448,White,NO_CODE
3,17,15,33,-,7/4/2018,-,14,1.52096,0.21021, , , ,, , , ,, , , ,, , , ,, , , ,, , , ,, , , ,, , , ,, , , ,, , , ,, , , ,, , , ,, , , ,, , , ,, , , ,, , , ,, , , ,, , , ,, , , ,, , , ,, , , ,, , , ,, , , ,, , , ,, , , ,, , , ,, , , ,, , , ,, , , ,, , , ,, , , ,, , , ,,1.52096,0.21021,White,NO_CODE
3,17,16,33,-,7/4/2018,-,14,1.231323,0.391544, , , ,, , , ,, , , ,, , , ,, , , ,, , , ,, , , ,, , , ,, , , ,, , , ,, , , ,, , , ,, , , ,, , , ,, , , ,, , , ,, , , ,, , , ,, , , ,, , , ,, , , ,, , , ,, , , ,, , , ,, , , ,, , , ,, , , ,, , , ,, , , ,, , , ,, , , ,, , , ,,1.231323,0.391544,White,NO_CODE
