Run,Date and plot,Date,Plot,Volume mL,PO4-P mg/L,PO4-P ug,NO3-N mg/L,NO3-N ug,NH4-N mg/L,NH4-N ug
1,30 JAN 18-1,1/30/18,1,655,0.01450982,9.5039321,2.83694614,1858.199722,0.637371518,417.4783441
1,30 JAN 18-2,1/30/18,2,1390,BDL,BDL,0.57213944,795.2738216,0.659504643,916.7114535
1,30 JAN 18-3,1/30/18,3,4330,0.15975811,691.7526163,0.0294066,127.330578,BDL,BDL
1,30 JAN 18-4,1/30/18,4,690,0.60574871,417.9666099,0.16329438,112.6731222,0.732543955,505.4553292
1,30 JAN 18-5,1/30/18,5,865,0.35261891,305.0153572,7.75308997,6706.422824,BDL,BDL
1,30 JAN 18-6,1/30/18,6,845,0.08321648,70.3179256,BDL,BDL,BDL,BDL
1,13 FEB 18-1,2/13/18,1,240,BDL,BDL,0.03504938,8.4118512,0.281028205,67.44676909
1,13 FEB 18-2,2/13/18,2,370,0.08020303,29.6751211,4.58415602,1696.137727,2.098157771,776.3183751
1,13 FEB 18-3,2/13/18,3,310,0.27547459,85.3971229,5.0027477,1550.851787,0.082936735,25.71038798
1,13 FEB 18-4,2/13/18,4,150,0.04826046,7.239069,0.12020406,18.030609,1.21836605,182.7549075
1,13 FEB 18-5,2/13/18,5,300,0.12118595,36.355785,0.0396662,11.89986,0.254468454,76.34053635
1,13 FEB 18-6,2/13/18,6,320,0.04102818,13.1290176,2.00540556,641.7297792,1.554789551,497.5326562
1,27 FEB 18-1,2/27/18,1,4300,BDL,BDL,0.47980304,2063.153072,0.023177298,99.66238058
1,27 FEB 18-2,2/27/18,2,1150,BDL,BDL,0.25870866,297.514959,0.149336111,171.7365271
1,27 FEB 18-3,2/27/18,3,7750,BDL,BDL,5.4182615,41991.52663,0.030923892,239.6601597
1,27 FEB 18-4,2/27/18,4,330,0.0579035,19.108155,3.661305,1208.23065,0.47137308,155.5531164
1,27 FEB 18-5,2/27/18,5,320,BDL,BDL,1.12769678,360.8629696,0.012110735,3.875435292
1,27 FEB 18-6,2/27/18,6,770,0.01390713,10.7084901,0.61625572,474.5169044,0.755783737,581.9534773
1,13 MAR 18-1,3/13/18,1,140,0.03259052,4.5626728,0.29205236,40.8873304,BDL,BDL
1,13 MAR 18-2,3/13/18,2,230,0.04524701,10.4068123,0.16996312,39.0915176,0.340787642,78.3811577
1,13 MAR 18-3,3/13/18,3,360,0.01089368,3.9217248,0.39670028,142.8121008,0.014324048,5.156657205
1,13 MAR 18-4,3/13/18,4,50,0.23388898,11.694449,0.50776045,25.3880225,BDL,BDL
1,13 MAR 18-5,3/13/18,5,60,0.04283625,2.570175,2.43066598,145.8399588,BDL,BDL
1,13 MAR 18-6,3/13/18,6,220,0.25438044,55.9636968,0.65472922,144.0404284,0.600851861,132.1874095
1,27 MARCH 18-1,3/27/18,1,240,0.89624529,215.0988696,2.01771708,484.2520992,3.027749022,726.6597653
1,27 MAR 18-2,3/27/18,2,1425,0.06754654,96.2538195,0.61830764,881.088387,0.333041048,474.583494
1,27 MAR 18-3,3/27/18,3,450,0.0639304,28.76868,4.27072524,1921.826358,1.341204894,603.5422023
1,27 MARCH 18-4,3/27/18,4,905,0.01752327,15.85855935,0.25357886,229.4888683,1.139793456,1031.513078
1,27 MAR 18-5,3/27/18,5,1500,0.01089368,16.34052,0.07762672,116.44008,0.572078799,858.1181983
1,27 MAR 18-6,3/27/18,6,1330,0.0699573,93.043209,4.02603378,5354.624927,0.897435737,1193.58953
1,10 APRIL 18-1,4/10/18,1,30,0.15493659,4.6480977,1.38931658,41.6794974,1.827026989,54.81080966
1,10 APRIL 18-2,4/10/18,2,490,0.04223356,20.6944444,0.37669406,184.5800894,0.290988111,142.5841743
1,10 APRIL 18-3,4/10/18,3,240,0.06634116,15.9218784,0.68653398,164.7681552,0.962728456,231.0548294
1,10 APRIL 18-4,4/10/18,4,150,0.23449167,35.1737505,3.0611184,459.16776,1.199552894,179.9329341
1,10 APRIL 18-5,4/10/18,5,370,0.14649893,54.2046041,7.52173599,2783.042316,BDL,BDL
1,10 APRIL 18-6,4/10/18,6,340,0.14107472,47.9654048,0.86864188,295.3382392,1.257099019,427.4136664
1,24 APRIL 18-1,4/24/18,1,1530,BDL,BDL,1.82688852,2795.139436,0.443706674,678.8712106
1,24 APRIL 18-2,4/24/18,2,2580,BDL,BDL,0.29307832,756.1420656,0.331934392,856.3907317
1,24 APRIL 18-3,4/24/18,3,7340,0.1543339,1132.810826,0.64062227,4702.167462,0.118349735,868.6870585
1,24 APRIL 18-4,4/24/18,4,3240,0.21158945,685.549818,7.63279616,24730.25956,0.085150048,275.8861553
1,24 APRIL 18-5,4/24/18,5,2000,BDL,BDL,0.17457994,349.15988,BDL,BDL
1,24 APRIL 18-6,4/24/18,6,2650,0.01209906,32.062509,0.44030358,1166.804487,0.51563933,1366.444224
1,8 MAY 18-1,5/8/18,1,2790,2.22336867,6203.198589,4.73138128,13200.55377,0.039777142,110.978225
1,8 MAY 18-2,5/8/18,2,2150,0.0579035,124.492525,0.10276274,220.939891,0.048630392,104.555342
1,8 MAY 18-3,5/8/18,3,6760,0.44904931,3035.573336,0.27153316,1835.564162,0.134949579,912.2591559
1,8 MAY 18-4,5/8/18,4,285,0.08261379,23.54493015,0.19150828,54.5798598,BDL,BDL
1,8 MAY 18-5,5/8/18,5,1800,0.01029099,18.523782,0.03581885,64.47393,BDL,BDL
1,8 MAY 18-6,5/8/18,6,4680,BDL,BDL,6.18978342,28968.18641,0.235655298,1102.866796
1,22 MAY 18-1,5/22/18,1,240,BDL,BDL,1.16617028,279.8808672,0.157082704,37.69984904
1,22 MAY 18-2,5/22/18,2,480,0.20013834,96.0664032,0.22228708,106.6977984,0.117243079,56.27667803
1,22 MAY 18-3,5/22/18,3,65,0.3170602,20.608913,1.15693664,75.2008816,0.783450143,50.9242593
1,22 MAY 18-4,5/22/18,4,320,0.20074103,64.2371296,BDL,BDL,BDL,BDL
1,22 MAY 18-5,5/22/18,5,1040,0.02053672,21.3581888,0.0935291,97.270264,BDL,BDL
1,22 MAY 18-6,5/22/18,6,1220,0.11274829,137.5529138,0.38695366,472.0834652,1.290298706,1574.164422
1,5 JUNE 18-1,6/5/18,1,65,BDL,BDL,0.14021028,9.1136682,2.277436083,148.0333454
1,5 JUNE 18-2,6/5/18,2,650,0.54909585,356.9123025,1.11333334,723.666671,0.172575892,112.1743297
1,5 JUNE 18-3,6/5/18,3,440,0.11094022,48.8136968,0.35155804,154.6855376,0.610811768,268.7571778
1,5 JUNE 18-4,6/5/18,4,250,0.05669812,14.17453,0.82657752,206.64438,BDL,BDL
1,5 JUNE 18-5,6/5/18,5,1260,0.03319321,41.8234446,0.27768892,349.8880392,BDL,BDL
1,5 JUNE 18-6,6/5/18,6,1450,0.05247929,76.0949705,4.62365548,6704.300446,0.646224768,937.0259132
1,19 JUNE 18-1,6/19/18,1,210,0.20194641,42.4087461,0.19869,41.7249,0.490186236,102.9391096
1,19 JUNE 18-2,6/19/18,2,1080,0.07538151,81.4120308,0.3423244,369.710352,0.155976048,168.4541319
1,19 JUNE 18-3,6/19/18,3,300,0.09225683,27.677049,0.06839308,20.517924,0.470266424,141.0799271
1,19 JUNE 18-4,6/19/18,4,1150,0.02535824,29.161976,BDL,BDL,BDL,BDL
1,19 JUNE 18-5,6/19/18,5,1150,BDL,BDL,0.04761739,54.7599985,BDL,BDL
1,19 JUNE 18-6,6/19/18,6,1575,0.13323975,209.8526063,4.0434751,6368.473283,1.337884925,2107.168757
2,4 JULY 18-1,7/4/18,1,8340,BDL,BDL,0.044444653,370.66841,0.29616,2469.9744
2,4 JULY 18-2,7/4/18,2,2080,0.06560976,136.4683008,0.192247127,399.8740241,0.26846625,558.4098
2,4 JULY 18-3,7/4/18,3,510,0.04576274,23.3389974,0.045261242,23.08323328,BDL,BDL
2,4 JULY 18-4,7/4/18,4,2430,0.01494763,36.3227409,0.010964535,26.64382049,0.06907125,167.8431375
2,4 JULY 18-5,7/4/18,5,1860,BDL,BDL,0.0134143,24.95059788,BDL,BDL
2,4 JULY 18-6,7/4/18,6,3950,0.01442534,56.980093,0.127736655,504.5597877,BDL,BDL
2,17 JULY 18-1,7/17/18,1,4360,BDL,BDL,0.096706302,421.6394748,1.3031575,5681.7667
2,17 JULY 18-2,7/17/18,2,2080,0.06978808,145.1592064,0.062409595,129.8119576,0.04005875,83.3222
2,17 JULY 18-3,7/17/18,3,1120,BDL,BDL,0.183264656,205.2564149,BDL,BDL
2,17 JULY 18-4,7/17/18,4,3300,BDL,BDL,0.015864065,52.35141347,BDL,#VALUE!
2,17 JULY 18-5,7/17/18,5,1240,0.07866701,97.5470924,0.0134143,16.63373192,BDL,#VALUE!
2,17 JULY 18-6,7/17/18,6,3240,0.09955861,322.5698964,0.102422419,331.8486386,0.0561475,181.9179
2,31 JULY 18-1,7/31/18,1,60,0.15022074,9.0132444,1.687420215,101.2452129,0.0867425,5.20455
2,31 JULY 18-2,7/31/18,2,1030,0.04315129,44.4458287,0.153867479,158.4835035,BDL,BDL
2,31 JULY 18-3,7/31/18,3,340,0.09329113,31.7189842,0.086907243,29.54846247,0.10124875,34.424575
2,31 JULY 18-4,7/31/18,4,890,0.51321229,456.7589381,0.017497241,15.57254466,0.15980125,142.2231125
2,31 JULY 18-5,7/31/18,5,420,0.05255251,22.0720542,0.010964535,4.605104776,BDL,BDL
2,31 JULY 18-6,7/31/18,6,1320,0.03845068,50.7548976,BDL,BDL,0.809945,1069.1274
2,14 AUG 18-1,8/14/18,1,270,0.02017053,5.4460431,0.011781123,3.180903327,BDL,BDL
2,14 AUG 18-2,8/14/18,2,1050,0.02539343,26.6631015,BDL,BDL,0.3336125,350.293125
2,14 AUG 18-3,8/14/18,3,1150,0.05673083,65.2404545,0.230626775,265.220791,0.15927375,183.1648125
2,14 AUG 18-4,8/14/18,4,380,BDL,BDL,BDL,BDL,0.03056375,11.614225
2,14 AUG 18-5,8/14/18,5,440,0.04367358,19.2163752,BDL,BDL,BDL,BDL
2,14 AUG 18-6,8/14/18,6,2680,0.03061633,82.0517644,BDL,BDL,0.4127375,1106.1365
2,28 AUG 18-1,8/28/18,1,1090,0.01233618,13.4464362,0.122020537,133.0023857,0.0466525,50.851225
2,28 AUG 18-2,8/28/18,2,2560,0.01703679,43.6141824,0.015047476,38.52153968,0.04507,115.3792
2,28 AUG 18-3,8/28/18,3,270,0.22699737,61.2892899,0.641370665,173.1700796,0.1816925,49.056975
2,28 AUG 18-4,8/28/18,4,2020,0.06560976,132.5317152,BDL,BDL,0.11127125,224.767925
2,28 AUG 18-5,8/28/18,5,1030,0.04889648,50.3633744,BDL,BDL,BDL,BDL
2,28 AUG 18-6,8/28/18,6,3940,BDL,BDL,BDL,BDL,1.62124,6387.6856
2,11 SEP 18-1,9/11/18,1,1050,0.07448869,78.2131245,0.283705011,297.8902617,BDL,BDL
2,11 SEP 18-2,9/11/18,2,770,0.09642487,74.2471499,0.370263366,285.1027916,0.73504,565.9808
2,11 SEP 18-3,9/11/18,3,90,0.29959568,26.9636112,0.641370665,57.72335986,0.0814675,7.332075
2,11 SEP 18-4,9/11/18,4,1650,0.12985143,214.2548595,0.108138537,178.4285862,0.10626,175.329
2,11 SEP 18-5,9/11/18,5,510,0.08650136,44.1156936,0.012597712,6.424832959,BDL,BDL
2,11 SEP 18-6,9/11/18,6,2550,0.03270549,83.3989995,BDL,BDL,0.05060875,129.0523125
2,25 SEP 18-1,9/25/18,1,530,0.15074303,79.8938059,1.555949507,824.6532385,0.15874625,84.1355125
2,25 SEP 18-2,9/25/18,2,2020,0.06560976,132.5317152,0.288604541,582.981172,0.0751375,151.77775
2,25 SEP 18-3,9/25/18,3,200,0.15648822,31.297644,1.159087616,231.8175233,0.208595,41.719
2,25 SEP 18-4,9/25/18,4,1150,0.08284533,95.2721295,0.119570773,137.5063885,0.0783025,90.047875
2,25 SEP 18-5,9/25/18,5,450,0.05777541,25.9989345,0.215928186,97.16768381,0.30671,138.0195
2,25 SEP 18-6,9/25/18,6,1920,0.03427236,65.8029312,BDL,BDL,BDL,BDL
2,10 OCT 18-1,10/10/18,1,6740,0.01755908,118.3481992,0.328617365,2214.88104,BDL,BDL
2,10 OCT 18-2,10/10/18,2,370,0.33041079,122.2519923,0.634021371,234.5879072,5.5822375,2065.427875
2,10 OCT 18-3,10/10/18,3,1340,0.05725312,76.7191808,0.496017956,664.6640616,0.1226125,164.30075
2,10 OCT 18-4,10/10/18,4,3170,0.10112548,320.5677716,0.226543834,718.1439522,0.29062125,921.2693625
2,10 OCT 18-5,10/10/18,5,2100,0.14499784,304.495464,0.11140489,233.9502692,0.23839875,500.637375
2,10 OCT 18-6,10/10/18,6,4680,0.02852717,133.5071556,0.023213359,108.6385199,0.0139475,65.2743
2,23 OCT 18-1,10/23/18,1,1580,0.14081952,222.4948416,0.407826425,644.365752,BDL,BDL
2,23 OCT 18-2,10/23/18,2,7900,0.04158442,328.516918,BDL,BDL,0.6416725,5069.21275
2,23 OCT 18-3,10/23/18,3,1220,0.15022074,183.2693028,0.409459602,499.5407142,BDL,BDL
2,23 OCT 18-4,10/23/18,4,1520,0.05777541,87.8186232,0.142435244,216.5015703,0.10388625,157.9071
2,23 OCT 18-5,10/23/18,5,3720,0.0217374,80.863128,0.059143242,220.0128603,0.03531125,131.35785
2,23 OCT 18-6,10/23/18,6,2170,0.02069282,44.9034194,0.038728536,84.04092252,0.01632125,35.4171125
3,7 NOV 18-1,11/7/18,1,8050,BDL,BDL,0.110042378,885.8411447,0.978,7872.9
3,7 NOV 18-2,11/7/18,2,3100,0.03578888,110.945528,0.140236818,434.7341352,0.879,2724.9
3,7 NOV 18-3,11/7/18,3,6630,0.03263552,216.3734976,0.090827735,602.1878821,BDL,BDL
3,7 NOV 18-4,11/7/18,4,3740,0.02768024,103.5240976,0.158536478,592.9264283,0.071,265.54
3,7 NOV 18-5,11/7/18,5,2510,0.0420956,105.659956,0.078017973,195.8251112,0.604,1516.04
3,7 NOV 18-6,11/7/18,6,1730,0.0263288,45.548824,0.083507871,144.4686163,2.988,5169.24
3,20 NOV 18-1,11/20/18,1,500,0.0736292,36.8146,0.982021194,491.0105969,BDL,BDL
3,20 NOV 18-2,11/20/18,2,2680,0.0984056,263.727008,0.276569287,741.2056902,1.669,4472.92
3,20 NOV 18-3,11/20/18,3,2650,0.06281768,166.466852,0.227160204,601.9745418,0.211,559.15
3,20 NOV 18-4,11/20/18,4,1520,0.06371864,96.8523328,0.844773741,1284.056087,BDL,BDL
3,20 NOV 18-5,11/20/18,5,1570,0.09345032,146.7170024,0.793534692,1245.849467,0.132,207.24
3,20 NOV 18-6,11/20/18,6,2240,0.03398696,76.1307904,0.083507871,187.0576304,0.134,300.16
3,4 DEC 18-1,12/4/18,1,0,XX,xx,XX,xx,XX,xx
3,4 DEC 18-2,12/4/18,2,220,0.202016,44.44352,1.279390675,281.4659484,0.205,45.1
3,4 DEC 18-3,12/4/18,3,110,0.24616304,27.0779344,2.069021019,227.592312,0.609,66.99
3,4 DEC 18-4,12/4/18,4,40,0.40202912,16.0811648,2.241952809,89.67811236,0.396,15.84
3,4 DEC 18-5,12/4/18,5,160,0.57906776,92.6508416,2.930935021,468.9496034,0.788,126.08
3,4 DEC 18-6,12/4/18,6,170,0.17769008,30.2073136,3.627237097,616.6303066,0.52,88.4
3,18 DEC 18-1,12/18/18,1,,XX,xx,XX,xx,XX,xx
3,18 DEC 18-2,12/18/18,2,510,0.13264208,67.6474608,0.613283038,312.7743493,0.249,126.99
3,18 DEC 18-3,12/18/18,3,50,0.27003848,13.501924,3.175235487,158.7617743,BDL,BDL
3,18 DEC 18-4,12/18/18,4,5,0.5691572,2.845786,6.596356989,32.98178495,0.872,4.36
3,18 DEC 18-5,12/18/18,5,445,0.14075072,62.6340704,0.902417671,401.5758638,0.292,129.94
3,18 DEC 18-6,12/18/18,6,570,0.05155568,29.3867376,1.275730742,727.1665232,0.29,165.3
3,3 JAN 19-1,1/3/19,1,40,0.05561,2.2244,1.09913902,43.9655608,2.268,90.72
3,3 JAN 19-2,1/3/19,2,1080,0.09975704,107.7376032,1.079009394,1165.330145,0.158,170.64
3,3 JAN 19-3,1/3/19,3,260,0.145706,37.88356,0.36532264,94.98388642,0.243,63.18
3,3 JAN 19-4,1/3/19,4,90,0.63537776,57.1839984,19.57356113,1761.620501,0.435,39.15
3,3 JAN 19-5,1/3/19,5,600,0.1029104,61.74624,0.745955575,447.5733452,0.817,490.2
3,3 JAN 19-6,1/3/19,6,1140,0.06822344,77.7747216,1.401083416,1597.235094,0.029,33.06
3,15 JAN 19-1,1/15/19,1,,XX,xx,XX,xx,XX,xx
3,15 JAN 19-2,1/15/19,2,55,0.24886592,13.6876256,1.538330868,84.60819777,0.187,10.285
3,15 JAN 19-3,1/15/19,3,70,0.15156224,10.6093568,1.383698739,96.8589117,3.202,224.14
3,15 JAN 19-4,1/15/19,4,5,0.70024688,3.5012344,8.354039366,41.77019683,2.153,10.765
3,15 JAN 19-5,1/15/19,5,140,0.23985632,33.5798848,1.428532906,199.9946069,0.182,25.48
3,15 JAN 19-6,1/15/19,6,240,0.06281768,15.0762432,6.552437804,1572.585073,4.606,1105.44
3,29 JAN 19-1,1/29/19,1,450,0.07498064,33.741288,0.436691315,196.511092,0.208,93.6
3,29 JAN 19-2,1/29/19,2,1440,0.08308928,119.6485632,0.994830956,1432.556577,BDL,BDL
3,29 JAN 19-3,1/29/19,3,2140,0.09435128,201.9117392,0.46231084,989.3451975,0.605,1294.7
3,29 JAN 19-4,1/29/19,4,100,1.54399592,154.399592,7.308213777,730.8213777,1.12,112
3,29 JAN 19-5,1/29/19,5,1720,0.06507008,111.9205376,0.620602902,1067.436991,0.416,715.52
3,29 JAN 19-6,1/29/19,6,940,0.03173456,29.8304864,3.857812818,3626.344049,0.032,30.08
3,13 FEB 19-1,2/13/19,1,50,BDL,BDL,0.767915168,38.39575839,BDL,BDL
3,13 FEB 19-2,2/13/19,2,680,0.13939928,94.7915104,0.975616313,663.4190927,0.281,191.08
3,13 FEB 19-3,2/13/19,3,300,0.10381136,31.143408,1.391018603,417.3055808,0.196,58.8
3,13 FEB 19-4,2/13/19,4,1,2.03682104,2.03682104,2.475273478,2.475273478,2.254,2.254
3,13 FEB 19-5,2/13/19,5,570,0.078134,44.53638,0.397347046,226.4878161,0.105,59.85
3,13 FEB 19-6,2/13/19,6,260,0.0691244,17.972344,3.732460144,970.4396375,0.445,115.7
3,26 FEB 19-1,2/26/19,1,,XX,xx,XX,xx,XX,xx
3,26 FEB 19-2,2/26/19,2,100,0.98990552,98.990552,2.029676749,202.9676749,0.63,63
3,26 FEB 19-3,2/26/19,3,40,0.48041264,19.2165056,7.358537843,294.3415137,0.667,26.68
3,26 FEB 19-4,2/26/19,4,14,1.2291104,17.2075456,2.993153866,41.90415413,1.26,17.64
3,26 FEB 19-5,2/26/19,5,75,0.49392704,37.044528,1.213511897,91.0133923,0.378,28.35
3,26 FEB 19-6,2/26/19,6,110,0.0511052,5.621572,6.042792264,664.707149,1.324,145.64
3,14 MAR 19-1,3/14/19,1,50,0.01146296,0.573148,0.433031383,21.65156917,0.259,12.95
3,14 MAR 19-2,3/14/19,2,320,0.3416648,109.332736,0.852093605,272.6699537,0.351,112.32
3,14 MAR 19-3,3/14/19,3,350,0.2650832,92.77912,4.415037475,1545.263116,0.376,131.6
3,14 MAR 19-4,3/14/19,4,105,0.3957224,41.550852,8.114313815,852.0029506,0.031,3.255
3,14 MAR 19-5,3/14/19,5,840,0.16777952,140.9347968,1.111033799,933.2683914,0.078,65.52
3,14 MAR 19-6,3/14/19,6,210,0.11327144,23.7870024,0.664522087,139.5496382,0.281,59.01
3,26 MAR 19-1,3/26/19,1,152,0.00740864,1.12611328,0.328723319,49.96594455,1.381,209.912
3,26 MAR 19-2,3/26/19,2,490,0.29121104,142.6934096,0.6260928,306.785472,0.213,104.37
3,26 MAR 19-3,3/26/19,3,725,0.0758816,55.01416,0.499825144,362.3732292,0.131,94.975
3,26 MAR 19-4,3/26/19,4,100,0.43491416,43.491416,0.456820942,45.68209418,0.517,51.7
3,26 MAR 19-5,3/26/19,5,568,0.08353976,47.45058368,1.761586725,1000.58126,0.402,228.336
3,26 MAR 19-6,3/26/19,6,215,0.0533576,11.471884,0.729485881,156.8394644,BDL,BDL
3,9 APR 19-1,4/9/19,1,75,0.07092632,5.319474,2.40298982,180.2242365,0.951,71.325
3,9 APR 19-2,4/9/19,2,246,0.31959128,78.61945488,1.747861979,429.974047,0.828,203.688
3,9 APR 19-3,4/9/19,3,296,0.75565592,223.6741523,0.918887366,271.9906602,0.449,132.904
3,9 APR 19-4,4/9/19,4,167,0.35022392,58.48739464,0.575768734,96.1533786,1.509,252.003
3,9 APR 19-5,4/9/19,5,218,0.2177828,47.4766504,1.841190247,401.3794739,0.143,31.174
3,9 APR 19-6,4/9/19,6,50,0.3664412,18.32206,1.049729937,52.48649686,0.513,25.65
4,24 APR 19-1,4/24/19,1,230,0.12837216,29.5255968,0.975999198,224.4798156,0.94365456,217.0405488
4,24 APR 19-2,4/24/19,2,180,0.37241952,67.0355136,2.987135447,537.6843805,0.07488792,13.4798256
4,24 APR 19-3,4/24/19,3,320,0.2437744,78.007808,1.305996869,417.9189982,0.01845336,5.9050752
4,24 APR 19-4,4/24/19,4,280,0.4069456,113.944768,0.328658634,92.0244176,0.26209872,73.3876416
4,24 APR 19-5,4/24/19,5,1030,0.04702304,48.4337312,0.697594084,718.5219061,0.61779924,636.3332172
4,24 APR 19-6,4/24/19,6,200,0.05317152,10.634304,0.021050186,4.210037159,0.56923296,113.846592
4,7 MAY 19-1,5/7/19,1,220,0.22059936,48.5318592,1.169714645,257.337222,0.6688074,147.137628
4,7 MAY 19-2,5/7/19,2,240,0.2508688,60.208512,2.174309325,521.834238,BDL,BDL
4,7 MAY 19-3,5/7/19,3,660,0.165736,109.38576,0.901043975,594.6890236,0.0583374,38.502684
4,7 MAY 19-4,5/7/19,4,910,0.12364256,112.5147296,1.69050743,1538.361761,3.6899556,3357.859596
4,7 MAY 19-5,5/7/19,5,2140,0.08817056,188.6849984,0.655735972,1403.27498,BDL,BDL
4,7 MAY 19-6,5/7/19,6,860,0.05364448,46.1342528,0.09405852,80.89032728,0.13810548,118.7707128
4,21 MAY 19-1,5/21/19,1,460,0.03519904,16.1915584,0.31016319,142.6750672,2.09622192,964.2620832
4,21 MAY 19-2,5/21/19,2,760,0.18749216,142.4940416,1.77130332,1346.190523,6.9471522,5279.835672
4,21 MAY 19-3,5/21/19,3,600,0.11039968,66.239808,1.249537091,749.7222545,0.42570468,255.422808
4,21 MAY 19-4,5/21/19,4,1000,0.23573408,235.73408,1.290421758,1290.421758,0.06349248,63.49248
4,21 MAY 19-5,5/21/19,5,1340,0.07634656,102.3043904,0.609010638,816.0742549,0.03310464,44.3602176
4,21 MAY 19-6,5/21/19,6,2430,BDL,BDL,0.026890853,65.34477167,BDL,BDL
4,3 JUNE 19-1,6/3/19,1,110,0.02526688,2.7793568,0.189456077,20.84016846,BDL,BDL
4,3 JUNE 19-2,6/3/19,2,150,0.32748832,49.123248,2.514041441,377.1062161,1.27032384,190.548576
4,3 JUNE 19-3,6/3/19,3,580,0.17661408,102.4361664,0.535028859,310.3167383,1.43637168,833.0955744
4,3 JUNE 19-4,6/3/19,4,730,0.13168288,96.1285024,1.647675874,1202.803388,0.12942324,94.4789652
4,3 JUNE 19-5,6/3/19,5,3370,0.04087456,137.7472672,0.211845299,713.918659,BDL,BDL
4,3 JUNE 19-6,6/3/19,6,1410,0.05080672,71.6374752,0.055120742,77.72024594,BDL,BDL
4,19 JUNE 19-1,6/19/19,1,120,0.012024,1.44288,0.280959856,33.71518271,0.2821764,33.861168
4,19 JUNE 19-2,6/19/19,2,120,0.35539296,42.6471552,2.727225777,327.2670932,0.08248488,9.8981856
4,19 JUNE 19-3,6/19/19,3,70,0.42208032,29.5456224,3.707484345,259.5239042,0.0284922,1.994454
4,19 JUNE 19-4,6/19/19,4,90,1.5349552,138.145968,3.855447903,346.9903113,0.19426872,17.4841848
4,19 JUNE 19-5,6/19/19,5,1000,0.14965536,149.65536,0.660603194,660.6031942,0.08574072,85.74072
4,19 JUNE 19-6,6/19/19,6,270,0.0616848,16.654896,0.075563075,20.40203036,0.20240832,54.6502464
4,2 JULY 19-1,7/2/19,1,15,0.02432096,0.3648144,0.216712522,3.250687826,0.17039256,2.5558884
4,2 JULY 19-2,7/2/19,2,23,1.27861088,29.40805024,5.227031143,120.2217163,0.26698248,6.14059704
4,2 JULY 19-3,7/2/19,3,30,1.21854496,36.5563488,3.301558007,99.0467402,0.21543168,6.4629504
4,2 JULY 19-4,7/2/19,4,19,1.24550368,23.66456992,0.741399084,14.0865826,2.97258552,56.47912488
4,2 JULY 19-5,7/2/19,5,40,0.51478048,20.5912192,5.687470371,227.4988149,0.01926732,0.7706928
4,2 JULY 19-6,7/2/19,6,70,0.01722656,1.2058592,0.018129852,1.26908967,1.04892672,73.4248704
4,17 JULY 19-1,7/17/19,1,149,0.03992864,5.94936736,0.730691195,108.8729881,0.33155664,49.40193936
4,17 JULY 19-2,7/17/19,2,370,0.3974864,147.069968,4.872697361,1802.898023,BDL,BDL
4,17 JULY 19-3,7/17/19,3,410,0.38424352,157.5398432,2.547138552,1044.326806,0.29194392,119.6970072
4,17 JULY 19-4,7/17/19,4,650,0.07256288,47.165872,7.243034614,4707.972499,1.321332,858.8658
4,17 JULY 19-5,7/17/19,5,1050,0.05506336,57.816528,0.743345973,780.5132717,BDL,BDL
4,17 JULY 19-6,7/17/19,6,1210,0.04323936,52.3196256,0.047333186,57.27315523,0.03880236,46.9508556
4,31 JULY 19-1,7/31/19,1,100,0.07445472,7.445472,0.528214748,52.8214748,0.0474846,4.74846
4,31 JULY 19-2,7/31/19,2,570,0.20924832,119.2715424,0.772549307,440.3531049,BDL,BDL
4,31 JULY 19-3,7/31/19,3,600,0.42775584,256.653504,1.087945311,652.7671866,0.83458392,500.750352
4,31 JULY 19-4,7/31/19,4,280,0.2910704,81.499712,1.283607647,359.4101411,3.36627084,942.5558352
4,31 JULY 19-5,7/31/19,5,1820,0.047496,86.44272,0.239101744,435.1651745,BDL,BDL
4,31 JULY 19-6,7/31/19,6,1370,0.0262128,35.911536,0.187509188,256.8875875,BDL,BDL
4,13 AUG 19-1,8/13/19,1,1670,0.02337504,39.0363168,0.081403742,135.9442494,0.05101176,85.1896392
,,8/13/19,2?,630,,0,,0,,0
4,13 AUG 19-3,8/13/19,3,280,0.11418336,31.9713408,1.584401984,443.6325556,0.02143788,6.0026064
4,13 AUG 19-4,8/13/19,4,290,0.213032,61.77928,1.411128871,409.2273725,0.04314348,12.5116092
4,13 AUG 19-5,8/13/19,5,1500,0.0640496,96.0744,0.655735972,983.6039579,4.94236872,7413.55308
4,13 AUG 19-6,8/13/19,6,1120,0.06594144,73.8544128,0.234234522,262.3426646,6.57842832,7367.839718
4,27 AUG 19-1,8/27/19,1,240,0.03850976,9.2423424,BDL,BDL,0.07353132,17.6475168
4,27 AUG 19-2,8/27/19,2,570,0.153912,87.72984,0.364676079,207.8653651,0.0908958,51.810606
4,27 AUG 19-3,8/27/19,3,500,0.15438496,77.19248,4.052083683,2026.041842,0.0339186,16.9593
4,27 AUG 19-4,8/27/19,4,590,0.14019616,82.7157344,1.0811312,637.8674078,BDL,BDL
4,27 AUG 19-5,8/27/19,5,1530,0.02337504,35.7638112,0.465914303,712.8488832,BDL,BDL
4,27 AUG 19-6,8/27/19,6,210,0.0758736,15.933456,0.798832307,167.7547845,0.18911364,39.7138644
4,10 SEP 19-1,9/10/19,1,2960,0.01533472,45.3907712,0.11158052,330.2783401,0.12779532,378.2741472
4,10 SEP 19-2,9/10/19,2,2780,0.05033376,139.9278528,0.156358965,434.6779237,0.39721608,1104.260702
4,10 SEP 19-3,9/10/19,3,7850,0.02668576,209.483216,0.604143416,4742.525813,0.11043084,866.882094
4,10 SEP 19-4,9/10/19,4,3110,0.08344096,259.5013856,0.583701082,1815.310365,0.12046968,374.6607048
4,10 SEP 19-5,9/10/19,5,3210,0.0285776,91.734096,0.526267859,1689.319828,BDL,BDL
4,10 SEP 19-6,9/10/19,6,3070,0.03519904,108.0610528,0.14857141,456.1142278,2.5775436,7913.058852
4,26 SEP 19-1,9/26/19,1,1660,0.0735088,122.024608,0.204057744,338.7358546,0.7434204,1234.077864
4,26 SEP 19-2,9/26/19,2,1340,0.09148128,122.5849152,0.320871079,429.9672454,2.12498184,2847.475666
4,26 SEP 19-3,9/26/19,3,640,0.0876976,56.126464,1.760595431,1126.781076,0.13919076,89.0820864
4,26 SEP 19-4,9/26/19,4,760,0.4282288,325.453888,0.992547754,754.3362931,0.10364784,78.7723584
4,26 SEP 19-5,9/26/19,5,4220,0.04891488,206.4207936,0.573966638,2422.13921,BDL,BDL
4,26 SEP 19-6,9/26/19,6,1420,0.05364448,76.1751616,0.350074412,497.1056655,0.39178968,556.3413456
5,8 OCT 19-1,10/8/19,1,160,0.05443088,8.7089408,1.100853095,176.1364952,0.12597984,20.1567744
5,8 OCT 19-2,10/8/19,2,370,0.05566622,20.5965014,0.590707289,218.561697,0.76528128,283.1540736
5,8 OCT 19-3,10/8/19,3,100,0.13905167,13.905167,2.753394376,275.3394376,0.25588848,25.588848
5,8 OCT 19-4,10/8/19,4,90,0.19917155,17.9254395,0.751097958,67.59881624,0.44724768,40.2522912
5,8 OCT 19-5,10/8/19,5,570,0.0622547,35.485179,1.141209457,650.4893903,0.61300248,349.4114136
5,8 OCT 19-6,10/8/19,6,160,0.0910793,14.572688,0.691080805,110.5729287,2.14360656,342.9770496
5,23 OCT 19-1,10/23/19,1,810,0.03322421,26.9116101,0.587602954,475.9583924,0.06237312,50.5222272
5,23 OCT 19-2,10/23/19,2,910,0.04598939,41.8503449,0.484125103,440.5538433,0.25319328,230.4058848
5,23 OCT 19-3,10/23/19,3,290,0.09231464,26.7712456,2.586795035,750.1705603,BDL,BDL
5,23 OCT 19-4,10/23/19,4,690,0.14419892,99.4972548,0.636237544,439.0039051,0.29982024,206.8759656
5,23 OCT 19-5,10/23/19,5,2380,0.02231204,53.1026552,0.537933585,1280.281933,BDL,BDL
5,23 OCT 19-6,10/23/19,6,440,0.06781373,29.8380412,0.434455734,191.160523,0.49225752,216.5933088
5,5 NOV 19-1,11/5/19,1,190,BDL,BDL,0.799732548,151.9491842,BDL,BDL
5,5 NOV 19-2,11/5/19,2,530,0.06760784,35.8321552,0.313386648,166.0949236,BDL,BDL
5,5 NOV 19-3,11/5/19,3,110,0.08716739,9.5884129,5.392079577,593.1287534,1.0633704,116.970744
5,5 NOV 19-4,11/5/19,4,350,0.05937224,20.780284,0.859749702,300.9123956,0.10145352,35.508732
5,5 NOV 19-5,11/5/19,5,1210,0.08037302,97.2513542,0.609333302,737.2932958,0.10172304,123.0848784
5,5 NOV 19-6,11/5/19,6,360,0.06493127,23.3752572,0.336151776,121.0146392,0.0149376,5.377536
5,20 NOV 19-1,11/20/19,1,150,0.03528311,5.2924665,0.317525762,47.62886436,0.54750912,82.126368
5,20 NOV 19-2,11/20/19,2,550,0.04310693,23.7088115,0.523446686,287.8956773,0.0580608,31.93344
5,20 NOV 19-3,11/20/19,3,120,0.11722733,14.0672796,3.807833678,456.9400413,BDL,BDL
5,20 NOV 19-4,11/20/19,4,370,0.0684314,25.319618,0.689011248,254.9341616,0.48551952,179.6422224
5,20 NOV 19-5,11/20/19,5,1090,0.05731334,62.4715406,1.028418599,1120.976273,BDL,BDL
5,20 NOV 19-6,11/20/19,6,480,0.04001858,19.2089184,0.68073302,326.7518494,BDL,BDL
5,3 DEC 19-1,12/3/19,1,6750,0.01963547,132.5394225,0.240952153,1626.427031,BDL,BDL
5,3 DEC 19-2,12/3/19,2,3160,0.02045903,64.6505348,0.180934999,571.7545971,BDL,BDL
5,3 DEC 19-3,12/3/19,3,8340,0.02457683,204.9707622,0.856645366,7144.422355,BDL,BDL
5,3 DEC 19-4,12/3/19,4,2520,0.04084214,102.9221928,0.462394754,1165.23478,0.15832224,398.9720448
5,3 DEC 19-5,12/3/19,5,5830,0.02807696,163.6886768,0.446873076,2605.270034,2.02232256,11790.14052
5,3 DEC 19-6,12/3/19,6,2750,0.20534825,564.7076875,0.592776846,1630.136327,0.46126272,1268.47248
5,17 DEC 19-1,12/17/19,1,120,0.19670087,23.6041044,2.385013226,286.2015871,BDL,BDL
5,17 DEC 19-2,12/17/19,2,550,0.04804829,26.4265595,0.558629155,307.2460354,BDL,BDL
5,17 DEC 19-3,12/17/19,3,100,0.05690156,5.690156,12.17298315,1217.298315,0.07342344,7.342344
5,17 DEC 19-4,12/17/19,4,440,0.0457835,20.14474,0.728332831,320.4664456,BDL,BDL
5,17 DEC 19-5,12/17/19,5,580,0.0499013,28.942754,2.556786459,1482.936146,BDL,BDL
5,17 DEC 19-6,12/17/19,6,230,0.05278376,12.1402648,2.21530955,509.5211966,BDL,BDL
5,31 DEC 19-1,12/31/19,1,780,0.03054764,23.8271592,0.483090324,376.8104528,BDL,BDL
5,31 DEC 19-2,12/31/19,2,550,0.04866596,26.766278,1.190878825,654.9833538,1.00461504,552.538272
5,31 DEC 19-3,12/31/19,3,640,0.11681555,74.761952,9.264220762,5929.101288,0.35022048,224.1411072
5,31 DEC 19-4,12/31/19,4,2130,0.04393049,93.5719437,0.412725385,879.1050708,0.17072016,363.6339408
5,31 DEC 19-5,12/31/19,5,1350,0.07275509,98.2193715,2.24324857,3028.38557,BDL,BDL
5,31 DEC 19-6,12/31/19,6,870,0.03631256,31.5919272,0.595881182,518.4166281,0.08609088,74.8990656
5,14 JAN 20-1,1/14/20,1,760,0.05587211,42.4628036,0.980818788,745.4222785,BDL,BDL
5,14 JAN 20-2,1/14/20,2,600,0.07584344,45.506064,1.15259202,691.5552121,BDL,BDL
5,14 JAN 20-3,1/14/20,3,450,0.03837146,17.267157,5.343444987,2404.550244,BDL,BDL
5,14 JAN 20-4,1/14/20,4,880,0.03919502,34.4916176,0.45101219,396.8907274,BDL,BDL
5,14 JAN 20-5,1/14/20,5,1000,0.04722473,47.22473,2.154257618,2154.257618,2.65650312,2656.50312
5,14 JAN 20-6,1/14/20,6,860,0.02684162,23.0837932,0.642446215,552.5037446,BDL,BDL
5,28 JAN 20-1,1/28/20,1,6920,0.02128259,147.2755228,0.267856394,1853.566246,BDL,BDL
5,28 JAN 20-2,1/28/20,2,4150,0.02416505,100.2849575,0.475846874,1974.764529,BDL,BDL
5,28 JAN 20-3,1/28/20,3,4200,0.02272382,95.440044,2.640603518,11090.53478,0.02086704,87.641568
5,28 JAN 20-4,1/28/20,4,2450,0.0334301,81.903745,0.713845932,1748.922533,0.01817184,44.521008
5,28 JAN 20-5,1/28/20,5,1410,0.03775379,53.2328439,1.022209928,1441.315998,0.10064496,141.9093936
5,28 JAN 20-6,1/28/20,6,1030,0.02951819,30.4037357,0.633133208,652.1272043,1.13021136,1164.117701
6,11 FEB 20-1,2/11/20,1,60,0.11854746,7.1128476,3.314364883,198.861893,0.263,15.78
6,11 FEB 20-2,2/11/20,2,150,0.07785326,11.677989,2.123071937,318.4607905,0.017,2.55
6,11 FEB 20-3,2/11/20,3,10,0.03715906,0.3715906,3.306277776,33.06277776,1.025,10.25
6,11 FEB 20-4,2/11/20,4,200,0.04486954,8.973908,0.985278309,197.0556618,0.049,9.8
6,11 FEB 20-5,2/11/20,5,180,0.0838503,15.093054,1.649043099,296.8277578,2.147,386.46
6,11 FEB 20-6,2/11/20,6,330,0.04572626,15.0896658,3.103478037,1024.147752,5.318,1754.94
6,25 FEB 20-1,2/25/20,1,490,0.04251356,20.8316444,0.183410629,89.8712082,BDL,BDL
6,25 FEB 20-2,2/25/20,2,930,0.0356598,33.163614,0.673613679,626.4607217,BDL,BDL
6,25 FEB 20-3,2/25/20,3,550,0.04401282,24.207051,2.119961511,1165.978831,0.014,7.7
6,25 FEB 20-4,2/25/20,4,1210,0.022809,27.59889,0.410471687,496.6707407,0.016,19.36
6,25 FEB 20-5,2/25/20,5,680,0.04594044,31.2394992,0.396785815,269.8143539,BDL,BDL
6,25 FEB 20-6,2/25/20,6,1950,0.03930086,76.636677,0.287298839,560.2327358,BDL,BDL
6,10 MAR 20-1,3/10/20,1,460,0.0517233,23.792718,0.212026543,97.53220982,0.072,33.12
6,10 MAR 20-2,3/10/20,2,770,0.02623588,20.2016276,0.459616409,353.9046346,0.11,84.7
6,10 MAR 20-3,3/10/20,3,140,0.0827794,11.589116,7.119037288,996.6652203,4.139,579.46
6,10 MAR 20-4,3/10/20,4,580,0.04508372,26.1485576,0.424779644,246.3721933,BDL,BDL
6,10 MAR 20-5,3/10/20,5,380,0.11233624,42.6877712,0.351995688,133.7583615,0.637,242.06
6,10 MAR 20-6,3/10/20,6,1010,0.03266128,32.9878928,0.542353725,547.7772627,0.012,12.12
6,20 MAR 20-1,3/20/20,1,460,0.03094784,14.2360064,0.259927095,119.5664637,0.04,18.4
6,20 MAR 20-2,3/20/20,2,2520,0.0420852,106.054704,0.171591012,432.409351,0.884,2227.68
6,20 MAR 20-3,3/20/20,3,980,0.03330382,32.6377436,1.604252973,1572.167913,4.97,4870.6
6,20 MAR 20-4,3/20/20,4,1100,0.04701134,51.712474,0.624468957,686.9158529,0.577,634.7
6,20 MAR 20-5,3/20/20,5,950,0.02366572,22.482434,0.256194584,243.3848552,BDL,BDL
6,20 MAR 20-6,3/20/20,6,1000,0.02130974,21.30974,0.32897854,328.9785398,BDL,BDL
6,15 APR 20-1,4/15/20,1,3950,0.02195228,86.711506,0.333955221,1319.123121,BDL,BDL
6,15 APR 20-2,4/15/20,2,9260,0.01724032,159.6453632,0.207049862,1917.281726,0.026,240.76
6,15 APR 20-3,4/15/20,3,1360,0.04080012,55.4881632,3.711877255,5048.153066,0.025,34
6,15 APR 20-4,4/15/20,4,2060,0.03908668,80.5185608,0.739554699,1523.482679,0.234,482.04
6,15 APR 20-5,4/15/20,5,2750,0.04486954,123.391235,0.444686366,1222.887508,0.077,211.75
6,15 APR 20-6,4/15/20,6,6930,BDL,BDL,0.177189778,1227.925162,BDL,BDL
6,29 APR 20-1,4/29/20,1,50,0.06286066,3.143033,1.650909354,82.54546771,0.07,3.5
6,29 APR 20-2,4/29/20,2,260,0.01788286,4.6495436,1.342977235,349.1740811,BDL,BDL
6,29 APR 20-3,4/29/20,3,20,0.18837014,3.7674028,8.383114189,167.6622838,0.159,3.18
6,29 APR 20-4,4/29/20,4,50,0.04808224,2.404112,3.752312785,187.6156393,0.082,4.1
6,29 APR 20-5,4/29/20,5,290,0.044227,12.82583,0.720892146,209.0587223,0.108,31.32
6,29 APR 20-6,4/29/20,6,190,0.06478828,12.3097732,0.779990229,148.1981436,0.369,70.11
6,12 MAY 20-1,5/12/20,1,3460,0.022809,78.91914,0.320269349,1108.131946,BDL,BDL
6,12 MAY 20-2,5/12/20,2,2780,BDL,BDL,0.673613679,1872.646028,0.02,55.6
6,12 MAY 20-3,5/12/20,3,950,0.03801578,36.114991,4.732718886,4496.082942,BDL,BDL
6,12 MAY 20-4,5/12/20,4,750,0.03009112,22.56834,2.859620682,2144.715512,0.343,257.25
6,12 MAY 20-5,5/12/20,5,2260,0.0163836,37.026936,0.57470215,1298.826859,0.022,49.72
6,12 MAY 20-6,5/12/20,6,500,0.04294192,21.47096,0.345774837,172.8874186,0.515,257.5
6,1 JUNE 20-1,6/1/20,1,540,0.02409408,13.0108032,0.504406535,272.3795289,BDL,BDL
6,1 JUNE 20-2,6/1/20,2,990,0.01809704,17.9160696,0.643753595,637.316059,0.026,25.74
6,1 JUNE 20-3,6/1/20,3,200,0.06178976,12.357952,7.230390519,1446.078104,0.012,2.4
6,1 JUNE 20-4,6/1/20,4,150,0.05258002,7.887003,5.398349931,809.7524897,0.078,11.7
6,1 JUNE 20-5,6/1/20,5,950,0.05086658,48.323251,0.526801598,500.4615183,BDL,BDL
6,1 JUNE 20-6,6/1/20,6,510,0.03287546,16.7664846,0.058371526,29.7694783,0.05,25.5
7,16JUN20 1,6/16/20,1,690,0.065,44.85,0.66501508,458.860405,BDL,BDL
7,16JUN20 2,6/16/20,2,970,0.018,17.46,1.426109436,1383.326153,BDL,BDL
7,16JUN20 3,6/16/20,3,460,0.065,29.9,9.444851357,4344.631624,0.05,23
7,16JUN20 4,6/16/20,4,920,0.052,47.84,3.418354158,3144.885825,0.159,146.28
7,16JUN20 5,6/16/20,5,670,0.058,38.86,1.427401982,956.3593279,BDL,BDL
7,16JUN20 6,6/16/20,6,410,0.068,27.88,0.616329168,252.6949591,0.274,112.34
7,30JUN20 1,6/30/20,1,130,0.062,8.06,0.755708746,98.24213701,BDL,BDL
7,30JUN20 2,6/30/20,2,47,0.047,2.209,1.108143042,52.08272296,BDL,BDL
7,30JUN20 3,6/30/20,3,140,0.107,14.98,8.7632486,1226.854804,2.643,370.02
7,30JUN20 4,6/30/20,4,550,0.113,62.15,1.464885825,805.6872038,0.167,91.85
7,30JUN20 5,6/30/20,5,120,0.113,13.56,1.938819474,232.6583369,2.038,244.56
7,30JUN20 6,6/30/20,6,430,0.054,23.22,0.869883671,374.0499785,0.6,258
7,14JUL20 1,7/14/20,1,830,0.056,46.48,0.302240414,250.8595433,0.023,19.09
7,14JUL20 2,7/14/20,2,1060,0.036,38.16,0.802886687,851.059888,BDL,BDL
7,14JUL20 3,7/14/20,3,1070,0.055,58.85,4.18763464,4480.769065,0.067,71.69
7,14JUL20 4,7/14/20,4,1390,0.057,79.23,1.489013356,2069.728565,0.039,54.21
7,14JUL20 5,7/14/20,5,680,0.065,44.2,1.317320121,895.777682,0.155,105.4
7,14JUL20 6,7/14/20,6,1210,0.045,54.45,0.459284791,555.7345972,0.242,292.82
7,28JUL20 1,7/28/20,1,130,0.068,8.84,0.875484705,113.8130116,BDL,BDL
7,28JUL20 2,7/28/20,2,630,0.056,35.28,0.43860405,276.3205515,BDL,BDL
7,28JUL20 3,7/28/20,3,300,0.109,32.7,13.21930202,3965.790607,0.019,5.7
7,28JUL20 4,7/28/20,4,300,0.15,45,2.162429987,648.7289961,0.352,105.6
7,28JUL20 5,7/28/20,5,120,0.131,15.72,2.085523481,250.2628178,0.288,34.56
7,28JUL20 6,7/28/20,6,630,0.082,51.66,0.616329168,388.2873761,0.207,130.41
7,11AUG20 1,8/11/20,1,,0.035,0,0.446143903,0,BDL,BDL
7,11AUG20 2,8/11/20,2,2560,BDL,BDL,0.145411461,372.2533391,BDL,BDL
7,11AUG20 3,8/11/20,3,1980,0.029,57.42,1.680956484,3328.293839,BDL,BDL
7,11AUG20 4,8/11/20,4,1140,0.054,61.56,0.530159414,604.381732,0.016,18.24
7,11AUG20 5,8/11/20,5,1100,0.024,26.4,0.362343817,398.5781991,BDL,BDL
7,11AUG20 6,8/11/20,6,1420,0.03,42.6,0.228565274,324.5626885,0.106,150.52
7,31AUG20 1,8/31/20,1,260,0.069,17.94,1.505816458,391.5122792,0.347,90.22
7,31AUG20 2,8/31/20,2,2010,BDL,BDL,0.278759156,560.3059026,BDL,BDL
7,31AUG20 3,8/31/20,3,2080,0.035,72.8,2.792761741,5808.944421,0.229,476.32
7,31AUG20 4,8/31/20,4,2270,0.071,161.17,0.764110297,1734.530375,0.119,270.13
7,31AUG20 5,8/31/20,5,570,0.036,20.52,1.048039638,597.3825937,BDL,BDL
7,31AUG20 6,8/31/20,6,2350,0.043,101.05,1.609651012,3782.679879,0.07,164.5
7,8SEP20 1,9/8/20,1,220,0.043,9.46,0.826583369,181.8483412,0.013,2.86
7,8SEP20 2,9/8/20,2,1880,0.012,22.56,0.21757863,409.0478242,BDL,BDL
7,8SEP20 3,9/8/20,3,1350,0.031,41.85,1.61051271,2174.192159,0.107,144.45
7,8SEP20 4,9/8/20,4,1260,0.067,84.42,0.622361051,784.1749246,0.102,128.52
7,8SEP20 5,9/8/20,5,270,0.057,15.39,1.372899612,370.6828953,0.018,4.86
7,8SEP20 6,9/8/20,6,930,0.036,33.48,0.495260664,460.5924171,0.01,9.3
7,22SEP20 1,9/22/20,1,16,0.063,1.008,0.662645411,10.60232658,0.186,2.976
7,22SEP20 2,9/22/20,2,640,0.011,7.04,0.040930633,26.19560534,BDL,BDL
7,22SEP20 3,9/22/20,3,260,0.238,61.88,2.74213701,712.9556226,BDL,BDL
7,22SEP20 4,9/22/20,4,530,0.099,52.47,0.978026713,518.3541577,BDL,BDL
7,22SEP20 5,9/22/20,5,25,0.151,3.775,0.310211116,7.755277897,0.126,3.15
7,22SEP20 6,9/22/20,6,250,0.073,18.25,1.043515726,260.8789315,BDL,BDL
7,6OCT20 1,10/6/20,1,8200,0.018,147.6,0.344248169,2822.834985,0.145,1189
7,6OCT20 2,10/6/20,2,1760,0.015,26.4,0.284575614,500.8530806,BDL,BDL
7,6OCT20 3,10/6/20,3,4770,0.023,109.71,0.730934942,3486.559673,0.109,519.93
7,6OCT20 4,10/6/20,4,5000,0.038,190,1.033175355,5165.876777,0.103,515
7,6OCT20 5,10/6/20,5,670,0.116,77.72,1.034683326,693.2378285,0.016,10.72
7,6OCT20 6,10/6/20,6,2090,0.044,91.96,2.387763895,4990.42654,0.087,181.83
7,20OCT20 1,10/20/20,1,1000,0.081,81,1.673632055,1673.632055,BDL,BDL
7,20OCT20 2,10/20/20,2,1470,BDL,BDL,BDL,BDL,BDL,BDL
7,20OCT20 3,10/20/20,3,1490,0.019,28.31,1.584446359,2360.825075,BDL,BDL
7,20OCT20 4,10/20/20,4,1060,0.025,26.5,1.8595433,1971.115898,BDL,BDL
7,20OCT20 5,10/20/20,5,750,0.082,61.5,1.065704438,799.2783283,0.024,18
7,20OCT20 6,10/20/20,6,880,0.055,48.4,1.784791038,1570.616114,0.018,15.84
8,4NOV20 1,11/4/20,1,360,0.068,24.48,1.811979806,652.3127302,0.791,284.76
8,4NOV20 2,11/4/20,2,450,0.024,10.8,0.400539713,180.2428708,0.015,6.75
8,4NOV20 3,11/4/20,3,18,0.083,1.494,3.536332075,63.65397735,0.012,0.216
8,4NOV20 4,11/4/20,4,330,0.056,18.48,3.316656812,1094.496748,0.041,13.53
8,4NOV20 5,11/4/20,5,210,0.165,34.65,0.093540122,19.64342566,0.342,71.82
8,4NOV20 6,11/4/20,6,320,0.113,36.16,3.024362881,967.796122,0.019,6.08
8,17NOV20 1,11/17/20,1,,0.013,0,0.334894862,0,BDL,BDL
8,17NOV20 2,11/17/20,2,2260,BDL,BDL,0.112793924,254.9142675,BDL,BDL
8,17NOV20 3,11/17/20,3,3120,0.016,49.92,0.964660936,3009.74212,BDL,BDL
8,17NOV20 4,11/17/20,4,2650,0.023,60.95,0.218765634,579.7289307,BDL,BDL
8,17NOV20 5,11/17/20,5,580,0.034,19.72,0.495595882,287.4456118,BDL,BDL
8,17NOV20 6,11/17/20,6,3840,0.011,42.24,0.18404815,706.7448947,0.011,42.24
8,1DEC20 1,12/1/20,1,2170,0.065,141.05,0.9795182,2125.554494,0.386,837.62
8,1DEC20 2,12/1/20,2,1680,0.003,5.04,0.315034642,529.258198,BDL,BDL
8,1DEC20 3,12/1/20,3,810,0.027,21.87,2.278467579,1845.558739,0.047,38.07
8,1DEC20 4,12/1/20,4,930,0.042,39.06,0.402662179,374.4758266,BDL,BDL
8,1DEC20 5,12/1/20,5,370,0.029,10.73,1.422355634,526.2715847,0.015,5.55
8,1DEC20 6,12/1/20,6,870,0.03,26.1,0.505905004,440.1373539,BDL,BDL
8,15DEC20 1,12/15/20,1,510,0.103,52.53,1.871105653,954.2638832,0.42,214.2
8,15DEC20 2,12/15/20,2,250,0.164,41,2.578644957,644.6612392,0.691,172.75
8,15DEC20 3,12/15/20,3,340,0.084,28.56,4.989615076,1696.469126,0.013,4.42
8,15DEC20 4,12/15/20,4,210,0.074,15.54,0.648868271,136.2623368,0.016,3.36
8,15DEC20 5,12/15/20,5,160,0.053,8.48,1.674171101,267.8673762,0.035,5.6
8,15DEC20 6,12/15/20,6,410,0.018,7.38,4.319067328,1770.817604,BDL,BDL
8,29DEC20 1,12/29/20,1,1550,0.065,100.75,0.748472582,1160.132503,0.202,313.1
8,29DEC20 2,12/29/20,2,390,0.019,7.41,2.151119601,838.9366444,0.014,5.46
8,29DEC20 3,12/29/20,3,690,0.039,26.91,4.299055502,2966.348297,-0.002,-1.38
8,29DEC20 4,12/29/20,4,560,0.027,15.12,0.185412592,103.8310517,BDL,BDL
8,29DEC20 5,12/29/20,5,620,0.037,22.94,1.190703598,738.2362305,BDL,BDL
8,29DEC20 6,12/29/20,6,950,0.02,19,0.89052622,845.999909,BDL,BDL
8,12JAN21 1,1/12/21,1,340,0.089,30.26,1.30410394,443.3953397,BDL,BDL
8,12JAN21 2,1/12/21,2,250,0.021,5.25,2.178105244,544.526311,BDL,BDL
8,12JAN21 3,1/12/21,3,300,0.014,4.2,4.184897136,1255.469141,BDL,BDL
8,12JAN21 4,1/12/21,4,640,0.027,17.28,0.382347145,244.7021725,BDL,BDL
8,12JAN21 5,1/12/21,5,410,0.054,22.14,1.037734419,425.4711117,0.029,11.89
8,12JAN21 6,1/12/21,6,300,0.027,8.1,0.691469201,207.4407604,BDL,BDL
8,26JAN21 1,1/26/21,1,100,0.193,19.3,3.817255651,381.7255651,BDL,BDL
8,26JAN21 2,1/26/21,2,180,0.031,5.58,2.218128894,399.263201,0.02,3.6
8,26JAN21 3,1/26/21,3,60,0.046,2.76,7.352223283,441.133397,0.083,4.98
8,26JAN21 4,1/26/21,4,70,0.081,5.67,2.057427874,144.0199512,0.374,26.18
8,26JAN21 5,1/26/21,5,140,0.122,17.08,1.122936281,157.2110793,1.319,184.66
8,26JAN21 6,1/26/21,6,270,0.033,8.91,3.033155956,818.9521081,0.02,5.4
8,9FEB21 1,2/9/21,1,6410,0.021,134.61,0.582465396,3733.60319,0.112,717.92
8,9FEB21 2,2/9/21,2,940,0.012,11.28,1.210867027,1138.215006,BDL,BDL
8,9FEB21 3,2/9/21,3,1600,0.027,43.2,1.31592911,2105.486575,0.067,107.2
8,9FEB21 4,2/9/21,4,2170,0.069,149.73,0.639317172,1387.318264,0.047,101.99
8,9FEB21 5,2/9/21,5,820,0.031,25.42,1.087460772,891.7178333,0.016,13.12
8,9FEB21 6,2/9/21,6,2560,0.026,66.56,0.724367429,1854.380619,0.094,240.64
8,23FEB21 1,2/23/21,1,180,0.11,19.8,6.335410318,1140.373857,0.156,28.08
8,23FEB21 2,2/23/21,2,210,0.04,8.4,0.550931611,115.6956383,0.044,9.24
8,23FEB21 3,2/23/21,3,1520,0.015,22.8,0.624459908,949.1790604,BDL,BDL
8,23FEB21 4,2/23/21,4,360,0.103,37.08,1.075332393,387.1196616,0.032,11.52
8,23FEB21 5,2/23/21,5,370,0.051,18.87,0.892951896,330.3922015,0.034,12.58
8,23FEB21 6,2/23/21,6,1070,0.013,13.91,0.944042692,1010.12568,BDL,BDL
9,9MAR21 1,3/9/21,1,80,0.12,9.6,12.60725727,1008.580581,0.052,4.16
9,9MAR21 2,3/9/21,2,55,0.038,2.09,0.696536032,38.30948175,0.068,3.74
9,9MAR21 3,3/9/21,3,310,0.027,8.37,2.70740397,839.2952307,BDL,BDL
9,9MAR21 4,3/9/21,4,100,0.164,16.4,1.580641298,158.0641298,0.055,5.5
9,9MAR21 5,3/9/21,5,140,0.028,3.92,0.841890961,117.8647346,BDL,BDL
9,9MAR21 6,3/9/21,6,420,BDL,BDL,0.957156971,402.005928,BDL,BDL
9,23MAR21 1,3/23/21,1,530,0.212,112.36,7.007424927,3713.935212,1.121,594.13
9,23MAR21 2,3/23/21,2,220,0.143,31.46,4.361845454,959.6059998,0.279,61.38
9,23MAR21 3,3/23/21,3,240,0.049,11.76,9.879195234,2371.006856,0.016,3.84
9,23MAR21 4,3/23/21,4,270,0.2,54,3.377144397,911.8289872,0.436,117.72
9,23MAR21 5,3/23/21,5,390,0.122,47.58,0.960150894,374.4588485,0.065,25.35
9,23MAR21 6,3/23/21,6,400,0.02,8,4.782341846,1912.936738,BDL,BDL
9,6APR21 1,4/6/21,1,690,0.109,75.21,4.566030957,3150.56136,0.02,13.8
9,6APR21 2,4/6/21,2,340,0.045,15.3,6.497859346,2209.272177,0.037,12.58
9,6APR21 3,4/6/21,3,350,0.029,10.15,5.579323972,1952.76339,0.105,36.75
9,6APR21 4,4/6/21,4,500,0.104,52,4.70854166,2354.27083,BDL,BDL
9,6APR21 5,4/6/21,5,370,0.054,19.98,0.878416814,325.0142211,0.172,63.64
9,6APR21 6,4/6/21,6,660,0.019,12.54,2.781952636,1836.08874,0.199,131.34
9,20APR21 1,4/20/21,1,560,0.124,69.44,2.838687464,1589.66498,0.023,12.88
9,20APR21 2,4/20/21,2,250,0.059,14.75,3.253046316,813.261579,0.057,14.25
9,20APR21 3,4/20/21,3,280,0.02,5.6,4.556749798,1275.889943,0.027,7.56
9,20APR21 4,4/20/21,4,520,0.064,33.28,1.939313194,1008.442861,0.034,17.68
9,20APR21 5,4/20/21,5,260,0.047,12.22,1.308643454,340.247298,0.033,8.58
9,20APR21 6,4/20/21,6,450,0.024,10.8,1.031256549,464.0654471,BDL,BDL
9,6MAY21 1,5/6/21,1,590,0.205,120.95,2.829556001,1669.438041,1.212,715.08
9,6MAY21 2,5/6/21,2,400,0.022,8.8,4.219634143,1687.853657,BDL,BDL
9,6MAY21 3,5/6/21,3,520,BDL,BDL,8.441513727,4389.587138,BDL,BDL
9,6MAY21 4,5/6/21,4,220,0.114,25.08,10.10493698,2223.086135,BDL,BDL
9,6MAY21 5,5/6/21,5,310,0.059,18.29,2.43869944,755.9968264,BDL,BDL
9,6MAY21 6,5/6/21,6,790,0.021,16.59,3.564863327,2816.242029,0.019,15.01
9,18MAY21 1,5/18/21,1,110,0.417,45.87,4.209155415,463.0070956,0.116,12.76
9,18MAY21 2,5/18/21,2,210,0.163,34.23,4.231909224,888.7009371,0.074,15.54
9,18MAY21 3,5/18/21,3,330,0.02,6.6,7.333912158,2420.191012,0.074,24.42
9,18MAY21 4,5/18/21,4,190,0.092,17.48,4.51618215,858.0746085,0.025,4.75
9,18MAY21 5,5/18/21,5,120,0.058,6.96,1.245471692,149.4566031,0.044,5.28
9,18MAY21 6,5/18/21,6,290,0.099,28.71,2.232567887,647.4446873,0.15,43.5
9,2JUN21 1,6/6/21,1,2470,0.091,224.77,0.705817191,1743.368462,0.174,429.78
9,2JUN21 2,6/6/21,2,1540,0.071,109.34,2.402922068,3700.499985,0.01,15.4
9,2JUN21 3,6/6/21,3,2670,0.017,45.39,2.629262597,7020.131134,BDL,BDL
9,2JUN21 4,6/6/21,4,4480,0.055,246.4,1.996048023,8942.295141,1.432,6415.36
9,2JUN21 5,6/6/21,5,1280,0.085,108.8,1.212538547,1552.04934,0.026,33.28
9,2JUN21 6,6/6/21,6,3770,0.03,113.1,BDL,BDL,BDL,BDL
9,15JUN21 1,6/15/21,1,,0.011,0,0.435016916,0,0.103,0
9,15JUN21 2,6/15/21,2,1420,0.051,72.42,0.342504715,486.3566959,0.01,14.2
9,15JUN21 3,6/15/21,3,910,0.02,18.2,2.203676537,2005.345648,BDL,BDL
9,15JUN21 4,6/15/21,4,4340,0.028,121.52,0.41944852,1820.406575,0.017,73.78
9,15JUN21 5,6/15/21,5,1960,0.028,54.88,0.447291997,876.6923146,0.036,70.56
9,15JUN21 6,6/15/21,6,3620,0.033,119.46,BDL,BDL,0.178,644.36
9,29JUN21 1,6/29/21,1,520,0.051,26.52,0.533367264,277.3509775,0.023,11.96
9,29JUN21 2,6/29/21,2,1160,0.046,53.36,0.671087692,778.4617227,0.043,49.88
9,29JUN21 3,6/29/21,3,1080,0.012,12.96,3.242268196,3501.649651,0.011,11.88
9,29JUN21 4,6/29/21,4,1680,0.055,92.4,0.495793539,832.9331457,0.042,70.56
9,29JUN21 5,6/29/21,5,470,0.062,29.14,1.070327236,503.0538008,0.018,8.46
9,29JUN21 6,6/29/21,6,2200,0.041,90.2,BDL,BDL,0.102,224.4
10,13JUL21 1,7/13/21,1,30,0.117,3.51,0.830398257,24.9119477,BDL,BDL
10,13JUL21 2,7/13/21,2,220,0.22,48.4,2.904566066,639.0045344,0.086,18.92
10,13JUL21 3,7/13/21,3,610,0.013,7.93,3.955710218,2412.983233,BDL,BDL
10,13JUL21 4,7/13/21,4,340,0.031,10.54,0.661956484,225.0652044,BDL,BDL
10,13JUL21 5,7/13/21,5,50,0.127,6.35,0.333368484,16.6684242,0.109,5.45
10,13JUL21 6,7/13/21,6,630,0.053,33.39,0.103342824,65.10597912,0.035,22.05
10,27JUL21 1,7/27/21,1,400,0.046,18.4,0.674188899,269.6755598,0.023,9.2
10,27JUL21 2,7/27/21,2,3680,0.012,44.16,0.378642483,1393.404338,BDL,BDL
10,27JUL21 3,7/27/21,3,65,0.016,1.04,2.634468698,171.2404654,BDL,BDL
10,27JUL21 4,7/27/21,4,1200,0.041,49.2,0.8385532,1006.263841,0.045,54
10,27JUL21 5,7/27/21,5,1270,0.044,55.88,0.337164751,428.1992337,BDL,BDL
10,27JUL21 6,7/27/21,6,3680,0.012,44.16,0.314105944,1155.909874,0.015,55.2
10,12AUG21 1,8/12/21,1,710,0.03,21.3,2.133220851,1514.586804,0.039,27.69
10,12AUG21 2,8/12/21,2,1540,0.026,40.04,0.830679461,1279.246371,BDL,BDL
10,12Aug21 3,8/12/21,3,0,xx,xx,xx,xx,xx,xx
10,12AUG21 4,8/12/21,4,980,0.021,20.58,1.332349116,1305.702134,BDL,BDL
10,12AUG21 5,8/12/21,5,640,0.035,22.4,0.521635207,333.8465324,BDL,BDL
10,12AUG21 6,8/12/21,6,1950,0.022,42.9,0.676579142,1319.329326,0.072,140.4
10,24AUG21 1,8/24/21,1,940,0.026,24.44,1.084748146,1019.663257,0.102,95.88
10,24AUG21 2,8/24/21,2,1210,0.021,25.41,0.347428732,420.3887659,BDL,BDL
10,24AUG21 3,8/24/21,3,na,xx,xx,xx,xx,xx,xx
10,24AUG21 4,8/24/21,4,650,0.029,18.85,0.788498717,512.5241661,BDL,BDL
10,24AUG21 5,8/24/21,5,420,0.032,13.44,0.344757285,144.7980597,BDL,BDL
10,24AUG21 6,8/24/21,6,1510,0.024,36.24,0.333368484,503.3864108,0.085,128.35
10,7SEP21 1,9/7/21,1,230,0.054,12.42,3.794157967,872.6563324,0.451,103.73
10,7SEP21 2,9/7/21,2,210,0.045,9.45,2.865900383,601.8390805,BDL,BDL
10,7SEP21 3,9/7/21,3,400,0.145,58,1.51049246,604.1969841,0.225,90
10,7SEP21 4,9/7/21,4,na,xx,xx,xx,xx,xx,xx
10,7SEP21 5,9/7/21,5,60,0.147,8.82,1.41474217,84.88453021,0.09,5.4
10,7SEP21 6,9/7/21,6,140,0.07,9.8,7.626700411,1067.738058,6.583,921.62
10,21SEP21 1,9/21/21,1,1190,0.113,134.47,0.848957784,1010.259763,0.155,184.45
10,21SEP21 2,9/21/21,2,2810,0.032,89.92,0.358817533,1008.277268,BDL,BDL
10,21SEP21 3,9/21/21,3,4640,0.012,55.68,0.368940912,1711.885831,BDL,BDL
10,21SEP21 4,9/21/21,4,3120,0.019,59.28,0.2889381,901.4868712,BDL,BDL
10,21SEP21 5,9/21/21,5,2100,0.038,79.8,0.496186158,1041.990931,BDL,BDL
10,21SEP21 6,9/21/21,6,440,0.143,62.92,0.824071145,362.5913037,0.047,20.68
10,5OCT21 1,10/5/21,1,800,0.164,131.2,1.710991599,1368.793279,BDL,BDL
10,5OCT21 2,10/5/21,2,1390,0.025,34.75,0.515870505,717.0600021,BDL,BDL
10,5OCT21 3,10/5/21,3,1980,0.061,120.78,0.853457064,1689.844986,0.121,239.58
10,5OCT21 4,10/5/21,4,1940,0.069,133.86,0.643115751,1247.644557,0.035,67.9
10,5OCT21 5,10/5/21,5,640,0.042,26.88,0.693732644,443.9888924,BDL,BDL
10,5OCT21 6,10/5/21,6,290,0.149,43.21,0.495483145,143.6901121,BDL,BDL
10,18OCT21 1,10/18/21,1,1220,0.107,130.54,0.924601919,1128.014341,BDL,BDL
10,18OCT21 2,10/18/21,2,3220,0.013,41.86,0.333368484,1073.446518,BDL,BDL
10,18OCT21 3,10/18/21,3,2350,0.016,37.6,0.437133115,1027.262821,BDL,BDL
10,18OCT21 4,10/18/21,4,2180,0.091,198.38,0.614854652,1340.383142,0.704,1534.72
10,18OCT21 5,10/18/21,5,1930,0.042,81.06,0.367816092,709.8850575,BDL,BDL
10,18OCT21 6,10/18/21,6,860,0.033,28.38,0.297936659,256.2255264,BDL,BDL
10,1NOV21 1,11/1/21,1,820,0.3,246,1.311961756,1075.80864,0.607,497.74
10,1NOV21 2,11/1/21,2,1850,BDL,BDL,0.358255123,662.7719779,BDL,BDL
10,1NOV21 3,11/1/21,3,1020,0.053,54.06,0.994200148,1014.084151,BDL,BDL
10,1NOV21 4,11/1/21,4,1400,0.063,88.2,0.504762909,706.6680727,BDL,BDL
10,1NOV21 5,11/1/21,5,660,0.033,21.78,0.419417203,276.8153538,BDL,BDL
10,1NOV21 6,11/1/21,6,,0.083,0,0.204154803,0,0.028,0
10,16NOV21 1,11/16/21,1,610,0.156,95.16,1.638721923,999.6203733,0.022,13.42
10,16NOV21 2,11/16/21,2,1820,BDL,BDL,0.365144645,664.5632535,BDL,BDL
10,16NOV21 3,11/16/21,3,1320,0.06,79.2,0.641006714,846.1288622,BDL,BDL
10,16NOV21 4,11/16/21,4,1160,0.055,63.8,0.535695455,621.4067278,BDL,BDL
10,16NOV21 5,11/16/21,5,480,0.02,9.6,0.122605364,58.85057471,BDL,BDL
10,16NOV21 6,11/16/21,6,,0.177,0,0.395092973,0,0.11,0
11,1DEC21 1,12/1/21,1,690,0.198,136.62,1.565319274,1080.070299,0.098,67.62
11,1DEC21 2,12/1/21,2,3660,0.01,36.6,0.270348983,989.4772784,0.165,603.9
11,1DEC21 3,12/1/21,3,2030,0.013,26.39,0.474817976,963.8804921,0.049,99.47
11,1DEC21 4,12/1/21,4,2300,0.058,133.4,0.53427065,1228.822496,0.062,142.6
11,1DEC21 5,12/1/21,5,1280,0.033,42.24,0.392601891,502.530421,0.072,92.16
11,1DEC21 6,12/1/21,6,,0.188,0,0.203263871,0,0.073,0
11,14DEC21 1,12/14/21,1,780,0.098,76.44,1.087555444,848.2932463,0.087,67.86
11,14DEC21 2,12/14/21,2,2260,0.013,29.38,0.534002845,1206.846431,0.049,110.74
11,14DEC21 3,12/14/21,3,1590,0.008,12.72,0.197907775,314.6733618,0.042,66.78
11,14DEC21 4,12/14/21,4,1230,0.026,31.98,0.438262616,539.0630178,0.05,61.5
11,14DEC21 5,12/14/21,5,800,0.043,34.4,0.225625575,180.5004603,0.06,48
11,14DEC21 6,12/14/21,6,,0.203,0,0.143275588,0,0.063,0
11,28DEC21 1,12/28/21,1,510,0.063,32.13,1.277429074,651.4888275,0.066,33.66
11,28DEC21 2,12/28/21,2,3000,0.005,15,0.672457946,2017.373839,0.05,150
11,28DEC21 3,12/28/21,3,780,0.006,4.68,0.30837727,240.5342707,0.056,43.68
11,28DEC21 4,12/28/21,4,540,0.029,15.66,0.629341367,339.8443384,0.072,38.88
11,28DEC21 5,12/28/21,5,630,0.108,68.04,0.609925517,384.2530756,0.08,50.4
11,28DEC21 6,12/28/21,6,,xx,xx,xx,xx,xx,xx
11,12JAN22 1,1/12/22,1,380,0.173,65.74,2.989773203,1136.113817,0.09,34.2
11,12JAN22 2,1/12/22,2,500,0.087,43.5,2.127441627,1063.720813,0.106,53
11,12JAN22 3,1/12/22,3,10,0.012,0.12,0.644740146,6.447401456,0.368,3.68
11,12JAN22 4,1/12/22,4,390,0.113,44.07,2.010410913,784.0602561,0.093,36.27
11,12JAN22 5,1/12/22,5,220,0.255,56.1,1.662130722,365.6687589,0.083,18.26
11,12JAN22 6,1/12/22,6,1500,0.063,94.5,0.166976316,250.464474,0.137,205.5
11,25JAN22 1,1/25/22,1,130,0.136,17.68,3.831216001,498.0580802,1.428,185.64
11,25JAN22 2,1/25/22,2,110,0.287,31.57,3.740162357,411.4178592,0.308,33.88
11,25JAN22 3,1/25/22,3,10,0.048,0.48,6.812285547,68.12285547,0.762,7.62
11,25JAN22 4,1/25/22,4,15,0.969,14.535,8.0609256,120.913884,2.881,43.215
11,25JAN22 5,1/25/22,5,10,0.405,4.05,3.069445142,30.69445142,0.649,6.49
11,25JAN22 6,1/25/22,6,140,0.144,20.16,0.539358942,75.5102519,0.268,37.52
11,8FEB22 1,2/8/22,1,4741,0.073,346.093,0.373989455,1773.084007,0.263,1246.883
11,8FEB22 2,2/8/22,2,7180,0.013,93.34,0.18987363,1363.29266,0.061,437.98
11,8FEB22 3,2/8/22,3,,xx,xx,xx,xx,xx,xx
11,8FEB22 4,2/8/22,4,2130,0.101,215.13,0.759762323,1618.293748,0.069,146.97
11,8FEB22 5,2/8/22,5,370,0.25,92.5,1.310235166,484.7870115,0.061,22.57
11,8FEB22 6,2/8/22,6,7890,0.019,149.91,0.066013892,520.8496108,0.083,654.87
11,22FEB22 1,2/22/22,1,380,0.073,27.74,0.90518035,343.9685329,0.071,26.98
11,22FEB22 2,2/22/22,2,950,0.033,31.35,0.255887522,243.0931459,0.067,63.65
11,22FEB22 3,2/22/22,3,150,0.171,25.65,4.302150808,645.3226211,0.135,20.25
11,22FEB22 4,2/22/22,4,610,0.36,219.6,2.34021257,1427.529668,0.06,36.6
11,22FEB22 5,2/22/22,5,,0.884,0,1.274617123,0,0.336,0
11,22FEB22 6,2/22/22,6,250,0.049,12.25,0.303824588,75.95614696,0.138,34.5
11,8MAR22 1,3/8/22,1,750,0.048,36,0.565603816,424.2028622,0.061,45.75
11,8MAR22 2,3/8/22,2,1910,0.241,460.31,0.064005356,122.2502301,0.052,99.32
11,8MAR22 3,3/8/22,3,220,0.018,3.96,2.774190309,610.3218679,0.057,12.54
11,8MAR22 4,3/8/22,4,780,0.099,77.22,1.218110302,950.1260357,0.072,56.16
11,8MAR22 5,3/8/22,5,560,0.181,101.36,1.19641811,669.9941418,0.076,42.56
11,8MAR22 6,3/8/22,6,2210,0.014,30.94,0.094535108,208.9225877,0.053,117.13
11,22MAR22 1,,1,,0.052,,1.201238597,,0.061,
11,22MAR22 2,,2,,0.127,,0.132697297,,0.067,
11,22MAR22 3,,3,,0.018,,1.939040924,,0.068,
11,22MAR22 4,,4,,0.041,,1.165218847,,0.069,
11,22MAR22 5,,5,,0.115,,0.656389656,,0.092,
11,22MAR22 6,,6,,0.017,,0.071369989,,0.064,
11,5APR22 1,,1,,0.022,,1.456456607,,0.178,
11,5APR22 2,,2,,0.145,,0.888308645,,0.078,
11,5APR22 3,,3,,0.035,,1.520194159,,0.076,
11,5APR22 4,,4,,0.03,,0.878533769,,0.064,
11,5APR22 5,,5,,0.074,,0.958473512,,0.053,
11,5APR22 6,,6,,0.02,,0.071102184,,0.098,
11,19APR22 1,,1,,0.047,,1.699221692,,0.049,
11,19APR22 2,,2,,0.148,,1.058230814,,0.064,
11,19APR22 3,,3,,0.026,,1.762021927,,0.072,
11,19APR22 4,,4,,0.023,,1.127324462,,0.093,
11,19APR22 5,,5,,0.079,,0.712628672,,0.072,
11,19APR22 6,,6,,0.046,,0.069093648,,0.125,