Lab ID,Plot,Rep,Date,TC,TN,TC/TN,NH4,NO3,NH4 Min,NO3 Min,PO4,Ext C,Ext N,ubial C ,ubial N,ubial P,ubial C/N,Notes,
3,1,1,3/10/16,4.1961,0.4386,9.5668,3.514005639,0.689475581,-0.350306045,1.596822705,1.539631092,80.9588813,10.00381247,9.221109416,0,4.044149407,N/A,"ubial CNP values are suspect, different method used",
12,1,2,3/10/16,4.0213,0.429,9.373,2.137033897,1.146018153,0.484497514,2.260944151,3.801217479,83.38661488,13.26599403,29.29487654,5.091290431,0,5.753919745,"ubial CNP values are suspect, different method used",
13,1,3,3/10/16,3.4606,0.3694,9.3681,3.029460863,1.327438888,-0.139157055,1.855854488,6.422594125,102.5729373,11.59369402,0,1.734574924,0,N/A,"ubial CNP values are suspect, different method used",
4,2,1,3/10/16,4.2608,0.4206,10.13,2.061409035,2.133338433,-0.206062576,0.779626044,0.786808998,75.95606431,9.274586806,36.91153514,0.73890265,15.04884852,49.95453076,"ubial CNP values are suspect, different method used",
7,2,2,3/10/16,3.1981,0.2911,10.9875,1.631150997,0.430931378,-0.036039849,1.046702872,0.322102395,66.51854687,9.566004384,17.83834076,5.089120666,0,3.505191159,"ubial CNP values are suspect, different method used",
17,2,3,3/10/16,3.8296,0.3846,9.9579,1.383905058,1.373776383,0.095856795,1.831210999,1.48615976,148.2385429,14.10358465,0,0,0.772018039,N/A,"ubial CNP values are suspect, different method used",
2,3,1,3/10/16,2.9887,0.3022,9.8884,2.881773399,0.504706801,-0.251996801,0.76239076,4.579210464,48.17149547,6.744622932,25.3788028,1.317045384,0,19.26949754,"ubial CNP values are suspect, different method used",
10,3,2,3/10/16,4.0231,0.3768,10.6781,1.308694445,0.548097533,0.762228131,1.747221306,23.44029686,95.50221854,9.081930742,0,4.780494728,6.133472601,N/A,"ubial CNP values are suspect, different method used",
18,3,3,3/10/16,3.6113,0.3457,10.4448,1.439226666,1.784694245,0.00366326,0.665655229,1.720857286,91.02290847,10.42536512,0,0,15.14048834,N/A,"ubial CNP values are suspect, different method used",
5,4,1,3/10/16,3.8694,0.3953,9.789,1.419289398,0.865138492,0.143493745,1.109310206,19.27416864,65.59153249,8.463847664,42.67416204,1.674825202,0,25.47977065,"ubial CNP values are suspect, different method used",
8,4,2,3/10/16,3.8265,0.3592,10.6529,1.594071717,0.165464551,4.956755272,1.493337919,40.39197554,92.51950552,14.43157427,61.56621751,5.474325455,0,11.24635684,"ubial CNP values are suspect, different method used",
16,4,3,3/10/16,5.0991,0.4837,10.5427,5.319708062,2.731243967,-0.370495072,3.634738388,4.998874624,113.1518448,13.94169027,0,0,0,N/A,"ubial CNP values are suspect, different method used",
1,5,1,3/10/16,9.1867,0.6927,13.2624,5.951959907,0.088013228,-0.479319202,2.41704322,10.02724213,38.62049472,6.881152109,30.77353078,1.672360101,0,18.40125865,"ubial CNP values are suspect, different method used",
11,5,2,3/10/16,4.3504,0.4214,10.3226,2.434623959,0.458516557,-0.134120216,1.538989569,41.78616402,151.7040566,9.220810957,0,7.120855785,0,N/A,"ubial CNP values are suspect, different method used",
15,5,3,3/10/16,4.5411,0.4584,9.9065,2.68847156,1.445593915,-0.083228511,1.421525369,1.484562469,182.0589599,11.81193717,0,4.266587583,2.888517039,N/A,"ubial CNP values are suspect, different method used",
6,6,1,3/10/16,4.553,0.4427,10.2854,1.957311644,0.475579338,-0.156809996,1.589750725,3.131103552,83.49869494,12.36570129,0,0,4.45403294,N/A,"ubial CNP values are suspect, different method used",
9,6,2,3/10/16,4.1549,0.4144,10.0253,1.74578261,0.957049755,0.06434673,0.801581252,3.300318468,137.4983036,18.48335588,2.76534495,0,0.060326792,N/A,"ubial CNP values are suspect, different method used",
14,6,3,3/10/16,4.5588,0.451,10.1084,2.525559014,1.506288905,-0.07422919,1.783792208,0.5610132,119.6464945,15.80892827,0.408221314,0.676207673,2.649813023,0.603692224,"ubial CNP values are suspect, different method used",
5,1,1,3/7/17,3.3017,0.3495,9.4482,2.137436267,0.456838008,-0.135267871,1.046558999,0.071325764,308.1819293,27.28640688,235.8195071,61.41817113,2.99340166,3.839572275,,
7,1,2,3/8/17,3.7246,0.3866,9.6349,1.664712285,0.670462197,0.000544078,0.995524765,0.336277401,242.9745086,24.80520528,380.2798559,87.72306613,4.649496478,4.335004152,,
17,1,3,3/9/17,3.9151,0.4003,9.7814,1.20814957,0.301712479,0.084818681,0.716673066,1.128767936,242.7061853,24.00675871,120.5275651,38.48738925,2.625294837,3.131611871,,
6,2,1,3/7/17,3.6456,0.3555,10.2538,1.025438489,2.926366716,0.133484676,1.498958354,0.298665031,286.00375,28.9168341,294.2575039,76.23574015,2.274163549,3.859836651,,
8,2,2,3/8/17,3.1179,0.3168,9.8407,0.836586,2.41804614,0.196930112,1.138873392,2.4422595,218.8516201,24.24814631,414.6144267,94.95512427,0.156752217,4.366424981,,
14,2,3,3/9/17,3.2245,0.3217,10.0229,0.526688352,1.006253188,0.104015842,0.562746828,0,186.5120139,20.1009188,679.6092619,64.78812459,3.77049235,10.48971962,,
3,3,1,3/7/17,3.5486,0.3391,10.4658,2.064563056,3.189483165,-0.001930425,1.183637947,0.473210407,262.4114358,29.79810912,174.9785636,49.29898112,2.668003654,3.549334278,,
12,3,2,3/8/17,3.1525,0.321,9.8216,2.160188664,0.937346852,0.115588998,1.939640479,0.249187396,315.6427215,34.86277556,296.6824038,78.83071764,5.194448398,3.763538031,,
18,3,3,3/9/17,3.1925,0.3066,10.4123,1.308418961,1.024362712,0.008198864,0.858251057,0,237.2133923,24.23830826,217.1671423,40.63069559,1.513008355,5.344903384,,
4,4,1,3/7/17,5.6723,0.4417,12.8433,1.734581039,0.604075406,0.483916989,1.379534019,0.276814269,415.1185255,34.43681601,235.0034656,70.01329418,5.092155242,3.356554899,,
9,4,2,3/8/17,4.6782,0.4318,10.8353,1.025635236,2.571638769,0.124469003,1.607353648,0.364603757,452.9977918,44.57962503,364.4193613,90.30673728,4.045360069,4.035350764,,
15,4,3,3/9/17,4.9312,0.4413,11.1747,1.11495874,0.381101745,0.128522604,1.547982141,0.237455957,341.0157553,31.8814949,566.4857718,114.9338855,7.020664942,4.92879684,,
2,5,1,3/7/17,4.0438,0.4022,10.0541,1.57862617,2.199427737,0.009926698,0.721439682,0.21946591,365.0099888,35.92124365,516.1998875,117.3879695,4.234183001,4.39738322,,
11,5,2,3/8/17,4.0151,0.3881,10.3447,3.178685772,0.812223384,-0.338677428,1.094076236,1.47771705,280.2623373,28.74159007,355.2477486,87.64192221,2.229147146,4.053399784,,
13,5,3,3/9/17,4.9511,0.4612,10.7345,1.428767465,0.257129333,0.047015908,0.55892881,0.426587008,306.5244679,28.93166092,269.8959043,69.46378699,4.1638559,3.885418806,,
1,6,1,3/7/17,6.505,0.5158,12.6112,2.573635943,1.294336268,0.037395509,1.089008344,0.203405091,187.3821835,18.39231975,591.5974343,123.057285,7.322528816,4.807496233,,
10,6,2,3/8/17,4.619,0.4184,11.0396,1.031055327,0.559463326,0.071084079,0.61742928,1.499037988,254.9987014,23.81241526,500.4580887,119.4538149,3.169471605,4.189553003,,
16,6,3,3/9/17,3.3724,0.3382,9.9718,1.364935332,0.264859028,0.005416666,1.044441882,0.106109634,419.6563255,38.61378331,301.3224278,84.34764085,5.896501107,3.572387144,,
1,5,1,9/20/2017,5.8313,0.4944,11.7946,5.756236725,5.856375103,-0.511629245,1.437792334,1.328308183,347.5950336,29.88125805,420.3663318,91.24687732,8.175111469,4.606911976,,
2,4,1,9/20/2017,5.0367,0.4481,11.2411,7.76818792,9.878385896,-0.181591637,2.13461285,1.200328385,465.2127202,48.65258795,597.7356827,111.0577727,4.031486731,5.382204848,,
3,3,2,9/20/2017,4.1082,0.3881,10.5854,2.634635421,3.145212293,-0.1939418,0.519048899,0.557547455,432.6669991,35.32168473,169.2494044,49.66873326,5.360271252,3.407564343,,
4,6,1,9/20/2017,4.7621,0.4439,10.7287,1.993488565,4.140644514,-0.077572308,1.044490279,0.515448907,313.2295187,27.08706808,863.0288257,88.39125301,5.284857815,9.763735622,,
5,5,3,9/20/2017,5.9375,0.5165,11.4964,3.967165435,10.29534588,-0.344139234,1.34189541,1.391638715,341.8515805,33.33892281,473.0974062,111.5513264,8.021806556,4.241073785,,
6,5,2,9/20/2017,4.6743,0.4455,10.493,7.482702768,3.818879712,-0.710142792,1.375491689,0.697293534,312.6438367,29.40025713,495.3118135,98.62370945,6.956450014,5.022238732,,
7,6,3,9/20/2017,7.2823,0.564,12.9118,1.868634734,8.715818569,0.12549915,0.759482961,0.443733313,347.3653798,15.8577335,241.7710407,78.12013884,7.303914462,3.094861892,,
8,4,3,9/20/2017,5.2706,0.4559,11.5598,2.106442144,8.766830701,-0.206748233,0.639587831,0.385168566,393.9708019,37.24584817,378.9239993,87.21316218,6.520342446,4.344802892,,
9,2,2,9/20/2017,3.8829,0.3813,10.1823,1.12321337,5.812194913,-0.050360197,0.828203675,0.477410094,239.7646947,20.72467557,391.5445963,87.50401025,4.113385433,4.47459031,,
10,1,3,9/20/2017,5.8334,0.5216,11.1831,2.694736096,6.049831723,-0.211299641,0.910692403,0.689452794,289.7561018,30.31091382,350.1500326,77.26095959,5.576965465,4.532043537,,
11,6,2,9/20/2017,5.1691,0.4781,10.8117,3.748966136,7.559395637,-0.353183482,0.718486785,0.559976075,282.2108518,23.61397008,386.9669948,104.671605,4.76009359,3.696962465,,
12,3,3,9/20/2017,4.1029,0.3883,10.5653,3.071737004,7.525369121,-0.254634151,1.270141473,0.424848834,531.3662531,36.65683525,81.35516507,65.74660096,3.062524578,1.237404883,,
13,1,1,9/20/2017,5.6408,0.5267,10.7087,1.776871531,4.075918873,-0.115131445,1.342998243,0.525246666,251.6726158,25.16124553,762.2300291,98.55625781,3.898713504,7.733958716,,
14,1,2,9/20/2017,4.6237,0.4598,10.0563,1.452355513,7.714049613,-0.054053368,0.853156587,0.56269413,245.487161,24.49780013,396.1612351,95.43282032,5.770784003,4.151205358,,
15,2,1,9/20/2017,4.8488,0.4307,11.2575,1.784321173,5.771949371,-0.079325641,-0.03163892,0.648805548,182.8531555,18.40695149,286.4043982,76.71477359,5.059715453,3.733366923,,
16,2,3,9/20/2017,4.4621,0.4018,11.1053,1.528432041,4.208743408,-0.058606268,0.663173839,0.870739167,353.8652118,29.62759949,248.6944138,69.31438593,6.614189759,3.587919166,,
17,3,1,9/20/2017,5.3078,0.4778,11.1092,5.120961208,7.610358237,-0.46285316,1.727725595,1.070456471,291.7761501,29.66825563,195.1993542,57.75686139,3.831242591,3.379673852,,
18,4,2,9/20/2017,5.4002,0.4507,11.9815,5.646099493,3.411676643,-0.531444782,1.025011803,0.697234844,420.1984811,37.09214653,462.9953481,115.9980529,7.207259632,3.991406204,,
1,1,1,11/21/17,4.2784,0.4239,10.0923,5.361710949,2.778062906,N/A,N/A,0,207.8013072,23.65735905,433.1787758,79.64345298,3.43521159,5.438975328,No nitrogen mineralization done,
2,1,2,11/21/17,4.5863,0.441,10.3991,4.777812205,2.469071189,N/A,N/A,0.066322826,228.8189675,25.89149931,468.2902981,94.32982396,1.784975687,4.964392792,No nitrogen mineralization done,
3,1,3,11/21/17,3.2569,0.342,9.5234,3.211875513,2.460297531,N/A,N/A,0,209.4427098,19.76969245,394.7946749,88.0994433,2.760532928,4.481239155,No nitrogen mineralization done,
4,2,1,11/21/17,5.917,0.4653,12.7157,4.984012086,4.855315417,N/A,N/A,0.090404228,225.5514156,25.12960443,594.3586436,104.3461923,0.927777454,5.696026186,No nitrogen mineralization done,
5,2,2,11/21/17,4.6628,0.3767,12.3779,2.483658822,2.128094868,N/A,N/A,0.282237087,401.0509095,27.26318129,30.48973973,45.6379824,2.594900919,0.668078169,No nitrogen mineralization done,
6,2,3,11/21/17,4.3059,0.3883,11.088,5.367785909,1.603473062,N/A,N/A,0.322745042,182.703994,15.26856636,377.8083658,82.62601828,0.54285184,4.572510859,No nitrogen mineralization done,
7,3,1,11/21/17,3.2859,0.3182,10.3253,3.585724594,0.6052016,N/A,N/A,0,273.9260684,25.32900778,256.2937848,53.71709109,0.837314893,4.771177658,No nitrogen mineralization done,
8,3,2,11/21/17,3.5975,0.3202,11.2347,3.349109076,0.37685761,N/A,N/A,0.087376487,249.8655911,19.90976141,199.2527535,44.06029026,2.077827877,4.522275099,No nitrogen mineralization done,
9,3,3,11/21/17,3.5449,0.347,10.2151,3.721509988,1.899323182,N/A,N/A,0,180.7095597,20.86723983,525.7780734,67.24677492,0.477645591,7.818636269,No nitrogen mineralization done,
10,4,1,11/21/17,3.2322,0.3201,10.098,1.699852811,9.880070753,N/A,N/A,0.089784815,294.3170879,28.9984789,380.2604781,72.80780332,1.023891799,5.222798392,No nitrogen mineralization done,
11,4,2,11/21/17,4.391,0.3943,11.1374,7.208191528,8.695013018,N/A,N/A,0,536.7732484,49.5736016,226.8259591,65.53951232,2.279874966,3.460903981,No nitrogen mineralization done,
12,4,3,11/21/17,5.1714,0.4316,11.9818,2.620082734,3.297019727,N/A,N/A,0.278556228,453.450814,36.35009088,422.0584215,70.29929658,0.436688466,6.003736055,No nitrogen mineralization done,
13,5,1,11/21/17,6.1291,0.5546,11.0518,4.535633436,3.388073729,N/A,N/A,0.148789461,291.2091561,24.61285173,559.0191515,112.1004675,6.209613704,4.986769136,No nitrogen mineralization done,
14,5,2,11/21/17,6.0364,0.516,11.6991,12.26158746,0.182397465,N/A,N/A,0.345653482,241.1903977,20.12857843,691.5983159,121.9029677,4.557988987,5.673350937,No nitrogen mineralization done,
15,5,3,11/21/17,4.4757,0.3973,11.2662,5.678024321,2.380992,N/A,N/A,0.055753479,383.4268698,31.67445335,228.7121111,60.85636093,0.44687123,3.758228517,No nitrogen mineralization done,
16,6,1,11/21/17,5.2382,0.4481,11.6905,2.926991293,3.738313384,N/A,N/A,0,307.543101,27.78966211,507.3426125,62.72758673,2.129974576,8.088030147,No nitrogen mineralization done,
17,6,2,11/21/17,4.4674,0.4158,10.7451,4.431899599,4.901483806,N/A,N/A,0,231.9494636,25.72884453,359.852983,71.03065296,1.704725237,5.06616465,No nitrogen mineralization done,
18,6,3,11/21/17,3.8781,0.3861,10.0433,4.31327632,3.438892894,N/A,N/A,0.064446664,312.2980038,27.12291444,603.9936844,101.4553016,3.079099289,5.953298398,No nitrogen mineralization done,
21,4,4,11/21/17,3.7552,0.3709,10.1233,1.792016392,5.0227048,N/A,N/A,0.152603558,253.0993186,27.99059732,483.8489549,76.06747341,0.259637868,6.36078646,No nitrogen mineralization done,
22,4,5,11/21/17,3.5823,0.3626,9.8788,0.734461849,5.680030967,N/A,N/A,0.136399627,328.4581326,29.17239207,426.0279204,79.53918374,0.422530023,5.356201816,No nitrogen mineralization done,
23,4,6,11/21/17,3.4609,0.349,9.9168,0.766210692,3.305910533,N/A,N/A,0,523.8978304,44.29395473,273.7597313,68.98908383,0.657040428,3.968160121,No nitrogen mineralization done,
1,1,1,1/11/18,3.0423,0.3324,9.1532,N/A,N/A,N/A,N/A,N/A,240.1304812,19.74815597,380.6271215,60.08225784,N/A,6.335100165,No KCl or Bray done,
2,2,1,1/11/18,4.281,0.4101,10.4388,N/A,N/A,N/A,N/A,N/A,318.7809109,22.82676472,549.9222988,92.32088005,N/A,5.956640562,No KCl or Bray done,
3,3,1,1/11/18,4.2736,0.38,11.2453,N/A,N/A,N/A,N/A,N/A,276.8498795,17.06697111,309.5202098,53.37800964,N/A,5.798646518,No KCl or Bray done,
4,4,1,1/11/18,3.8391,0.3936,9.7543,N/A,N/A,N/A,N/A,N/A,225.5816288,14.51796552,450.3048716,76.0659634,N/A,5.919925962,No KCl or Bray done,
5,5,1,1/11/18,4.8517,0.4555,10.6511,N/A,N/A,N/A,N/A,N/A,162.6528157,12.61207359,612.9031141,92.94302693,N/A,6.594395882,No KCl or Bray done,
6,6,1,1/11/18,4.9327,0.4861,10.1469,N/A,N/A,N/A,N/A,N/A,278.3307736,19.82672959,481.5878245,87.25757382,N/A,5.519152131,No KCl or Bray done,
1,3,3,3/16/18,4.3669,0.4052,10.7759,5.824445312,1.768731604,-0.581507652,2.085305524,2.382864653,390.2849673,45.80441025,267.9840912,30.96628819,17.01246834,8.6540592,,
2,1,1,3/16/18,5.0644,0.497,10.1905,44.96020141,0.849911772,-6.483390925,2.987238231,1.61025503,262.9158031,28.29579663,357.9271968,52.30903167,39.10710785,6.842550614,,
3,2,3,3/16/18,4.1575,0.4039,10.2933,4.212423196,0.33383025,-0.332223521,1.236040409,2.552077965,300.8649234,24.60046533,364.6226344,67.1316237,26.33032203,5.431458594,,
4,5,3,3/16/18,4.657,0.4449,10.4676,12.11077042,0.668483653,-1.545697397,1.539308178,2.441032762,337.2271356,37.25718558,397.1042399,64.72994273,28.23495506,6.134784354,,
5,4,3,3/16/18,6.1803,0.5354,11.5422,5.737281874,0.807538006,0.15669608,1.856709417,5.85365069,501.2103969,47.51446465,458.8467531,80.31812671,36.90682705,5.71286672,,
6,6,2,3/16/18,4.8825,0.4689,10.4126,6.633112578,0.741149071,-0.486515266,1.451180464,0,299.34584,28.61791634,339.0803093,91.08491714,24.83900372,3.722683403,,
7,1,2,3/16/18,4.8355,0.4616,10.4761,6.539184559,0.370135975,-0.208160503,3.260979503,2.577323083,392.9022971,38.42773239,352.9092522,71.31686569,26.6864976,4.948468344,,
8,4,1,3/16/18,6.5632,0.5351,12.2657,9.78516411,0.498084909,-0.916650894,6.161021801,11.82601498,821.9914771,76.99552835,225.3136701,56.77103045,66.98453021,3.96881417,,
9,3,1,3/16/18,3.7531,0.3544,10.5903,6.262480111,0.591452221,-0.404828587,2.577452304,2.935264104,515.9948209,42.94453805,35.83803936,34.00811431,25.47710282,1.053808483,,
10,6,3,3/16/18,4.6577,0.4462,10.439,4.806033332,5.18496849,-0.03728792,2.459412581,8.85398494,462.5445155,59.9040454,399.529504,115.4017791,45.53505381,3.462074043,,
11,2,2,3/16/18,4.7636,0.426,11.1833,4.132593063,0.604861507,-0.342261706,1.341991766,13.40210007,355.7422075,37.63893653,292.797823,65.06728503,13.44187576,4.499923776,,
12,5,2,3/16/18,4.5592,0.453,10.065,6.959723023,2.038397892,-0.602719624,2.129872439,3.749736751,537.5140969,60.09955193,436.8916492,121.5514876,26.93535386,3.594292903,,
13,5,1,3/16/18,7.2613,0.6354,11.4281,7.044660376,3.089486998,-0.443702596,3.258669672,7.27434842,513.2788493,40.62709927,321.7964773,110.6910448,58.36475468,2.907159093,,
14,1,3,3/16/18,4.225,0.4375,9.6578,4.477922355,0.940649973,0.017722799,2.300823429,5.791347605,370.3663768,43.22884772,171.6944089,54.32095701,17.84543072,3.160739766,,
15,4,2,3/16/18,3.6472,0.3592,10.1549,2.619510275,2.237681166,-0.117231136,2.414556937,6.62072889,524.9488897,63.08583582,188.4410548,61.86705798,10.81118436,3.045902956,,
16,3,2,3/16/18,4.1881,0.3923,10.6759,5.138223772,2.198230452,-0.433068894,3.044108259,2.849218775,374.831113,43.20084032,322.9157112,34.49749944,16.94559612,9.360554141,,
17,6,1,3/16/18,4.646,0.4413,10.5287,4.278293457,3.75595684,-0.366141402,2.932376886,5.960084418,351.9161009,32.12485464,347.1284057,73.33856812,18.71245189,4.733231294,,
18,2,1,3/16/18,5.5789,0.4628,12.0559,5.055130497,3.461213227,-0.363286669,2.410603383,10.17405135,362.4137637,29.04833265,402.5828252,86.27517071,26.63427456,4.666265182,,
1,1,1,7/23/18,4.0945,0.4145,9.8777,3.761388665,2.24542986,0.157603666,1.907998492,2.029514657,298.4672795,36.90735615,400.2479869,100.7731252,31.53914026,3.971773089,,
2,1,2,7/23/18,5.6599,0.5202,10.8795,7.255708349,3.456760408,7.769857039,6.51679941,2.20233008,397.8118214,50.4309193,442.3476412,108.7067445,22.23795446,4.069183043,,
3,1,3,7/23/18,4.7276,0.4597,10.2845,5.93612794,5.207913259,0.038650875,3.416026801,0.685074245,537.5636226,66.94918928,321.0137267,97.09440489,21.1433648,3.306202114,,
4,2,1,7/23/18,7.1239,0.5293,13.4579,6.064639793,3.79076033,-0.034875552,2.953393997,7.267988146,488.8453746,56.56300391,531.1914439,129.8078728,62.89119686,4.092135803,,
5,2,2,7/23/18,4.6229,0.4165,11.0988,3.166417106,0.400437651,0.316662686,0.618964388,0.602765688,432.2041181,42.50033479,448.3283511,120.8983656,30.0364552,3.70830779,,
6,2,3,7/23/18,4.6007,0.4185,10.9942,1.308644546,3.449122515,4.860966026,3.059165412,3.325271263,490.5113189,59.35701931,326.5556055,95.34253856,43.86910785,3.425077729,,
7,3,1,7/23/18,5.1001,0.4423,11.5312,3.069886476,2.626612354,1.081412663,2.873824961,5.331958946,465.2214036,59.90504448,272.0914892,72.2242173,44.03681153,3.767316551,,
8,3,2,7/23/18,4.9663,0.4386,11.3222,4.978117801,3.973763271,0.273734507,3.106964261,3.563767188,423.3442784,52.8287364,491.709861,111.1139012,42.26907143,4.425277627,,
9,3,3,7/23/18,4.3219,0.3936,10.9815,5.0213124,2.889343875,0.221027705,2.368668858,3.940203957,303.812858,35.09292762,402.0146063,100.0807734,7.523619489,4.016901477,,
10,4,1,7/23/18,9.8525,0.6755,14.5861,5.941590498,3.690475318,0.149068055,3.100431664,0.462188782,431.89174,43.61613307,608.6350046,150.3017218,28.96780249,4.049421373,,
11,4,2,7/23/18,5.8612,0.4841,12.1069,7.834039338,1.877244657,-0.303606197,4.577747547,2.718662326,585.2116732,64.55308298,448.0312568,116.8821184,35.61490817,3.833189055,,
12,4,3,7/23/18,4.1899,0.4167,10.054,0.730249004,2.888082731,0.751334258,3.768906243,4.119578221,670.1980918,72.34619681,339.5414231,104.9086981,44.60526983,3.236542149,,
13,5,1,7/23/18,8.0327,0.7028,11.429,4.911026591,2.843489269,0.361114217,2.122776758,6.082042489,502.6193776,51.13096063,699.3886106,172.3797915,59.98094663,4.05725407,,
14,5,2,7/23/18,6.3105,0.5556,11.3583,4.505207622,3.534051683,0.258963126,2.128896919,4.327529872,457.8266452,59.85220969,446.3638293,112.3185092,61.5413375,3.974089687,,
15,5,3,7/23/18,6.6477,0.5637,11.7935,14.91131041,3.120420122,-1.374429134,1.91818847,1.015027937,347.7874095,42.30431528,510.4067017,122.9655955,50.43967268,4.150809012,,
16,6,1,7/23/18,4.4533,0.4473,9.9565,9.650355495,2.588616665,-0.695707045,3.230207544,5.109977307,300.1427463,39.01855702,476.3072162,124.7552355,42.10053649,3.817933687,,
17,6,2,7/23/18,6.6034,0.6051,10.9126,5.770606953,3.028268939,-0.032922615,2.758086425,1.493708481,355.1076562,41.48351505,502.8565964,138.3073717,37.17331814,3.63579027,,
18,6,3,7/23/18,5.6286,0.5206,10.8111,3.5597096,3.382089296,0.309019143,3.517856928,4.745627966,384.0020322,46.07865215,798.3488781,168.30378,26.92767042,4.743499391,,
1,1,1,9/11/18,4.9887,0.4828,10.3335,6.098307119,2.573396851,-0.417475444,4.204266198,6.285189329,458.3461776,52.23080371,436.6756246,114.1936849,36.00742212,3.823991011,,
2,1,2,9/11/18,5.7685,0.5434,10.6148,8.304576034,3.225879236,-0.692322288,4.659698042,3.825489688,509.6760148,53.11316113,464.5635389,127.4372524,26.68335262,3.645429655,,
3,1,3,9/11/18,5.2589,0.5051,10.4107,6.665664997,2.716578442,-0.022857536,2.679252055,5.797966331,435.6555553,54.63245878,571.7383485,118.4501379,32.56972379,4.826827207,,
4,2,1,9/11/18,5.5142,0.4726,11.6674,9.018802225,2.256347277,-0.868860035,3.684255375,4.553475699,526.7295967,49.02859109,369.3912556,108.1558613,11.44522371,3.415360492,,
5,2,2,9/11/18,4.4177,0.4051,10.905,5.410592739,0,-0.362336498,2.284884047,2.973709755,481.4612605,55.01969236,531.3170457,123.7354716,11.79903558,4.293975193,,
6,2,3,9/11/18,4.1195,0.3857,10.6808,5.138763907,1.030202806,-0.42000917,1.421937962,4.312013855,325.3987441,30.32152222,586.4629994,157.3485362,5.406581955,3.727158914,,
7,3,1,9/11/18,3.9164,0.3758,10.4227,4.314543945,1.621643218,-0.296423022,1.382275973,3.851030773,488.6953193,54.19784516,424.487722,103.082117,11.55848351,4.117956968,,
8,3,2,9/11/18,4.0835,0.3756,10.871,6.505276022,2.400268094,-0.773099031,2.87072433,6.181185555,476.3174628,55.99261048,538.893979,106.3368331,9.605017882,5.067801659,,
9,3,3,9/11/18,3.3553,0.3111,10.7845,3.05387017,1.577896197,-0.12449241,3.032471716,2.939780882,491.9442472,49.44572918,671.0307959,86.40801174,13.08720736,7.765840023,,
10,4,1,9/11/18,5.8852,0.5187,11.3471,3.640588543,1.814491377,-0.074613184,4.075772101,7.030752587,733.3870723,65.53601996,441.5169067,128.5545011,14.47620464,3.434472561,,
11,4,2,9/11/18,4.9189,0.4405,11.167,6.686079136,1.927447397,-0.739721792,4.035814868,2.507855434,777.9879115,71.98897376,377.9240534,110.464847,7.534549522,3.421215561,,
12,4,3,9/11/18,4.5496,0.4091,11.1209,7.971638166,1.904915086,-0.943577835,2.067537929,7.275252717,803.4436867,79.94881778,54.68465143,84.05131095,6.16761919,0.650610333,,
13,5,1,9/11/18,5.6125,0.5058,11.0969,6.750098194,1.719624991,-0.242904629,2.460536372,4.026243801,625.9116554,68.35257329,522.4206727,138.5636035,16.42358616,3.770258996,,
14,5,2,9/11/18,4.7617,0.4517,10.5427,5.46876104,2.248088122,-0.00122193,3.378651145,5.606368564,610.8376894,69.24122996,526.6953774,119.1786197,21.05910285,4.419378063,,
15,5,3,9/11/18,4.7161,0.4418,10.6743,5.358736866,0.702580699,-0.466752252,2.482615754,5.188404222,464.88419,48.92363333,400.1505193,99.94672463,8.612382571,4.003638146,,
16,6,1,9/11/18,5.3529,0.4733,11.3087,6.176302043,3.381838891,-0.627223535,2.877417955,0,528.7587755,46.66318567,344.9835278,112.7921698,6.859845258,3.058576924,,
17,6,2,9/11/18,4.4844,0.4256,10.5369,5.060552538,1.257247682,0.355261853,2.188916341,0,496.4587556,49.95932825,498.953101,114.636964,26.67065787,4.352462624,,
18,6,3,9/11/18,4.0567,0.3964,10.233,2.556593814,0.542305235,0.02087735,1.298501042,0.727659455,598.3824298,67.72369303,521.5546956,118.9324945,21.534812,4.38530023,,
1,1,1,9/26/18,4.0112,0.4101,9.7803,N/A,N/A,N/A,N/A,4.524284926,461.624166,46.39560073,405.1972953,114.0108288,38.17993863,3.554024644,No KCl done,
2,1,2,9/26/18,4.5405,0.4632,9.8022,N/A,N/A,N/A,N/A,3.512845713,372.5210068,47.56264868,484.547047,113.7279505,15.02292483,4.260580138,No KCl done,
3,1,3,9/26/18,4.4987,0.4476,10.0505,N/A,N/A,N/A,N/A,3.137219014,431.0523821,49.68730425,425.4283593,95.08655909,19.20085319,4.474116672,No KCl done,
4,2,1,9/26/18,5.4833,0.4128,13.2828,N/A,N/A,N/A,N/A,7.063611703,565.0372363,57.22016306,485.9121138,119.7120195,16.64000475,4.059008576,No KCl done,
5,2,2,9/26/18,4.227,0.3949,10.7042,N/A,N/A,N/A,N/A,3.348677627,645.3481066,65.66064743,678.4521662,159.1034188,17.70403574,4.264221167,No KCl done,
6,2,3,9/26/18,4.4914,0.4261,10.5406,N/A,N/A,N/A,N/A,3.677142957,437.9406061,57.82292167,677.9868892,133.2173299,24.70561344,5.089329517,No KCl done,
7,3,1,9/26/18,3.6239,0.3039,11.9231,N/A,N/A,N/A,N/A,4.202496418,412.8978252,44.83847368,316.0882013,72.91950213,1.085874217,4.334755341,No KCl done,
8,3,2,9/26/18,3.543,0.3282,10.7967,N/A,N/A,N/A,N/A,4.985270621,394.1347683,48.2981209,418.4245125,79.20406569,0,5.282866591,No KCl done,
9,3,3,9/26/18,4.3715,0.3995,10.9435,N/A,N/A,N/A,N/A,3.940338074,547.624235,57.15519417,331.4547886,83.19978262,14.56469829,3.983842002,No KCl done,
10,4,1,9/26/18,4.6198,0.4128,11.1914,N/A,N/A,N/A,N/A,5.268615904,561.5124393,60.17750174,582.8289625,118.1438198,8.183324293,4.933215832,No KCl done,
11,4,2,9/26/18,4.2951,0.4032,10.6515,N/A,N/A,N/A,N/A,4.080412187,635.4829406,65.59261783,482.9866478,111.2800482,5.164555209,4.34028072,No KCl done,
12,4,3,9/26/18,4.7048,0.4321,10.8874,N/A,N/A,N/A,N/A,4.828438822,665.2336427,68.7931794,575.2847619,147.9023544,11.55183127,3.889625452,No KCl done,
13,5,1,9/26/18,4.5,0.4286,10.4988,N/A,N/A,N/A,N/A,2.565147139,516.2238303,53.73592888,395.7575427,102.6280115,19.82115565,3.856233176,No KCl done,
14,5,2,9/26/18,5.9136,0.5269,11.2243,N/A,N/A,N/A,N/A,7.745476438,630.1473091,69.83255748,478.3670541,126.156087,14.90959399,3.79186661,No KCl done,
15,5,3,9/26/18,4.8918,0.4493,10.8886,N/A,N/A,N/A,N/A,4.637567995,590.4666302,61.36554305,609.8533587,165.094306,27.23111493,3.693969668,No KCl done,
16,6,1,9/26/18,4.9825,0.4681,10.643,N/A,N/A,N/A,N/A,0.503156609,384.2035513,36.54812355,566.7625202,130.152184,12.71754515,4.354613981,No KCl done,
17,6,2,9/26/18,4.4583,0.4294,10.3816,N/A,N/A,N/A,N/A,2.36804804,511.9134903,51.59858767,527.3143029,129.617492,5.636913585,4.068234116,No KCl done,
18,6,3,9/26/18,4.8435,0.4381,11.056,N/A,N/A,N/A,N/A,4.457530476,554.2300602,49.51309718,520.409211,127.3619535,9.511815108,4.086064927,No KCl done,
1,1,1,12/5/18,3.98,0.41,9.7375,0.079019862,0.755167404,0.966952043,1.622293402,3.602135484,503.5801826,54.20530888,290.264454,101.0391855,46.30390022,2.872790914,,
2,1,2,12/5/18,4.33,0.43,10.1225,5.192686624,1.637327434,-0.342201525,1.714212813,2.559158245,349.5377743,37.12475117,517.5560761,132.0942623,62.48240082,3.918081429,,
3,1,3,12/5/18,4.12,0.41,10.0266,0.51703896,1.273874796,1.277409636,1.733218254,4.447866152,360.7573863,49.28427877,468.9512576,106.0082191,30.45147477,4.423725459,,
4,2,1,12/5/18,5.15,0.43,12.0933,4.06391588,2.323126823,0.499849359,1.134892812,8.510544548,342.8301171,37.98467591,587.0808931,142.4455173,33.11288351,4.121441687,,
5,2,2,12/5/18,4.65,0.41,11.4549,0.147491355,1.32111243,1.453917073,1.294429967,6.095087812,451.097909,42.96961502,442.1149051,144.4205119,40.13916935,3.061302714,,
6,2,3,12/5/18,4.85,0.41,11.8153,5.544425474,1.170625842,-0.2423382,1.004265866,5.741915432,299.1088452,34.05919431,606.7339819,134.1312905,45.26837991,4.523433568,,
7,3,1,12/5/18,3.5,0.33,10.6995,11.86296351,1.832027506,-0.450837487,1.548391454,3.510770238,454.6572662,45.77109066,282.2475302,71.69174898,18.92988913,3.93695975,,
8,3,2,12/5/18,3.11,0.29,10.6888,2.417151068,1.73827726,0.255412059,1.120006313,0.736815532,391.1480614,46.20272403,302.0957847,65.13617624,23.08175684,4.637910945,,
9,3,3,12/5/18,2.76,0.26,10.6216,8.823625163,1.197943155,-0.744327676,1.05423526,3.464942856,443.4218347,47.69818818,138.3638584,47.52301844,14.37094406,2.91151242,,
10,4,1,12/5/18,6.2,0.5,12.3758,0,5.067006508,1.485742524,1.392865861,7.595023129,544.5395699,69.62739969,602.1010498,142.2016372,66.48652512,4.23413585,,
11,4,2,12/5/18,5.01,0.46,10.9976,0,5.821198098,2.351462034,2.039115949,8.678039996,698.3701278,83.77921988,797.8949407,188.7124516,59.58616415,4.228099067,,
12,4,3,12/5/18,3.86,0.36,10.7631,5.019273418,5.945860864,-0.420660499,2.056723454,3.458090435,830.9681287,87.42942863,435.2025887,99.81169861,38.93985,4.360236272,,
13,5,1,12/5/18,5.08,0.47,10.8383,6.467526385,0.898564922,-1.358232443,2.165922468,9.872942891,537.7849438,49.00441683,762.46732,211.4422817,51.27640469,3.606030515,,
14,5,2,12/5/18,5.71,0.51,11.1595,7.690668732,6.514280296,-2.013522678,1.462882771,5.738837892,507.3997529,74.11818901,595.3659144,171.9970024,48.90215676,3.461490062,,
15,5,3,12/5/18,5,0.45,11.0621,0,4.851424888,,0.802595448,5.813328266,475.6669904,54.56347438,374.0698204,108.1369188,26.77000357,3.459223959,,
16,6,1,12/5/18,5.18,0.46,11.3589,3.958563256,4.353224979,-1.141314042,0.81389438,3.195458408,384.6467119,42.93865044,556.7028171,136.020129,44.01252578,4.092797302,,
17,6,2,12/5/18,5.72,0.51,11.3324,4.534163328,2.774504793,-1.338292598,1.500553111,5.602384447,376.2566177,49.54868805,515.2367875,123.2751855,40.73382736,4.179566111,,
18,6,3,12/5/18,4.88,0.46,10.64,3.476450805,4.802843493,-1.104760483,0.753979425,5.578337241,480.007906,53.241503,505.5237644,142.8769695,49.70667588,3.538175299,,
1,6,1,3/28/19,5.23,0.46,11.3305,2.034101387,1.779009381,-0.161299674,1.271450576,2.913023466,528.5870019,58.55467879,570.5737571,128.0420216,35.61867106,4.456144554,,
2,6,2,3/28/19,5.55,0.48,11.493,6.039902605,1.601720959,-0.743382092,3.121100123,3.612047225,464.5723612,59.71349973,538.9360664,133.7957793,62.10989779,4.028049833,,
3,6,3,3/28/19,4.8,0.44,10.8443,5.552414478,3.43437479,-0.629124014,1.129517083,2.277217001,925.7522029,175.7538062,0,0,35.40194071,N/A,,
4,5,1,3/28/19,5.36,0.49,10.8344,0.592001186,1.472469861,0.192122757,1.12801929,1.27533352,793.6662668,192.6620946,0,0,52.97306291,N/A,,
5,5,2,3/28/19,4.52,0.43,10.6142,7.659890505,9.039074065,-0.754109918,1.043693434,4.524972323,581.2599024,65.83438848,301.0139582,136.4775001,43.99708176,2.205594022,,
6,5,3,3/28/19,4.18,0.39,10.6816,0.982279928,1.248358082,-0.077524747,1.079335133,3.71767404,626.9342974,60.02640647,330.7524979,110.6897133,29.99229677,2.988105109,,
7,4,1,3/28/19,3.96,0.36,11.13,3.325944008,0.857367239,-0.279511055,1.386940552,1.7960593,588.3786615,64.68207213,229.893524,75.8622485,16.01422597,3.030407463,,
8,4,2,3/28/19,4.15,0.4,10.3434,3.197788152,4.065010658,-0.565043939,1.78379574,1.625196029,668.3407051,73.54401186,334.3326156,102.5547015,39.41067873,3.260041819,,
9,4,3,3/28/19,4.54,0.4,11.2329,2.371515119,0.48598259,6.470183782,1.059725694,3.654008184,732.1825751,70.54031174,379.9977182,123.2320435,40.0177641,3.083595042,,
10,3,1,3/28/19,3.79,0.35,10.9481,2.793674135,1.472070774,1.515416901,0.89931606,2.071126903,483.3693282,52.48808655,360.0117463,83.53125253,27.08369043,4.309904801,,
11,3,2,3/28/19,4.66,0.41,11.2216,2.382421164,0.947555874,-0.109949796,0.95946824,1.89668569,403.7225448,42.97663767,18.17418662,2.79396224,24.57213566,6.504807532,,
12,3,3,3/28/19,4.1,0.37,11.0466,4.292492424,0.481169273,-0.512800931,0.988365042,3.335781377,467.1147306,46.31463223,319.7004925,112.2904642,25.75796008,2.847084968,,
13,2,1,3/28/19,4.29,0.4,10.8503,2.511211627,1.204523525,0.129778019,1.108182916,1.643217757,431.7318208,44.54806432,298.00562,101.1671684,17.6822356,2.94567521,,
14,2,2,3/28/19,5.96,0.47,12.548,3.388378651,1.373096061,-0.273128877,1.174423652,3.78137373,411.4154454,45.67935219,351.0100956,143.7163651,39.49710017,2.442380834,,
15,2,3,3/28/19,4.87,0.42,11.6362,49.44662034,0.348308226,-7.72508133,1.230573581,1.466062255,475.5620133,50.35842105,359.3836967,112.807603,28.16649336,3.185810947,,
16,1,1,3/28/19,3.85,0.39,9.9751,3.642418633,0.562995725,-0.27607782,1.689224971,2.793987818,417.7643378,53.29465722,404.8740781,98.98277488,30.89555511,4.090348837,,
17,1,2,3/28/19,5.68,0.52,10.8724,6.177990161,1.06753862,-0.556448609,1.604935682,7.821763742,420.626219,48.77891017,486.3399281,132.5521363,66.21992921,3.669046322,,
18,1,3,3/28/19,5.54,0.52,10.7253,3.868057119,1.047931928,-0.403605371,1.759786002,2.474741462,360.0062002,39.0929627,450.9109958,128.6034046,13.47822508,3.50621352,,
41,1,1,3/25/19,3.57,0.36,9.8236,3.077022328,0.134126392,-0.145056311,0.965809448,0.124617769,562.7204323,60.89903824,288.3386218,84.45049216,27.19491173,3.414291787,,
42,6,1,3/25/19,4.63,0.43,10.6759,1.113549198,0.231447634,-0.046296502,0.573150202,0,524.7263186,42.78295376,344.394373,124.1606299,36.77586957,2.773780814,,
43,5,1,3/25/19,5.37,0.5,10.8326,3.132570722,0.629905874,-0.14148043,0.86340796,0.54591196,376.9720402,36.41210352,444.8631885,126.654679,33.65443356,3.512410216,,
44,4,1,3/25/19,3.61,0.33,11.0806,1.119144331,0.165280542,-0.134438733,0.785047459,0.947358073,596.4851828,53.10083522,368.3531723,50.32446989,17.26674707,7.319563884,,
45,3,1,3/25/19,4.04,0.38,10.5983,0.770549286,0.498358392,0.038488647,0.714203856,0.6356333,462.6051643,53.68394649,362.0217503,96.55106356,36.1872902,3.749536639,,
46,2,1,3/25/19,4.64,0.42,11.0575,2.903998232,0.381734417,0.005195679,0.937998754,0.446329348,425.9139184,53.50103353,440.9507012,72.74865936,35.8357355,6.061289721,,
47,4,2,3/25/19,3.99,0.38,10.4088,1.000134121,15.72755139,0.041080338,1.044804505,2.27110474,673.9996341,63.93940814,492.3206074,93.67110849,30.21064645,5.255842653,,
48,2,2,3/25/19,4.82,0.42,11.5982,29.88651456,0.243463613,-3.91838415,0.630558099,0,443.5425426,37.30117551,478.9325804,150.996625,19.86500506,3.171809835,,
49,3,2,3/25/19,4.6,0.4,11.4857,1.991070413,0.352157296,-0.046085499,1.193160073,2.474288368,368.8357619,42.63164338,370.2936167,51.97221055,39.26149399,7.124838693,,
50,1,2,3/25/19,4.66,0.46,10.1243,1.690298927,0.09789969,0.151706133,1.303644049,3.073496901,381.8746819,35.19425096,408.2757011,71.72682592,25.16549928,5.692092126,,
51,6,2,3/25/19,5.66,0.51,11.0423,4.67485674,0.556960125,-0.524480988,1.173243498,0,373.6571521,48.34927909,506.1782087,92.82051221,35.69849293,5.453301179,,
52,5,2,3/25/19,3.7,0.36,10.2668,3.111408489,2.211498436,-0.271084973,1.217167924,0,348.3456528,31.41073216,547.0162262,98.48089589,44.8072605,5.55454153,,
53,3,3,3/25/19,5.06,0.48,10.6214,2.11081932,0.217242936,-0.106803823,0.760922752,2.572269578,425.1608341,31.94065688,401.8079049,73.43240737,23.25812478,5.471806241,,
54,5,3,3/25/19,3.7,0.36,10.3014,3.248784931,0.458891727,-0.200416134,1.038367168,0.807799017,481.6293057,49.66823841,410.951272,86.68230617,40.33424118,4.740889925,,
55,4,3,3/25/19,4.8,0.42,11.3471,1.89698541,0,-0.091037912,1.139276203,1.378433771,765.0085277,56.31303298,249.6677189,62.7536293,23.39877298,3.97853832,,
56,2,3,3/25/19,5.01,0.46,10.8699,4.426110274,0.239062419,-0.412229449,1.379806957,1.303044009,404.8174133,32.79886993,434.7696263,136.4587874,40.61098258,3.186087424,,
57,1,3,3/25/19,5,0.48,10.4088,22.80531361,0.330610708,-2.973316332,2.253261717,0.579201895,373.5592673,35.66127019,467.1967286,81.70545328,39.0018493,5.718060545,,
58,6,3,3/25/19,4.51,0.42,10.6481,2.545036248,1.040094318,-0.17040705,0.736240541,0.934615734,507.3772248,43.87578904,550.3414908,96.7153301,36.9921826,5.690323243,,
1,2,1,10/16/19,4.549,0.399,11.4093,6.420877053,2.685446738,0.041263339,0.927043856,6.432695118,738.7053664,75.35083529,225.6372573,100.1231977,47.40007361,2.253596194,,
2,2,2,10/16/19,4.422,0.39,11.3316,5.024737791,2.244087714,0.02042282,0.584342444,8.548520998,632.423397,57.57198684,374.0359727,125.1722127,9.195119986,2.988170975,,
3,2,3,10/16/19,3.863,0.356,10.8492,11.06464972,0.939936084,-0.828571113,0.67094293,5.377985585,417.116814,43.41659244,428.521351,109.1205209,5.354455278,3.927046421,,
4,3,1,10/16/19,3.482,0.328,10.6149,3.444573328,3.00013148,0.262092504,1.174907442,7.566455479,436.271552,45.40811137,383.5117443,96.60098585,28.20206665,3.970060356,,
5,3,2,10/16/19,3.575,0.325,10.9893,5.519943424,2.296342247,-0.206304024,0.923355344,8.788902034,430.6734753,50.82773319,538.9122675,90.89060078,0,5.929240899,,
6,3,3,10/16/19,4.576,0.4,11.4341,5.45211036,1.040659448,-0.198375747,0.899515439,9.670427606,483.1756466,51.98291435,517.5878281,103.5670942,10.18161514,4.997608864,,
7,1,1,10/16/19,3.982,0.403,9.8928,4.582527103,0.611140086,0.559710754,0.530853123,7.821816742,421.2411607,48.96308822,415.7421233,103.3833063,4.487525943,4.021366101,,
8,1,2,10/16/19,3.93,0.397,9.8879,4.615276474,1.007036194,0.358037431,0.699454056,7.905224784,517.1688715,49.07861789,389.6312324,119.3822624,16.34971783,3.263727998,,
9,1,3,10/16/19,4.068,0.409,9.9556,5.267353896,1.06423855,0.258066451,0.732706304,7.652166457,368.3902138,42.13422088,546.6003894,112.9787518,3.257811593,4.838081326,,
10,4,1,10/16/19,6.561,0.52,12.6214,7.38980495,1.832531046,1.965450188,1.873678301,14.25076382,686.4879471,67.53520545,541.8936487,150.9852678,17.9658287,3.589049823,,
11,4,2,10/16/19,3.938,0.39,10.0894,3.641200081,3.208327925,0.596819331,0.936155012,7.49395561,644.170464,67.60569826,493.1958177,126.8839402,6.666233635,3.886983783,,
12,4,3,10/16/19,4.817,0.433,11.1375,5.162950131,1.092483674,0.416548544,0.572470221,8.522433579,688.9948549,73.94619438,516.0502102,136.7815476,10.43899344,3.772805756,,
13,6,1,10/16/19,4.423,0.415,10.6658,10.84699173,2.915408364,-0.384801241,1.248478933,7.531948961,706.4575476,52.55221114,203.1126448,118.4417199,14.16560369,1.714874158,,
14,6,2,10/16/19,3.941,0.376,10.4931,5.230425785,2.400821246,0.248286647,1.337287054,6.803370964,436.9514628,48.71674639,511.3898012,116.0866108,2.486589649,4.405243618,,
15,6,3,10/16/19,4.31,0.411,10.4809,5.460957569,1.985914593,-0.03277274,1.091498693,6.726276608,567.3778334,58.38882312,427.492701,128.1175453,4.696490577,3.336722539,,
16,5,1,10/16/19,5.085,0.472,10.7672,4.273707446,1.729641279,-0.019544229,0.890621718,14.94779947,611.9217487,57.74843781,526.0106222,143.2738005,4.939272481,3.671366435,,
17,5,2,10/16/19,4.632,0.438,10.5625,4.984516882,4.096231942,-0.167242532,1.035959948,11.51828887,572.6709175,59.83785853,459.2238588,116.5323084,5.507686557,3.940742829,,
18,5,3,10/16/19,4.658,0.448,10.4068,6.871990158,1.753889448,-0.159345427,1.391013731,12.14154578,637.3039423,65.60628851,487.9299425,133.624943,5.087448196,3.6514885,,
1,1,1,3/6/20,3.773,0.385,9.8117,3.409873253,0.810267429,-0.277010416,0.787752382,3.650367345,392.2134771,38.61889477,515.7789022,113.4625939,5.899181201,4.545805664,,
2,1,2,3/6/20,4.343,0.43,10.0908,3.89713161,25.08201072,-1.726497802,-2.990716401,2.168281282,420.7040138,39.81132882,443.6311714,105.018734,3.817781954,4.224305078,,
3,1,3,3/6/20,4.03,0.402,10.0146,3.959659346,1.240093038,4.376709586,2.018558503,4.793855787,448.4834457,42.85342596,436.6398474,104.2801873,2.56787822,4.187179355,,
4,2,1,3/6/20,4.254,0.406,10.4736,3.640230893,0.353675805,-2.079015632,0.993124696,3.093115127,524.5177018,47.56536046,487.5099134,119.5020503,4.699545043,4.079510872,,
5,2,2,3/6/20,3.498,0.327,10.6865,3.464791567,0.114173977,-0.780054672,0.862692252,3.418960991,607.4718371,57.88602593,420.4712631,100.5308147,1.737291769,4.182511244,,
6,2,3,3/6/20,3.916,0.355,11.0213,3.121416357,0.33651089,0.132992937,1.022765715,3.191378769,475.2749815,42.34986624,386.3951761,99.41665746,2.900170214,3.886624093,,
7,5,1,3/6/20,4.261,0.402,10.5887,3.374869223,2.441841033,-2.276751788,1.033350548,4.778404046,475.5878916,44.69145731,436.8400125,100.0393805,0.751764733,4.366680504,,
8,5,2,3/6/20,3.967,0.373,10.6444,3.414493023,4.541596775,-2.343478149,0.489224851,3.577317651,414.3814135,41.19574167,389.7927938,90.63926269,3.756419536,4.300485047,,
9,5,3,3/6/20,4.357,0.424,10.2863,1.916858948,2.057990819,-0.4688887,1.334354275,3.304514103,507.1918735,44.82262662,455.2434824,118.3145258,3.515607267,3.847739569,,
10,3,1,3/6/20,3.355,0.314,10.6857,4.808343218,0.390287439,-3.993310448,0.153661418,3.930503267,408.6218341,33.63123937,253.6514953,64.25179256,1.104393994,3.947773054,,
11,3,2,3/6/20,3.643,0.345,10.5722,1.446299156,1.305254816,-0.65353982,0.50338509,3.86205736,486.2475954,48.45956622,299.5329728,67.56485726,2.206601558,4.433265827,,
12,3,3,3/6/20,3.435,0.331,10.366,1.731825712,1.481185382,-0.714161867,0.479633218,3.137641566,456.4618739,44.52364336,313.7980263,76.36952656,1.713289011,4.108942931,,
13,6,1,3/6/20,4.44,0.386,11.4989,3.606796453,1.731636505,-1.745510019,1.184853226,2.151651851,468.4483761,43.43103041,435.4182031,114.7358048,5.631496144,3.794963601,,
14,6,2,3/6/20,4.142,0.379,10.9405,2.240088497,2.71498177,-0.775249642,0.801879864,1.940902801,510.4353755,48.84465751,462.5142429,113.3629039,5.551300676,4.079943501,,
15,6,3,3/6/20,3.642,0.353,10.3276,1.716876379,1.887361469,-0.455651391,0.694054976,3.493506449,625.970541,57.02682704,398.280631,105.8513071,2.95346204,3.762642539,,
16,4,1,3/6/20,4.208,0.375,11.2312,1.062857794,2.552835125,0.876827115,0.889705373,4.675623455,768.736236,66.64847649,610.82321,153.8757468,15.89656801,3.969587298,,
17,4,2,3/6/20,4.56,0.406,11.2238,3.454533043,1.631871229,-1.762399748,1.239294263,2.75851115,604.2722468,59.09633662,497.4288996,114.7661583,7.455223643,4.334282046,,
18,4,3,3/6/20,3.935,0.371,10.6037,5.651636345,4.244132947,0.274651417,1.546292039,4.583896457,845.9331176,77.11947141,631.7251619,156.2370788,11.60216423,4.043375405,,
1,1,1,10/8/20,3.82,0.385,9.9343,4.627721961,0.60163763,-0.092201979,1.045840014,2.288728757,491.8879823,52.83471072,379.4939119,104.6465254,6.255873284,3.626435855,,
2,1,2,10/8/20,3.179,0.326,9.7532,3.483127412,0.13649697,-0.158229361,0.680648209,0.838612542,465.1916028,50.03623024,325.8024642,88.60707391,5.538782154,3.676935145,,
3,1,3,10/8/20,3.061,0.312,9.8226,3.028373921,0.087415609,-0.137330392,0.6411891,0.076451303,445.5452985,44.39701839,304.8637671,88.54496808,4.884042936,3.443038873,,
4,3,1,10/8/20,3.396,0.311,10.929,1.514642081,0.098995766,-0.006668279,0.482252341,0.920758629,55.45015652,7.622016199,662.0486791,102.2652031,11.1657877,6.473841139,,
5,3,2,10/8/20,2.879,0.278,10.3705,2.633982826,0.190991154,-0.122856015,0.432102843,0.895082559,438.4220443,44.20436436,273.1079791,65.14188697,9.212235807,4.192509486,,
6,3,3,10/8/20,4.437,0.369,12.0406,2.317090936,0.098255557,-0.099747374,0.638616844,1.789096362,399.7573468,40.37979144,306.312803,75.81632138,7.257463852,4.040196062,,
7,6,1,10/8/20,3.967,0.363,10.9223,2.065003016,0.401083783,-0.022651722,0.706419026,0.701361389,104.1031044,10.1942559,0,0,5.577433377,N/A,,
8,6,2,10/8/20,2.949,0.294,10.0339,2.986943435,0.588868997,-0.146417146,0.660677254,0.53234689,466.0837239,47.30066875,374.069971,90.58973955,3.971811188,4.129275267,,
9,6,3,10/8/20,3.437,0.337,10.2121,2.943040062,0.575347627,-0.133339585,0.776883063,0.972167123,573.0125317,54.6771142,439.2558859,115.2081879,5.927406602,3.81271413,,
10,4,1,10/8/20,4.446,0.418,10.6384,2.322463293,3.435267111,-0.020019556,0.869855164,3.032498239,186.3382905,3.992773045,919.1451763,182.005595,7.211460108,5.050092972,,
11,4,2,10/8/20,3.012,0.287,10.485,2.285991589,0.699128667,-0.117482057,0.593053554,1.154400949,626.2230875,53.85597257,126.291474,55.77672151,4.621610254,2.264232651,,
12,4,3,10/8/20,2.965,0.291,10.1892,1.603044866,0.064338118,0.02816863,0.659356099,1.283056624,803.9375851,68.7068171,242.2521465,79.10368503,7.715046666,3.062463479,,
13,5,1,10/8/20,5.094,0.469,10.8646,4.892127464,2.658654778,-0.4783045,0.786030995,2.206166185,540.8384963,46.99288603,291.5899325,89.01121668,6.260104481,3.275878517,,
14,5,2,10/8/20,4.323,0.412,10.4844,2.485734419,0.609767504,-0.154353533,0.905350194,1.752708543,621.9625055,53.97701957,328.5047539,99.45586057,8.44980424,3.303020576,,
15,5,3,10/8/20,3.572,0.356,10.024,1.276272436,0.491374838,0.446501932,0.334616899,1.760122675,557.3802642,46.72215154,415.0538777,102.479223,5.175185895,4.050127093,,
16,2,1,10/8/20,4.11,0.346,11.8815,3.262545905,22.99778687,-0.163362406,-2.601470459,1.399813214,418.5525931,39.53287312,440.6432615,108.7036031,5.146039239,4.053621489,,
17,2,2,10/8/20,3.961,0.362,10.9442,3.085622296,0.394672697,-0.213857663,0.652684139,1.230377644,317.9563216,33.04278842,598.5568922,123.7315893,5.264117034,4.83754307,,
18,2,3,10/8/20,3.459,0.323,10.6917,2.905220242,0.632900241,-0.216955964,0.781282812,1.751769527,316.4412349,25.14346571,504.3319825,110.7861742,9.034659944,4.552300737,,
1,4,1,10/8/21,3.351,0.316,10.62,3.158108798,1.923260002,-0.283065872,0.379201827,0.921027644,571.8799699,52.72100223,167.1441135,50.28590058,7.651268669,3.323876307,,
2,4,2,10/8/21,3.85,0.35,10.9913,2.522451455,0.399281095,-0.171270179,0.601551904,1.232418106,629.9614474,54.62947817,288.5034267,85.24902093,7.38535011,3.384243285,,
3,4,3,10/8/21,3.343,0.313,10.6923,2.423871548,0.676221972,0.039579409,0.588150385,1.492779107,770.5533241,67.5957008,82.30255961,42.75180762,6.734884822,1.925124672,,
4,3,1,10/8/21,4.043,0.349,11.5983,1.36407407,1.031752186,-0.070753711,0.458831935,0.743261535,398.4930715,35.92996376,234.926655,56.7518756,7.591905096,4.139539928,,
5,3,2,10/8/21,3.309,0.301,10.9948,2.357404116,0.228008454,-0.226971339,0.313307475,0.936560014,439.3048678,30.49715281,137.0230871,49.72031549,9.17873462,2.755877266,,
6,3,3,10/8/21,3.562,0.322,11.064,4.529545498,0.771248562,-0.382845089,0.656529604,1.163459241,452.2286687,42.68641929,237.6922493,62.25441057,3.317342557,3.818078866,,
7,1,1,10/8/21,2.961,0.308,9.6091,1.57603001,0.340940263,-0.029519569,0.33847054,0.428851135,450.3574816,43.11465898,314.6139817,78.23325515,4.322515714,4.021486529,,
8,1,2,10/8/21,3.586,0.357,10.0537,2.494359537,0.523577504,-0.152392249,0.14924083,0.655679526,367.3614766,35.5559403,404.3564299,89.10702953,5.867859639,4.537873521,,
9,1,3,10/8/21,3.585,0.353,10.1512,3.65587036,0.831799704,-0.187598341,0.884080062,0.866786962,397.6764762,37.02532387,370.7184987,86.24634059,4.13941803,4.298367863,,
10,2,1,10/8/21,3.557,0.338,10.5238,1.526440512,1.431785519,0.00458112,0.568173473,0.722223435,415.7279019,38.73057309,351.1582508,72.13406501,5.430311014,4.868133395,,
11,2,2,10/8/21,4.327,0.351,12.3204,2.905897534,0.250020025,-0.282851739,0.386351708,0.793182594,451.5491843,38.54066949,552.7573432,119.7944036,12.58377869,4.614216748,,
12,2,3,10/8/21,3.767,0.348,10.8288,2.322572336,0.624985203,-0.173033713,0.533532923,0.673408547,418.3683533,33.79759854,425.2402726,99.21279217,4.126332867,4.286143584,,
13,5,1,10/8/21,3.822,0.367,10.4112,1.752735289,1.269054145,-0.17921767,0.686802286,1.552170723,454.4177021,37.56863752,399.4191721,99.26649883,3.247808386,4.023705649,,
14,5,2,10/8/21,4.19,0.387,10.8234,2.631080961,1.033457693,-0.283939968,1.051063424,1.193384546,475.9432427,42.72591365,482.5283568,107.8174355,3.221086243,4.47542046,,
15,5,3,10/8/21,3.696,0.359,10.288,1.980136564,0.832988483,-0.187117603,0.806480039,1.288687049,577.4259807,48.28023204,487.3273298,104.3027223,2.892193362,4.672239796,,
16,6,1,10/8/21,3.89,0.345,11.2672,3.058900665,0.766097604,-0.285876666,0.886776936,0.450760772,554.2298913,44.98286911,355.465386,82.23451183,5.565937599,4.322581579,,
17,6,2,10/8/21,4.04,0.37,10.9067,3.053166708,0.626175948,-0.087873169,1.686342635,1.23282878,627.6762863,56.40720513,325.2298203,96.6747232,4.248958226,3.364166035,,
18,6,3,10/8/21,3.924,0.365,10.7463,2.045191362,0.685705955,-0.11024949,0.593624644,0.708656398,548.2958427,49.14637644,420.4133104,97.92136137,3.539432036,4.293376895,,
1,6,1,11/16/22,3.711,0.355,10.4619,2.93567062,1.205217202,-0.198221464,1.122864728,1.507873334,391.0849001,44.94671065,291.9916221,70.25155646,1.374706127,4.156372283,,
2,6,2,11/16/22,3.904,0.372,10.4974,5.135152115,1.25854259,-0.554782537,1.280969959,1.520113636,466.2835304,46.03496664,277.1689304,74.94281014,2.475039077,3.698405889,,
3,6,3,11/16/22,4.055,0.39,10.3889,2.243973618,1.708033716,-0.214580117,1.08376369,1.353066479,495.2454428,49.56012193,334.9984702,85.52889212,10.55198659,3.916787204,,
4,1,1,11/16/22,3.285,0.344,9.551,2.185385814,1.354004415,-0.142235414,1.156678936,1.655303313,317.7166828,39.10285822,355.494737,89.24311598,3.265149054,3.983441559,,
5,1,2,11/16/22,4.261,0.426,9.9904,2.804055818,1.340747633,-0.045192064,1.452636676,2.283320642,352.4367229,39.0677314,382.0026207,97.87562265,3.242678036,3.902939367,,
6,1,3,11/16/22,3.558,0.365,9.7547,2.473914989,0.667217684,-0.135133467,0.991529062,1.716402552,337.8642408,34.85771136,308.8905094,79.49556293,1.78586542,3.885632078,,
7,2,1,11/16/22,3.576,0.344,10.4003,10.63379614,0.825314128,-1.230670889,0.813261805,1.607623732,427.1202784,43.27544569,389.0402639,117.6490362,2.124308687,3.306786663,,
8,2,2,11/16/22,3.671,0.34,10.7873,2.053669076,0.329706811,-0.097502545,1.002750314,1.740202887,496.8045363,55.47738283,235.9485069,69.26671195,9.732990361,3.406376602,,
9,2,3,11/16/22,4.213,0.389,10.8248,2.439065437,0.560190201,-0.189005534,0.960201532,1.214826758,301.9873946,31.70698784,434.162743,91.42219655,2.035965312,4.748986126,,
10,5,1,11/16/22,4.283,0.404,10.6135,4.298002056,0.12636396,-0.549572931,1.095772399,2.537082059,584.2736637,64.11309478,417.349459,118.6204889,2.654555368,3.518358953,,
11,5,2,11/16/22,4.304,0.405,10.6145,3.4758787,0.110952161,-0.404229646,0.972410823,3.830450412,484.129066,47.68025296,304.3744643,78.53713615,0.652252148,3.875548298,,
12,5,3,11/16/22,4.085,0.382,10.7011,3.705106909,0.55284808,-0.414170686,0.982656757,3.373909404,475.7603569,41.25164501,269.5557063,72.18303865,1.969680692,3.734335812,,
13,4,1,11/16/22,4.544,0.375,12.1267,1.64214666,0.847706657,-0.068944094,1.02715256,1.515064109,549.4923031,60.06993152,324.6535315,65.6155196,2.142523569,4.94781621,,
14,4,2,11/16/22,3.756,0.362,10.3867,1.041851256,0.456385507,-0.03331711,0.741262393,1.773117864,576.1191172,50.15714666,199.7272029,82.56945478,1.767016465,2.418899379,,
15,4,3,11/16/22,3.377,0.332,10.1604,1.693598318,1.069243249,-0.073211027,1.180964268,2.131067644,638.7370088,62.63660692,253.0300611,74.11040397,2.273100779,3.414231303,,
16,3,1,11/16/22,3.71,0.339,10.9446,2.094429879,1.13104041,-0.237526084,0.771711115,3.393868461,391.6569835,42.67096873,259.0043218,47.52636948,0,5.44969718,,
17,3,2,11/16/22,3.588,0.335,10.6938,10.87113641,1.009804041,-1.519614094,0.821232383,2.274153402,372.150964,38.0254124,262.7506621,58.33703607,6.826609639,4.50401117,,
18,3,3,11/16/22,3.941,0.362,10.8823,2.487135294,1.172828486,-0.227838675,1.348480879,1.706589353,401.2956246,39.90013225,320.8853531,68.79034877,2.330808444,4.664685655,,
1,3,1,10/5/23,3.638,0.309,11.7806,5.700023036,0.619076473,0.593128952,0.388298674,2.307152596,213.2880024,28.65380025,233.7046395,42.04850564,4.367081378,5.557977292,,
2,3,2,10/5/23,3.506,0.323,10.852,3.864083886,0.917354805,0.373201362,0.685409215,4.224777504,237.546298,35.65954991,320.2934554,54.62147037,5.138519094,5.863874649,,
3,3,3,10/5/23,3.842,0.36,10.6701,3.39892059,1.80821031,0.379572542,0.839370475,3.389473487,248.8513741,34.30055609,400.3770027,71.40622776,0.548371088,5.607031981,,
4,1,1,10/5/23,4.133,0.406,10.1681,5.547841319,1.351875931,0.6225862,1.447925971,2.282149478,373.9393229,40.36433206,300.4468595,74.05009365,3.405392511,4.05734611,,
5,1,2,10/5/23,3.973,0.395,10.0597,4.228302825,0.834163789,0.248655922,1.181993554,3.364631077,275.2495536,38.71827184,397.4889808,79.158755,4.110639749,5.021415266,,
6,1,3,10/5/23,4.409,0.422,10.4512,5.72489882,1.246694264,0.599559728,1.758304734,4.006344172,227.8490663,33.2033647,539.1096748,121.4540539,3.365092983,4.438795228,,
7,5,1,10/5/23,3.952,0.383,10.3234,3.618724474,1.108082828,0.228517794,0.900032041,2.367068597,294.8526784,41.35258526,476.6374389,92.27119059,2.791252497,5.165614921,,
8,5,2,10/5/23,3.871,0.359,10.7942,5.581837361,1.096257474,0.601526585,1.312548303,3.322452628,304.4052456,40.11628023,277.6047751,54.28995491,0.75154519,5.113372733,,
9,5,3,10/5/23,3.727,0.36,10.366,3.829275897,0.800537169,0.387607028,0.765998466,2.923665426,274.6902703,37.81484036,419.0830132,70.71568773,1.055991372,5.926308951,,
10,6,1,10/5/23,5.726,0.466,12.2984,5.369772345,1.190995355,0.702682972,1.420878793,2.165990761,277.2638389,35.52127758,404.072016,66.42542765,1.091879988,6.083092429,,
11,6,2,10/5/23,4.742,0.428,11.0808,6.118636779,1.914806631,0.781766515,1.021332979,4.163759923,403.3507568,43.31779129,625.177474,130.7767245,1.675527612,4.780494971,,
12,6,3,10/5/23,4.108,0.378,10.8571,3.574405649,1.253377927,0.395499077,0.991173478,3.60284004,504.3300831,44.08836256,42.26034617,55.01282958,1.888996379,0.768190738,,
13,2,1,10/5/23,3.876,0.37,10.4776,3.594613004,1.401277982,0.347867857,1.198241985,3.912472654,722.5645963,46.12143985,69.54863589,85.53999109,0.381845986,0.813054046,,
14,2,2,10/5/23,4.285,0.382,11.2184,4.381515303,0.657108561,0.510411974,1.039273985,3.701199591,885.3543209,55.65607838,0,63.4602299,10.18472273,,,
15,2,3,10/5/23,3.565,0.326,10.9459,2.771641945,1.340192939,0.227217259,0.949206257,3.106507135,356.3551784,33.85602247,293.3299507,73.0163897,5.195784852,4.017316549,,
16,4,1,10/5/23,4.673,0.407,11.4961,3.297559765,1.432903508,0.409401782,0.90280979,4.993650756,673.5979629,43.22451534,132.9412964,82.66880225,0.721182124,1.6081193,,
17,4,2,10/5/23,4.054,0.374,10.8474,3.487922262,1.715144816,0.464869216,0.792199941,4.770758991,914.3908327,44.50243828,6.727358363,110.1934267,1.271443764,0.061050451,,
18,4,3,10/5/23,3.748,0.352,10.6591,2.821751453,1.062155591,0.275640983,0.810055777,5.300593634,1124.025994,49.73779788,0,70.1134821,0,,,