Date,Plot,NPOC ug,TDN ug,PO4-P ug,NO3-N ug,NH4-N ug,comments,
1/30/18,1,5385.41,804.209,9.5039321,1858.199722,417.4783441,,
1/30/18,2,6035.38,1182.056,BDL,795.2738216,916.7114535,,
1/30/18,3,41905.74,2464.636,691.7526163,127.330578,BDL,,
1/30/18,4,15235.2,1527.66,417.9666099,112.6731222,505.4553292,,
1/30/18,5,44305.3,519.173,305.0153572,6706.422824,BDL,,
1/30/18,6,N/A,N/A,70.3179256,BDL,BDL,,
2/13/18,1,1686.72,175.152,BDL,8.4118512,67.44676909,,
2/13/18,2,2093.46,465.756,29.6751211,1696.137727,776.3183751,,
2/13/18,3,3478.82,238.514,85.3971229,1550.851787,25.71038798,,
2/13/18,4,2854.5,317.7,7.239069,18.030609,182.7549075,,
2/13/18,5,2691.6,189.9,36.355785,11.89986,76.34053635,,
2/13/18,6,2621.44,518.528,13.1290176,641.7297792,497.5326562,,
2/27/18,1,41959.4,2874.12,BDL,2063.153072,99.66238058,,
2/27/18,2,6872.4,768.43,BDL,297.514959,171.7365271,,
2/27/18,3,66758.5,5183.2,BDL,41991.52663,239.6601597,,
2/27/18,4,5747.28,466.62,19.108155,1208.23065,155.5531164,,
2/27/18,5,2997.12,224.448,BDL,360.8629696,3.875435292,,
2/27/18,6,4969.58,779.394,10.7084901,474.5169044,581.9534773,,
3/13/18,1,1669.92,137.088,4.5626728,40.8873304,BDL,,
3/13/18,2,1381.38,211.462,10.4068123,39.0915176,78.3811577,,
3/13/18,3,4120.56,338.976,3.9217248,142.8121008,5.156657205,,
3/13/18,4,1241,107.1,11.694449,25.3880225,BDL,,
3/13/18,5,662.16,48.276,2.570175,145.8399588,BDL,,
3/13/18,6,2032.8,456.28,55.9636968,144.0404284,132.1874095,,
3/27/18,1,2291.52,966.24,215.0988696,484.2520992,726.6597653,,
3/27/18,2,10245.75,1493.97,96.2538195,881.088387,474.583494,,
3/27/18,3,2994.3,687.78,28.76868,1921.826358,603.5422023,,
3/27/18,4,9859.07,1833.53,15.85855935,229.4888683,1031.513078,,
3/27/18,5,12927,1646.7,16.34052,116.44008,858.1181983,,
3/27/18,6,13198.92,2864.82,93.043209,5354.624927,1193.58953,,
4/10/18,1,464.58,103.14,4.6480977,41.6794974,54.81080966,,
4/10/18,2,3269.28,503.916,20.6944444,184.5800894,142.5841743,,
4/10/18,3,1473.6,333.408,15.9218784,164.7681552,231.0548294,,
4/10/18,4,2412.9,425.4,35.1737505,459.16776,179.9329341,,
4/10/18,5,3140.56,221.26,54.2046041,2783.042316,BDL,,
4/10/18,6,3330.64,920.04,47.9654048,295.3382392,427.4136664,,
4/24/18,1,7848.9,1132.506,BDL,2795.139436,678.8712106,,
4/24/18,2,12523.32,1871.016,BDL,756.1420656,856.3907317,,
4/24/18,3,,,1132.810826,4702.167462,868.6870585,,
4/24/18,4,30987.36,2353.536,685.549818,24730.25956,275.8861553,,
4/24/18,5,7944,516.8,BDL,349.15988,BDL,,
4/24/18,6,12343.7,1993.86,32.062509,1166.804487,1366.444224,,
5/8/18,1,15992.28,1322.46,6203.198589,13200.55377,110.978225,,
5/8/18,2,N/A,N/A,124.492525,220.939891,104.555342,,
5/8/18,3,37869.52,3646.344,3035.573336,1835.564162,912.2591559,,
5/8/18,4,3701.58,253.764,23.54493015,54.5798598,BDL,,
5/8/18,5,8712,574.56,18.523782,64.47393,BDL,,
5/8/18,6,14414.4,2044.224,BDL,28968.18641,1102.866796,,
5/22/18,1,1258.08,168.768,BDL,279.8808672,37.69984904,,
5/22/18,2,N/A,N/A,96.0664032,106.6977984,56.27667803,,
5/22/18,3,1276.21,216.32,20.608913,75.2008816,50.9242593,,
5/22/18,4,4007.68,268.16,64.2371296,BDL,BDL,,
5/22/18,5,7939.36,560.768,21.3581888,97.270264,BDL,,
5/22/18,6,8286.24,2488.8,137.5529138,472.0834652,1574.164422,,
6/5/18,1,376.87,81.38,BDL,9.1136682,148.0333454,,
6/5/18,2,3199.3,458.25,356.9123025,723.666671,112.1743297,,
6/5/18,3,4798.64,779.68,48.8136968,154.6855376,268.7571778,,
6/5/18,4,2906,250.1,14.17453,206.64438,BDL,,
6/5/18,5,7101.36,536.76,41.8234446,349.8880392,BDL,,
6/5/18,6,7667.6,1702.88,76.0949705,6704.300446,937.0259132,,
6/19/18,1,964.32,105.714,42.4087461,41.7249,102.9391096,,
6/19/18,2,6829.92,854.928,81.4120308,369.710352,168.4541319,,
6/19/18,3,3310.8,361.86,27.677049,20.517924,141.0799271,,
6/19/18,4,13098.5,720.82,29.161976,BDL,BDL,,
6/19/18,5,8309.9,477.71,BDL,54.7599985,BDL,,
6/19/18,6,11639.25,2285.325,209.8526063,6368.473283,2107.168757,,
7/4/18,1,48822.36,3712.968,BDL,370.66841,2469.9744,,
7/4/18,2,6335.68,803.296,136.4683008,399.8740241,558.4098,,
7/4/18,3,3402.72,254.898,23.3389974,23.08323328,BDL,,
7/4/18,4,13729.5,1082.808,36.3227409,26.64382049,167.8431375,,
7/4/18,5,6364.92,327.2856,BDL,24.95059788,BDL,,
7/4/18,6,9322,1338.26,56.980093,504.5597877,BDL,,
7/17/18,1,13315.44,1317.592,BDL,421.6394748,5681.7667,,
7/17/18,2,7941.44,764.608,145.1592064,129.8119576,83.3222,,
7/17/18,3,6670.72,645.344,BDL,205.2564149,BDL,,
7/17/18,4,22314.6,1815,BDL,52.35141347,#VALUE!,,
7/17/18,5,10641.68,577.84,97.5470924,16.63373192,#VALUE!,,
7/17/18,6,19614.96,2326.32,322.5698964,331.8486386,181.9179,,
7/31/18,1,330.48,110.256,9.0132444,101.2452129,5.20455,,
7/31/18,2,7407.76,684.126,44.4458287,158.4835035,BDL,,
7/31/18,3,17482.8,898.28,31.7189842,29.54846247,34.424575,,
7/31/18,4,16265.64,1181.92,456.7589381,15.57254466,142.2231125,,
7/31/18,5,8870.4,458.052,22.0720542,4.605104776,BDL,,
7/31/18,6,28195.2,600.072,50.7548976,BDL,1069.1274,,
8/14/18,1,1860.84,99.36,5.4460431,3.180903327,BDL,,
8/14/18,2,10586.1,704.97,26.6631015,BDL,350.293125,,
8/14/18,3,52647,3284.4,65.2404545,265.220791,183.1648125,,
8/14/18,4,5850.48,347.852,BDL,BDL,11.614225,,
8/14/18,5,12108.8,612.568,19.2163752,BDL,BDL,,
8/14/18,6,212684.8,1227.44,82.0517644,BDL,1106.1365,,
8/28/18,1,6557.44,682.122,13.4464362,133.0023857,50.851225,,
8/28/18,2,14208,931.328,43.6141824,38.52153968,115.3792,,
8/28/18,3,7727.4,738.72,61.2892899,173.1700796,49.056975,,
8/28/18,4,32109.92,1950.916,132.5317152,BDL,224.767925,,
8/28/18,5,23999,1315.516,50.3633744,BDL,BDL,,
8/28/18,6,355703.2,3107.084,BDL,BDL,6387.6856,,
9/11/18,1,5472.6,809.34,78.2131245,297.8902617,BDL,,
9/11/18,2,3635.94,831.446,74.2471499,285.1027916,565.9808,,
9/11/18,3,2705.4,297.54,26.9636112,57.72335986,7.332075,,
9/11/18,4,19661.4,1527.57,214.2548595,178.4285862,175.329,,
9/11/18,5,11872.8,699.924,44.1156936,6.424832959,BDL,,
9/11/18,6,136221,1037.85,83.3989995,BDL,129.0523125,,
9/25/18,1,4210.32,984.21,79.8938059,824.6532385,84.1355125,,
9/25/18,2,11574.6,1368.348,132.5317152,582.981172,151.77775,,
9/25/18,3,5332,573.6,31.297644,231.8175233,41.719,,
9/25/18,4,21012.8,1913.6,95.2721295,137.5063885,90.047875,,
9/25/18,5,8728.2,804.24,25.9989345,97.16768381,138.0195,,
9/25/18,6,77644.8,981.504,65.8029312,BDL,BDL,,
10/10/18,1,38701.08,5106.224,118.3481992,2214.88104,BDL,,
10/10/18,2,2207.42,2192.62,122.2519923,234.5879072,2065.427875,,
10/10/18,3,17385.16,1981.324,76.7191808,664.6640616,164.30075,,
10/10/18,4,48164.98,5000.992,320.5677716,718.1439522,921.2693625,,
10/10/18,5,57162,3705.24,304.495464,233.9502692,500.637375,,
10/10/18,6,25964.64,1599.624,133.5071556,108.6385199,65.2743,,
10/23/18,1,10522.8,1338.26,222.4948416,644.365752,BDL,,
10/23/18,2,64195.4,9282.5,328.516918,BDL,5069.21275,,
10/23/18,3,11668.08,1175.592,183.2693028,499.5407142,BDL,,
10/23/18,4,26058.88,2345.36,87.8186232,216.5015703,157.9071,,
10/23/18,5,67793.28,5086.728,80.863128,220.0128603,131.35785,,
10/23/18,6,14235.2,996.898,44.9034194,84.04092252,35.4171125,,
11/7/18,1,56350,4710.86,BDL,885.8411447,7872.9,,
11/7/18,2,17676.2,2240.68,110.945528,434.7341352,2724.9,,
11/7/18,3,32301.36,3104.166,216.3734976,602.1878821,BDL,,
11/7/18,4,50243.16,3958.416,103.5240976,592.9264283,265.54,,
11/7/18,5,48232.16,3446.23,105.659956,195.8251112,1516.04,,
11/7/18,6,11296.9,1184.012,45.548824,144.4686163,5169.24,,
11/20/18,1,3595,623.1,36.8146,491.0105969,BDL,,
11/20/18,2,12022.48,1765.048,263.727008,741.2056902,4472.92,,
11/20/18,3,15020.2,1799.35,166.466852,601.9745418,559.15,,
11/20/18,4,28031.84,3143.36,96.8523328,1284.056087,BDL,,
11/20/18,5,38779,3538.78,146.7170024,1245.849467,207.24,,
11/20/18,6,10635.52,1240.512,76.1307904,187.0576304,300.16,,
12/4/18,1,N/A,N/A,N/A,N/A,N/A,,
12/4/18,2,2354,469.92,44.44352,281.4659484,45.1,,
12/4/18,3,2527.8,291.06,27.0779344,227.592312,66.99,,
12/4/18,4,916,169.28,16.0811648,89.67811236,15.84,,
12/4/18,5,4390.4,976.96,92.6508416,468.9496034,126.08,,
12/4/18,6,1819,623.9,30.2073136,616.6303066,88.4,,
12/18/18,1,N/A,N/A,N/A,N/A,N/A,,
12/18/18,2,9333,1057.74,67.6474608,312.7743493,126.99,,
12/18/18,3,806.9,120.8,13.501924,158.7617743,BDL,,
12/18/18,4,182,34.1,2.845786,32.98178495,4.36,,
12/18/18,5,15886.5,1206.84,62.6340704,401.5758638,129.94,,
12/18/18,6,6283.68,1052.562,29.3867376,727.1665232,165.3,,
1/3/19,1,374.48,79.128,2.2244,43.9655608,90.72,,
1/3/19,2,8646.48,1343.52,107.7376032,1165.330145,170.64,,
1/3/19,3,1952.08,274.664,37.88356,94.98388642,63.18,,
1/3/19,4,6933.6,1944,57.1839984,1761.620501,39.15,,
1/3/19,5,34032,2335.2,61.74624,447.5733452,490.2,,
1/3/19,6,8882.88,1993.176,77.7747216,1597.235094,33.06,,
1/15/19,1,N/A,N/A,N/A,N/A,N/A,,
1/15/19,2,918.61,142.67,13.6876256,84.60819777,10.285,,
1/15/19,3,6535.2,714.98,10.6093568,96.8589117,224.14,,
1/15/19,4,N/A,N/A,3.5012344,41.77019683,10.765,,
1/15/19,5,7571.2,647.36,33.5798848,199.9946069,25.48,,
1/15/19,6,18561.6,4123.2,15.0762432,1572.585073,1105.44,,
1/29/19,1,4401.9,599.85,33.741288,196.511092,93.6,,
1/29/19,2,10126.08,2070.432,119.6485632,1432.556577,BDL,,
1/29/19,3,14153.96,2211.048,201.9117392,989.3451975,1294.7,,
1/29/19,4,6546,1161.8,154.399592,730.8213777,112,,
1/29/19,5,36739.2,3498.48,111.9205376,1067.436991,715.52,,
1/29/19,6,9439.48,3455.44,29.8304864,3626.344049,30.08,,
2/13/19,1,498.7,66.2,BDL,38.39575839,BDL,,
2/13/19,2,8491.84,1485.12,94.7915104,663.4190927,191.08,,
2/13/19,3,3210,622.2,31.143408,417.3055808,58.8,,
2/13/19,4,N/A,N/A,2.03682104,2.475273478,2.254,,
2/13/19,5,13782.6,1199.28,44.53638,226.4878161,59.85,,
2/13/19,6,3728.92,1135.16,17.972344,970.4396375,115.7,,
2/26/19,1,N/A,N/A,N/A,N/A,N/A,,
2/26/19,2,1415.6,221.4,98.990552,202.9676749,63,,
2/26/19,3,772.24,305.12,19.2165056,294.3415137,26.68,,
2/26/19,4,667.24,96.936,17.2075456,41.90415413,17.64,,
2/26/19,5,2556,255.75,37.044528,91.0133923,28.35,,
2/26/19,6,1908.28,698.06,5.621572,664.707149,145.64,,
3/14/19,1,493.4,56.67,0.573148,21.65156917,12.95,,
3/14/19,2,5008.64,739.2,109.332736,272.6699537,112.32,,
3/14/19,3,5420.1,1826.3,92.77912,1545.263116,131.6,,
3/14/19,4,3782.1,1020.39,41.550852,852.0029506,3.255,,
3/14/19,5,20143.2,1999.2,140.9347968,933.2683914,65.52,,
3/14/19,6,3974.88,512.82,23.7870024,139.5496382,59.01,,
3/26/19,1,1355.536,135.5232,1.12611328,49.96594455,209.912,,
3/26/19,2,4976.44,739.41,142.6934096,306.785472,104.37,,
3/26/19,3,7830,1014.13,55.01416,362.3732292,94.975,,
3/26/19,4,5566,490.6,43.491416,45.68209418,51.7,,
3/26/19,5,14540.8,1280.272,47.45058368,1000.58126,228.336,,
3/26/19,6,3067.62,337.679,11.471884,156.8394644,BDL,,
4/9/19,1,754.35,173.4,5.319474,180.2242365,71.325,,
4/9/19,2,2272.056,736.524,78.61945488,429.974047,203.688,,
4/9/19,3,3232.912,536.5888,223.6741523,271.9906602,132.904,,
4/9/19,4,3904.46,572.476,58.48739464,96.1533786,252.003,,
4/9/19,5,3901.764,554.592,47.4766504,401.3794739,31.174,,
4/9/19,6,753.4,104,18.32206,52.48649686,25.65,,
4/24/19,1,1921.88,748.42,29.5255968,224.4798156,217.0405488,,
4/24/19,2,2529.72,621.72,67.0355136,537.6843805,13.4798256,,
4/24/19,3,5838.08,642.56,78.007808,417.9189982,5.9050752,,
4/24/19,4,10444,1069.04,113.944768,92.0244176,73.3876416,,
4/24/19,5,22927.8,1919.92,48.4337312,718.5219061,636.3332172,,
4/24/19,6,4808,248.6,10.634304,4.210037159,113.846592,,
5/7/19,1,956.12,379.5,48.5318592,257.337222,147.137628,,
5/7/19,2,3103.2,664.32,60.208512,521.834238,BDL,,
5/7/19,3,7593.96,1098.768,109.38576,594.6890236,38.502684,,
5/7/19,4,38110.8,3727.36,112.5147296,1538.361761,3357.859596,,
5/7/19,5,22542.76,2795.268,188.6849984,1403.27498,BDL,,
5/7/19,6,14031.76,1085.836,46.1342528,80.89032728,118.7707128,,
5/21/19,1,1353.32,206.724,16.1915584,142.6750672,964.2620832,,
5/21/19,2,5774.48,1071.6,142.4940416,1346.190523,5279.835672,,
5/21/19,3,8186.4,700.8,66.239808,749.7222545,255.422808,,
5/21/19,4,32480,3136,235.73408,1290.421758,63.49248,,
5/21/19,5,15179.52,1565.656,102.3043904,816.0742549,44.3602176,,
5/21/19,6,48794.4,766.422,BDL,65.34477167,BDL,,
6/3/19,1,303.38,41.03,2.7793568,20.84016846,BDL,,
6/3/19,2,2413.5,525.6,49.123248,377.1062161,190.548576,,
6/3/19,3,7746.48,695.304,102.4361664,310.3167383,833.0955744,,
6/3/19,4,25185,2701,96.1285024,1202.803388,94.4789652,,
6/3/19,5,17557.7,1689.718,137.7472672,713.918659,BDL,,
6/3/19,6,12188.04,878.43,71.6374752,77.72024594,BDL,,
6/19/19,1,699.36,82.944,1.44288,33.71518271,33.861168,,
6/19/19,2,1659.12,385.68,42.6471552,327.2670932,9.8981856,,
6/19/19,3,2503.2,357.42,29.5456224,259.5239042,1.994454,,
6/19/19,4,3983.4,568.44,138.145968,346.9903113,17.4841848,,
6/19/19,5,20220,1673,149.65536,660.6031942,85.74072,,
6/19/19,6,6847.2,401.436,16.654896,20.40203036,54.6502464,,
7/2/19,1,128.31,17.553,0.3648144,3.250687826,2.5558884,,
7/2/19,2,280.14,125.534,29.40805024,120.2217163,6.14059704,,
7/2/19,3,539.64,125.64,36.5563488,99.0467402,6.4629504,,
7/2/19,4,764.18,125.78,23.66456992,14.0865826,56.47912488,,
7/2/19,5,569.28,208.96,20.5912192,227.4988149,0.7706928,,
7/2/19,6,27580,86.492,1.2058592,1.26908967,73.4248704,,
7/17/19,1,1651.516,235.3604,5.94936736,108.8729881,49.40193936,,
7/17/19,2,3247.12,1662.78,147.069968,1802.898023,BDL,,
7/17/19,3,9159.4,1430.08,157.5398432,1044.326806,119.6970072,,
7/17/19,4,19396,5844.8,47.165872,4707.972499,858.8658,,
7/17/19,5,28665,1933.89,57.816528,780.5132717,BDL,,
7/17/19,6,18162.1,1415.7,52.3196256,57.27315523,46.9508556,,
7/31/19,1,988,124.94,7.445472,52.8214748,4.74846,,
7/31/19,2,4961.28,622.668,119.2715424,440.3531049,BDL,,
7/31/19,3,14448,1894.8,256.653504,652.7671866,500.750352,,
7/31/19,4,7952,870.24,81.499712,359.4101411,942.5558352,,
7/31/19,5,32119.36,2059.512,86.44272,435.1651745,BDL,,
7/31/19,6,11724.46,998.73,35.911536,256.8875875,BDL,,
8/13/19,1,6806.92,639.276,39.0363168,135.9442494,85.1896392,,
8/13/19,2,N/A,N/A,N/A,N/A,N/A,,
8/13/19,3,4501.84,590.24,31.9713408,443.6325556,6.0026064,,
8/13/19,4,6641,774.88,61.77928,409.2273725,12.5116092,,
8/13/19,5,26871,3630,96.0744,983.6039579,7413.55308,,
8/13/19,6,9175.04,845.6,73.8544128,262.3426646,7367.839718,,
8/27/19,1,2211.36,191.712,9.2423424,BDL,17.6475168,,
8/27/19,2,6089.88,769.386,87.72984,207.8653651,51.810606,,
8/27/19,3,12370,1768,77.19248,2026.041842,16.9593,,
8/27/19,4,17098.2,1721.62,82.7157344,637.8674078,BDL,,
8/27/19,5,32252.4,2146.59,35.7638112,712.8488832,BDL,,
8/27/19,6,3410.4,425.88,15.933456,167.7547845,39.7138644,,
9/10/19,1,24597.6,1894.4,45.3907712,330.2783401,378.2741472,,
9/10/19,2,18253.48,1658.548,139.9278528,434.6779237,1104.260702,,
9/10/19,3,94498.3,9303.82,209.483216,4742.525813,866.882094,,
9/10/19,4,46761.96,4639.498,259.5013856,1815.310365,374.6607048,,
9/10/19,5,30957.24,2690.622,91.734096,1689.319828,BDL,,
9/10/19,6,19482.22,2149.614,108.0610528,456.1142278,7913.058852,,
9/26/19,1,6414.24,871.832,122.024608,338.7358546,1234.077864,,
9/26/19,2,11218.48,1446.932,122.5849152,429.9672454,2847.475666,,
9/26/19,3,7509.76,1418.24,56.126464,1126.781076,89.0820864,,
9/26/19,4,17647.2,1966.88,325.453888,754.3362931,78.7723584,,
9/26/19,5,54100.4,4703.612,206.4207936,2422.13921,BDL,,
9/26/19,6,14236.92,1580.46,76.1751616,497.1056655,556.3413456,,
10/8/19,1,1297.28,222.528,8.7089408,176.1364952,20.1567744,,
10/8/19,2,3620.82,501.942,20.5965014,218.561697,283.1540736,,
10/8/19,3,1819,367.8,13.905167,275.3394376,25.588848,,
10/8/19,4,2223,222.12,17.9254395,67.59881624,40.2522912,,
10/8/19,5,9933.96,936.282,35.485179,650.4893903,349.4114136,,
10/8/19,6,2778.24,357.44,14.572688,110.5729287,342.9770496,,
10/23/19,1,5318.46,675.54,26.9116101,475.9583924,50.5222272,,
10/23/19,2,7371,923.65,41.8503449,440.5538433,230.4058848,,
10/23/19,3,6600.4,990.64,26.7712456,750.1705603,BDL,,
10/23/19,4,12174.36,1315.278,99.4972548,439.0039051,206.8759656,,
10/23/19,5,37627.8,2809.352,53.1026552,1280.281933,BDL,,
10/23/19,6,9345.6,899.36,29.8380412,191.160523,216.5933088,,
11/5/19,1,1781.06,235.448,BDL,151.9491842,BDL,,
11/5/19,2,5125.1,520.778,35.8321552,166.0949236,BDL,,
11/5/19,3,4039.2,679.8,9.5884129,593.1287534,116.970744,,
11/5/19,4,8939,895.3,20.780284,300.9123956,35.508732,,
11/5/19,5,23856.36,1701.986,97.2513542,737.2932958,123.0848784,,
11/5/19,6,8107.2,687.456,23.3752572,121.0146392,5.377536,,
11/20/19,1,1554.3,146.13,5.2924665,47.62886436,82.126368,,
11/20/19,2,4459.4,548.9,23.7088115,287.8956773,31.93344,,
11/20/19,3,4032,557.28,14.0672796,456.9400413,BDL,,
11/20/19,4,6267.06,839.9,25.319618,254.9341616,179.6422224,,
11/20/19,5,15619.7,1751.194,62.4715406,1120.976273,BDL,,
11/20/19,6,5071.68,643.008,19.2089184,326.7518494,BDL,,
12/3/19,1,57712.5,4351.05,132.5394225,1626.427031,BDL,,
12/3/19,2,18454.4,1739.264,64.6505348,571.7545971,BDL,,
12/3/19,3,83550.12,11739.384,204.9707622,7144.422355,BDL,,
12/3/19,4,19464.48,2711.016,102.9221928,1165.23478,398.9720448,,
12/3/19,5,64316.56,4226.75,163.6886768,2605.270034,11790.14052,,
12/3/19,6,15554,2357.85,564.7076875,1630.136327,1268.47248,,
12/17/19,1,1332,322.8,23.6041044,286.2015871,BDL,,
12/17/19,2,6484.5,761.97,26.4265595,307.2460354,BDL,,
12/17/19,3,2350,1094.2,5.690156,1217.298315,7.342344,,
12/17/19,4,7170.24,845.416,20.14474,320.4664456,BDL,,
12/17/19,5,11739.2,1750.44,28.942754,1482.936146,BDL,,
12/17/19,6,2953.2,598.46,12.1402648,509.5211966,BDL,,
12/31/19,1,8060.52,855.036,23.8271592,376.8104528,BDL,,
12/31/19,2,5509.9,741.07,26.766278,654.9833538,552.538272,,
12/31/19,3,13324.8,5297.92,74.761952,5929.101288,224.1411072,,
12/31/19,4,16460.64,1801.554,93.5719437,879.1050708,363.6339408,,
12/31/19,5,17636.4,3142.8,98.2193715,3028.38557,BDL,,
12/31/19,6,11052.48,1192.248,31.5919272,518.4166281,74.8990656,,
1/14/20,1,6476.72,1088.016,42.4628036,745.4222785,BDL,,
1/14/20,2,5480.4,895.08,45.506064,691.5552121,BDL,,
1/14/20,3,9576,2442.6,17.267157,2404.550244,BDL,,
1/14/20,4,8676.8,993.872,34.4916176,396.8907274,BDL,,
1/14/20,5,18954,2816,47.22473,2154.257618,2656.50312,,
1/14/20,6,9633.72,990.204,23.0837932,552.5037446,BDL,,
1/28/20,1,55014,4540.904,147.2755228,1853.566246,BDL,,
1/28/20,2,23638.4,2880.1,100.2849575,1974.764529,BDL,,
1/28/20,3,36246,6294.12,95.440044,11090.53478,87.641568,,
1/28/20,4,22290.1,3185.49,81.903745,1748.922533,44.521008,,
1/28/20,5,19043.46,2098.362,53.2328439,1441.315998,141.9093936,,
1/28/20,6,7706.46,1022.378,30.4037357,652.1272043,1164.117701,,
2/11/20,1,714,213.36,7.1128476,198.861893,15.78,,
2/11/20,2,1454.1,513.6,11.677989,318.4607905,2.55,,
2/11/20,3,N/A,N/A,0.3715906,33.06277776,10.25,,
2/11/20,4,2250.4,422,8.973908,197.0556618,9.8,,
2/11/20,5,2666.16,520.2,15.093054,296.8277578,386.46,,
2/11/20,6,3115.86,1596.54,15.0896658,1024.147752,1754.94,,
2/25/20,1,3996.44,437.178,20.8316444,89.8712082,BDL,,
2/25/20,2,7705.98,1366.728,33.163614,626.4607217,BDL,,
2/25/20,3,10576.5,1992.1,24.207051,1165.978831,7.7,,
2/25/20,4,13261.6,1602.766,27.59889,496.6707407,19.36,,
2/25/20,5,10831.04,928.2,31.2394992,269.8143539,BDL,,
2/25/20,6,16270.8,1607.58,76.636677,560.2327358,BDL,,
3/10/20,1,4018.56,347.208,23.792718,97.53220982,33.12,,
3/10/20,2,6149.22,897.974,20.2016276,353.9046346,84.7,,
3/10/20,3,3780,1247.12,11.589116,996.6652203,579.46,,
3/10/20,4,6473.96,705.164,26.1485576,246.3721933,BDL,,
3/10/20,5,8223.2,586.872,42.6877712,133.7583615,242.06,,
3/10/20,6,11376.64,1402.486,32.9878928,547.7772627,12.12,,
3/20/20,1,3869.52,293.48,14.2360064,119.5664637,18.4,,
3/20/20,2,10528.56,1113.84,106.054704,432.409351,2227.68,,
3/20/20,3,9070.88,2500.96,32.6377436,1572.167913,4870.6,,
3/20/20,4,10137.6,1584.66,51.712474,686.9158529,634.7,,
3/20/20,5,12541.9,906.3,22.482434,243.3848552,BDL,,
3/20/20,6,9000,973.6,21.30974,328.9785398,BDL,,
4/15/20,1,25153.6,2966.45,86.711506,1319.123121,BDL,,
4/15/20,2,76691.32,5465.252,159.6453632,1917.281726,240.76,,
4/15/20,3,20933.12,7439.2,55.4881632,5048.153066,34,,
4/15/20,4,15103.92,3316.6,80.5185608,1523.482679,482.04,,
4/15/20,5,23859,2743.95,123.391235,1222.887508,211.75,,
4/15/20,6,65890.44,4763.682,BDL,1227.925162,BDL,,
4/29/20,1,497.5,142.1,3.143033,82.54546771,3.5,,
4/29/20,2,1778.4,573.56,4.6495436,349.1740811,BDL,,
4/29/20,3,458.4,250.84,3.7674028,167.6622838,3.18,,
4/29/20,4,625.2,297.6,2.404112,187.6156393,4.1,,
4/29/20,5,4184.7,501.642,12.82583,209.0587223,31.32,,
4/29/20,6,5164.2,411.54,12.3097732,148.1981436,70.11,,
5/12/20,1,23472.64,2716.792,78.91914,1108.131946,BDL,,
5/12/20,2,16263,3245.928,BDL,1872.646028,55.6,,
5/12/20,3,12568.5,6507.5,36.114991,4496.082942,BDL,,
5/12/20,4,7659,3457.5,22.56834,2144.715512,257.25,,
5/12/20,5,19413.4,2730.984,37.026936,1298.826859,49.72,,
5/12/20,6,13900,550.1,21.47096,172.8874186,257.5,,
6/1/20,1,3552.12,521.424,13.0108032,272.3795289,BDL,,
6/1/20,2,4961.88,1360.26,17.9160696,637.316059,25.74,,
6/1/20,3,3794.8,2193.2,12.357952,1446.078104,2.4,,
6/1/20,4,2456.1,1246.5,7.887003,809.7524897,11.7,,
6/1/20,5,9101,1111.88,48.323251,500.4615183,BDL,,
6/1/20,6,8232.42,388.416,16.7664846,29.7694783,25.5,,
6/16/20,1,6396.3,721.464,44.85,458.860405,BDL,,
6/16/20,2,8439,1591.964,17.46,1383.326153,BDL,,
6/16/20,3,9577.2,4104.12,29.9,4344.631624,23,,
6/16/20,4,8640.64,3109.6,47.84,3144.885825,146.28,,
6/16/20,5,16240.8,1471.32,38.86,956.3593279,BDL,,
6/16/20,6,11127.4,982.36,27.88,252.6949591,112.34,,
6/30/20,1,1103.44,137.722,8.06,98.24213701,BDL,,
6/30/20,2,573.4,88.8112,2.209,52.08272296,BDL,,
6/30/20,3,4583.6,1646.12,14.98,1226.854804,370.02,,
6/30/20,4,6381.1,1088.89,62.15,805.6872038,91.85,,
6/30/20,5,8013.6,650.88,13.56,232.6583369,244.56,,
6/30/20,6,12874.2,1146.38,23.22,374.0499785,258,,
7/14/20,1,8695.08,670.474,46.48,250.8595433,19.09,,
7/14/20,2,10165.4,1367.612,38.16,851.059888,BDL,,
7/14/20,3,23839.6,5245.14,58.85,4480.769065,71.69,,
7/14/20,4,13897.22,2543.978,79.23,2069.728565,54.21,,
7/14/20,5,21406.4,1874.08,44.2,895.777682,105.4,,
7/14/20,6,19836.74,1760.55,54.45,555.7345972,292.82,,
7/28/20,1,955.76,129.064,8.84,113.8130116,BDL,,
7/28/20,2,8341.2,858.69,35.28,276.3205515,BDL,,
7/28/20,3,11502,3156,32.7,3965.790607,5.7,,
7/28/20,4,5748,853.8,45,648.7289961,105.6,,
7/28/20,5,4243.2,384.96,15.72,250.2628178,34.56,,
7/28/20,6,13557.6,1146.096,51.66,388.2873761,130.41,,
8/11/20,1,N/A,N/A,N/A,N/A,N/A,,
8/11/20,2,12513.28,1127.936,BDL,372.2533391,BDL,,
8/11/20,3,32230.44,4043.16,57.42,3328.293839,BDL,,
8/11/20,4,18878.4,1669.188,61.56,604.381732,18.24,,
8/11/20,5,17593.4,1150.38,26.4,398.5781991,BDL,,
8/11/20,6,13112.28,1140.544,42.6,324.5626885,150.52,,
8/31/20,1,2635.36,544.96,17.94,391.5122792,90.22,,
8/31/20,2,11416.8,1347.906,BDL,560.3059026,BDL,,
8/31/20,3,32888.96,6506.24,72.8,5808.944421,476.32,,
8/31/20,4,33723.12,3344.618,161.17,1734.530375,270.13,,
8/31/20,5,14101.8,1146.84,20.52,597.3825937,BDL,,
8/31/20,6,23551.7,3999.7,101.05,3782.679879,164.5,,
9/8/20,1,2348.28,270.644,9.46,181.8483412,2.86,,
9/8/20,2,9012.72,1070.848,22.56,409.0478242,BDL,,
9/8/20,3,15940.8,2620.35,41.85,2174.192159,144.45,,
9/8/20,4,21198.24,1938.636,84.42,784.1749246,128.52,,
9/8/20,5,6966,667.44,15.39,370.6828953,4.86,,
9/8/20,6,11783.1,1002.912,33.48,460.5924171,9.3,,
9/22/20,1,206.272,22.8096,1.008,10.60232658,2.976,,
9/22/20,2,4416,358.912,7.04,26.19560534,BDL,,
9/22/20,3,7222.8,921.44,61.88,712.9556226,BDL,,
9/22/20,4,8581.76,891.248,52.47,518.3541577,BDL,,
9/22/20,5,629.5,47.615,3.775,7.755277897,3.15,,
9/22/20,6,4860.5,452.8,18.25,260.8789315,BDL,,
10/6/20,1,56858.8,5854.8,147.6,2822.834985,1189,,
10/6/20,2,10640.96,1067.616,26.4,500.8530806,BDL,,
10/6/20,3,46536.12,5377.698,109.71,3486.559673,519.93,,
10/6/20,4,48250,6715,190,5165.876777,515,,
10/6/20,5,16669.6,1323.786,77.72,693.2378285,10.72,,
10/6/20,6,15027.1,5003.46,91.96,4990.42654,181.83,,
10/20/20,1,13440,2036,81,1673.632055,BDL,,
10/20/20,2,10622.22,703.248,BDL,BDL,BDL,,
10/20/20,3,32005.2,3459.78,28.31,2360.825075,BDL,,
10/20/20,4,15630.76,2471.92,26.5,1971.115898,BDL,,
10/20/20,5,16260,1458.75,61.5,799.2783283,18,,
10/20/20,6,9799.68,1636.448,48.4,1570.616114,15.84,,
11/4/20,1,7308,1061.28,24.48,652.3127302,284.76,,
11/4/20,2,3958.2,458.37,10.8,180.2428708,6.75,,
11/4/20,3,755.64,99.216,1.494,63.65397735,0.216,,
11/4/20,4,5626.5,1434.84,18.48,1094.496748,13.53,,
11/4/20,5,5590.2,459.9,34.65,19.64342566,71.82,,
11/4/20,6,4081.92,1184,36.16,967.796122,6.08,,
11/17/20,1,N/A,N/A,N/A,N/A,N/A,,
11/17/20,2,17731.96,1249.328,BDL,254.9142675,BDL,,
11/17/20,3,57439.2,5821.296,49.92,3009.74212,BDL,,
11/17/20,4,29510.4,2271.58,60.95,579.7289307,BDL,,
11/17/20,5,15114.8,1043.188,19.72,287.4456118,BDL,,
11/17/20,6,34652.16,2475.264,42.24,706.7448947,42.24,,
12/1/20,1,14031.22,3439.016,141.05,2125.554494,837.62,,
12/1/20,2,12878.88,1129.296,5.04,529.258198,BDL,,
12/1/20,3,20250,2899.8,21.87,1845.558739,38.07,,
12/1/20,4,9893.34,1051.086,39.06,374.4758266,BDL,,
12/1/20,5,10478.4,1008.62,10.73,526.2715847,5.55,,
12/1/20,6,7673.4,801.444,26.1,440.1373539,BDL,,
12/15/20,1,6280.14,1459.62,52.53,954.2638832,214.2,,
12/15/20,2,2227.5,900.5,41,644.6612392,172.75,,
12/15/20,3,9180,2132.48,28.56,1696.469126,4.42,,
12/15/20,4,2498.58,281.022,15.54,136.2623368,3.36,,
12/15/20,5,4624,489.28,8.48,267.8673762,5.6,,
12/15/20,6,4536.24,1928.64,7.38,1770.817604,BDL,,
12/29/20,1,13959.3,2124.74,100.75,1160.132503,313.1,,
12/29/20,2,6276.66,1258.92,7.41,838.9366444,5.46,,
12/29/20,3,20437.8,4028.22,26.91,2966.348297,-1.38,,
12/29/20,4,8854.72,647.696,15.12,103.8310517,BDL,,
12/29/20,5,14111.2,1397.48,22.94,738.2362305,BDL,,
12/29/20,6,10507,1342.16,19,845.999909,BDL,,
1/12/21,1,4197.64,656.472,30.26,443.3953397,BDL,,
1/12/21,2,2476.5,706.5,5.25,544.526311,BDL,,
1/12/21,3,9900,1678.2,4.2,1255.469141,BDL,,
1/12/21,4,5676.8,624.128,17.28,244.7021725,BDL,,
1/12/21,5,7033.96,849.52,22.14,425.4711117,11.89,,
1/12/21,6,3967.2,445.92,8.1,207.4407604,BDL,,
1/26/21,1,3022,528.8,19.3,381.7255651,BDL,,
1/26/21,2,3280.32,634.32,5.58,399.263201,3.6,,
1/26/21,3,2655.6,606.36,2.76,441.133397,4.98,,
1/26/21,4,1367.8,227.5,5.67,144.0199512,26.18,,
1/26/21,5,4071.2,606.76,17.08,157.2110793,184.66,,
1/26/21,6,5206.68,1078.92,8.91,818.9521081,5.4,,
2/9/21,1,59523.26,7059.974,134.61,3733.60319,717.92,,
2/9/21,2,9962.12,1777.728,11.28,1138.215006,BDL,,
2/9/21,3,47232,4390.4,43.2,2105.486575,107.2,,
2/9/21,4,21600.18,2650.004,149.73,1387.318264,101.99,,
2/9/21,5,19302.8,1822.04,25.42,891.7178333,13.12,,
2/9/21,6,14443.52,2848.768,66.56,1854.380619,240.64,,
2/23/21,1,3074.04,1273.68,19.8,1140.373857,28.08,,
2/23/21,2,4884.6,489.3,8.4,115.6956383,9.24,,
2/23/21,3,49977.6,2772.48,22.8,949.1790604,BDL,,
2/23/21,4,6603.12,794.88,37.08,387.1196616,11.52,,
2/23/21,5,9501.6,870.98,18.87,330.3922015,12.58,,
2/23/21,6,10113.64,1455.414,13.91,1010.12568,BDL,,
3/9/21,1,1250.08,936.64,9.6,1008.580581,4.16,,
3/9/21,2,1886.5,182.27,2.09,38.30948175,3.74,,
3/9/21,3,10099.8,1241.24,8.37,839.2952307,BDL,,
3/9/21,4,1886,293.2,16.4,158.0641298,5.5,,
3/9/21,5,3281.6,274.96,3.92,117.8647346,BDL,,
3/9/21,6,3939.6,571.452,BDL,402.005928,BDL,,
3/23/21,1,7802.66,4596.16,112.36,3713.935212,594.13,,
3/23/21,2,2390.96,1061.72,31.46,959.6059998,61.38,,
3/23/21,3,7766.4,2473.44,11.76,2371.006856,3.84,,
3/23/21,4,3545.64,1197.72,54,911.8289872,117.72,,
3/23/21,5,6213.48,782.34,47.58,374.4588485,25.35,,
3/23/21,6,5069.6,2009.6,8,1912.936738,BDL,,
4/6/21,1,11219.4,3530.04,75.21,3150.56136,13.8,,
4/6/21,2,6936,2593.52,15.3,2209.272177,12.58,,
4/6/21,3,13125,2576,10.15,1952.76339,36.75,,
4/6/21,4,5394,2487,52,2354.27083,BDL,,
4/6/21,5,8391.6,777.74,19.98,325.0142211,63.64,,
4/6/21,6,11082.72,2254.56,12.54,1836.08874,131.34,,
4/20/21,1,6326.88,1815.52,69.44,1589.66498,12.88,,
4/20/21,2,3252.5,973,14.75,813.261579,14.25,,
4/20/21,3,7280,1599.92,5.6,1275.889943,7.56,,
4/20/21,4,5550.48,1245.92,33.28,1008.442861,17.68,,
4/20/21,5,5496.4,617.76,12.22,340.247298,8.58,,
4/20/21,6,7058.7,815.76,10.8,464.0654471,BDL,,
5/6/21,1,9412.86,2630.22,120.95,1669.438041,715.08,,
5/6/21,2,4156.8,1885.6,8.8,1687.853657,BDL,,
5/6/21,3,12261.6,4371.12,BDL,4389.587138,BDL,,
5/6/21,4,3613.72,2075.92,25.08,2223.086135,BDL,,
5/6/21,5,5726.32,995.72,18.29,755.9968264,BDL,,
5/6/21,6,11692,3245.32,16.59,2816.242029,15.01,,
5/18/21,1,3108.6,626.78,45.87,463.0070956,12.76,,
5/18/21,2,3304.98,1143.24,34.23,888.7009371,15.54,,
5/18/21,3,9286.2,2844.6,6.6,2420.191012,24.42,,
5/18/21,4,3527.16,1010.04,17.48,858.0746085,4.75,,
5/18/21,5,3357.6,331.44,6.96,149.4566031,5.28,,
5/18/21,6,6130.6,1050.38,28.71,647.4446873,43.5,,
6/6/21,1,31334.42,3800.342,224.77,1743.368462,429.78,,
6/6/21,2,13881.56,4302.76,109.34,3700.499985,15.4,,
6/6/21,3,33892.98,7775.04,45.39,7020.131134,BDL,,
6/6/21,4,48805.12,10859.52,246.4,8942.295141,6415.36,,
6/6/21,5,21004.8,2598.4,108.8,1552.04934,33.28,,
6/6/21,6,53096.68,2575.664,113.1,BDL,BDL,,
6/15/21,1,N/A,N/A,N/A,N/A,N/A,,
6/15/21,2,15387.12,1400.12,72.42,486.3566959,14.2,,
6/15/21,3,15850.38,2657.2,18.2,2005.345648,BDL,,
6/15/21,4,34641.88,3532.76,121.52,1820.406575,73.78,,
6/15/21,5,28357.28,2094.456,54.88,876.6923146,70.56,,
6/15/21,6,41883.4,3006.772,119.46,BDL,644.36,,
6/29/21,1,12667.2,956.696,26.52,277.3509775,11.96,,
6/29/21,2,10894.72,1498.952,53.36,778.4617227,49.88,,
6/29/21,3,23047.2,4471.2,12.96,3501.649651,11.88,,
6/29/21,4,21497.28,1959.216,92.4,832.9331457,70.56,,
6/29/21,5,15416,1193.8,29.14,503.0538008,8.46,,
6/29/21,6,33778.8,1866.48,90.2,BDL,224.4,,
7/13/21,1,501.9,54.102,3.51,24.9119477,BDL,,
7/13/21,2,2320.12,1015.08,48.4,639.0045344,18.92,,
7/13/21,3,10509.08,3224.46,7.93,2412.983233,BDL,,
7/13/21,4,3281,461.856,10.54,225.0652044,BDL,,
7/13/21,5,1755,125.5,6.35,16.6684242,5.45,,
7/13/21,6,19063.8,961.002,33.39,65.10597912,22.05,,
7/27/21,1,10528,876.8,18.4,269.6755598,9.2,,
7/27/21,2,29160.32,2843.168,44.16,1393.404338,BDL,,
7/27/21,3,1278.81,260.52,1.04,171.2404654,BDL,,
7/27/21,4,22329.6,2457.6,49.2,1006.263841,54,,
7/27/21,5,34112.2,2064.258,55.88,428.1992337,BDL,,
7/27/21,6,35931.52,3214.112,44.16,1155.909874,55.2,,
8/12/21,1,13450.24,2323.12,21.3,1514.586804,27.69,,
8/12/21,2,13653.64,2390.696,40.04,1279.246371,BDL,,
8/12/21,3,N/A,N/A,N/A,N/A,N/A,,
8/12/21,4,35730.8,3592.68,20.58,1305.702134,BDL,,
8/12/21,5,18227.2,1205.248,22.4,333.8465324,BDL,,
8/12/21,6,21723,2800.98,42.9,1319.329326,140.4,,
8/24/21,1,13047.2,1735.24,24.44,1019.663257,95.88,,
8/24/21,2,10848.86,1005.51,25.41,420.3887659,BDL,,
8/24/21,3,N/A,N/A,N/A,N/A,N/A,,
8/24/21,4,16848,1513.2,18.85,512.5241661,BDL,,
8/24/21,5,11113.2,648.06,13.44,144.7980597,BDL,,
8/24/21,6,11823.3,1230.65,36.24,503.3864108,128.35,,
9/7/21,1,3977.62,1261.78,12.42,872.6563324,103.73,,
9/7/21,2,1970.64,793.38,9.45,601.8390805,BDL,,
9/7/21,3,3002.4,841.6,58,604.1969841,90,,
9/7/21,4,N/A,N/A,N/A,N/A,N/A,,
9/7/21,5,1300.8,178.08,8.82,84.88453021,5.4,,
9/7/21,6,2228.24,2194.64,9.8,1067.738058,921.62,,
9/21/21,1,7892.08,1752.632,134.47,1010.259763,184.45,,
9/21/21,2,8902.08,1375.214,89.92,1008.277268,BDL,,
9/21/21,3,28600.96,2552,55.68,1711.885831,BDL,,
9/21/21,4,30451.2,2235.792,59.28,901.4868712,BDL,,
9/21/21,5,40769.4,2724.96,79.8,1041.990931,BDL,,
9/21/21,6,2282.72,505.208,62.92,362.5913037,20.68,,
10/5/21,1,5422.4,1811.2,131.2,1368.793279,BDL,,
10/5/21,2,3908.68,977.17,34.75,717.0600021,BDL,,
10/5/21,3,25470.72,2961.684,120.78,1689.844986,239.58,,
10/5/21,4,14639.24,2003.244,133.86,1247.644557,67.9,,
10/5/21,5,9150.72,915.072,26.88,443.9888924,BDL,,
10/5/21,6,1890.22,219.762,43.21,143.6901121,BDL,,
10/18/21,1,6029.24,1670.668,130.54,1128.014341,BDL,,
10/18/21,2,7953.4,1481.844,41.86,1073.446518,BDL,,
10/18/21,3,11500.9,1625.26,37.6,1027.262821,BDL,,
10/18/21,4,17034.52,2119.396,198.38,1340.383142,1534.72,,
10/18/21,5,22553.98,1723.876,81.06,709.8850575,BDL,,
10/18/21,6,4017.92,410.736,28.38,256.2255264,BDL,,
11/1/21,1,5495.64,2048.36,246,1075.80864,497.74,,
11/1/21,2,5024.6,832.87,BDL,662.7719779,BDL,,
11/1/21,3,5334.6,1282.344,54.06,1014.084151,BDL,,
11/1/21,4,11975.6,1196.16,88.2,706.6680727,BDL,,
11/1/21,5,9246.6,772.2,21.78,276.8153538,BDL,,
11/1/21,6,N/A,N/A,N/A,N/A,N/A,,
11/16/21,1,5405.82,1407.88,95.16,999.6203733,13.42,,
11/16/21,2,5569.2,951.86,BDL,664.5632535,BDL,,
11/16/21,3,7091.04,1308.12,79.2,846.1288622,BDL,,
11/16/21,4,11523.44,1054.904,63.8,621.4067278,BDL,,
11/16/21,5,7997.76,397.824,9.6,58.85057471,BDL,,
11/16/21,6,N/A,N/A,N/A,N/A,N/A,,
12/1/21,1,5504.82,1600.8,136.62,1080.070299,67.62,,
12/1/21,2,11990.16,1551.84,36.6,989.4772784,603.9,,
12/1/21,3,10470.74,1649.578,26.39,963.8804921,99.47,,
12/1/21,4,20138.8,2200.64,133.4,1228.822496,142.6,,
12/1/21,5,16778.24,1455.872,42.24,502.530421,92.16,,
12/1/21,6,N/A,N/A,N/A,N/A,N/A,,
12/14/21,1,5717.4,1268.436,76.44,848.2932463,67.86,,
12/14/21,2,9790.32,1680.988,29.38,1206.846431,110.74,,
12/14/21,3,11845.5,808.356,12.72,314.6733618,66.78,,
12/14/21,4,9731.76,985.968,31.98,539.0630178,61.5,,
12/14/21,5,12040,715.52,34.4,180.5004603,48,,
12/14/21,6,N/A,N/A,N/A,N/A,N/A,,
12/28/21,1,4945.98,928.608,32.13,651.4888275,33.66,,
12/28/21,2,25878,3468,15,2017.373839,150,,
12/28/21,3,7252.44,503.568,4.68,240.5342707,43.68,,
12/28/21,4,4523.04,564.192,15.66,339.8443384,38.88,,
12/28/21,5,7605.36,814.968,68.04,384.2530756,50.4,,
12/28/21,6,N/A,N/A,N/A,N/A,N/A,,
1/12/22,1,4183.8,1566.36,65.74,1136.113817,34.2,,
1/12/22,2,2312,1281,43.5,1063.720813,53,,
1/12/22,3,33.736,15.536,0.12,6.447401456,3.68,,
1/12/22,4,4796.22,1141.92,44.07,784.0602561,36.27,,
1/12/22,5,3491.84,603.24,56.1,365.6687589,18.26,,
1/12/22,6,7200,819.9,94.5,250.464474,205.5,,
1/25/22,1,2510.56,742.04,17.68,498.0580802,185.64,,
1/25/22,2,813.78,566.28,31.57,411.4178592,33.88,,
1/25/22,3,62.12,92.96,0.48,68.12285547,7.62,,
1/25/22,4,195.09,202.26,14.535,120.913884,43.215,,
1/25/22,5,103.54,49.96,4.05,30.69445142,6.49,,
1/25/22,6,2549.68,254.464,20.16,75.5102519,37.52,,
2/8/22,1,23174.008,4015.627,346.093,1773.084007,1246.883,,
2/8/22,2,39288.96,3393.268,93.34,1363.29266,437.98,,
2/8/22,3,N/A,N/A,N/A,N/A,N/A,,
2/8/22,4,20166.84,2783.484,215.13,1618.293748,146.97,,
2/8/22,5,6893.84,897.62,92.5,484.7870115,22.57,,
2/8/22,6,25090.2,1595.358,149.91,520.8496108,654.87,,
2/22/22,1,3749.84,635.056,27.74,343.9685329,26.98,,
2/22/22,2,4107.8,497.61,31.35,243.0931459,63.65,,
2/22/22,3,2111.1,912.3,25.65,645.3226211,20.25,,
2/22/22,4,6592.88,1970.3,219.6,1427.529668,36.6,,
2/22/22,5,N/A,N/A,N/A,N/A,N/A,,
2/22/22,6,1403.5,188.35,12.25,75.95614696,34.5,,
3/8/22,1,6655.5,852.15,36,424.2028622,45.75,,
3/8/22,2,18038.04,1020.322,460.31,122.2502301,99.32,,
3/8/22,3,3784.88,883.08,3.96,610.3218679,12.54,,
3/8/22,4,8584.68,1538.784,77.22,950.1260357,56.16,,
3/8/22,5,10550.4,1249.92,101.36,669.9941418,42.56,,
3/8/22,6,9825.66,594.932,30.94,208.9225877,117.13,,
3/22/22,1,3021.88,610.08,N/A,N/A,N/A,,
3/22/22,2,4401.1,330.88,N/A,N/A,N/A,,
3/22/22,3,2034,275.6,N/A,N/A,N/A,,
3/22/22,4,3316.6,644.77,N/A,N/A,N/A,,
3/22/22,5,3114.32,330.88,N/A,N/A,N/A,,
3/22/22,6,5299.14,334.554,N/A,N/A,N/A,,
4/5/22,1,4011.54,890.76,N/A,N/A,N/A,,
4/5/22,2,8293.6,1018.5,N/A,N/A,N/A,,
4/5/22,3,1610.2,253.6,N/A,N/A,N/A,,
4/5/22,4,3692.88,546.696,N/A,N/A,N/A,,
4/5/22,5,4379,525.248,N/A,N/A,N/A,,
4/5/22,6,6346.32,352.842,N/A,N/A,N/A,,
4/19/22,1,4268.08,883.5,N/A,N/A,N/A,,
4/19/22,2,13493.92,1673.232,N/A,N/A,N/A,,
4/19/22,3,3432.44,618.2,N/A,N/A,N/A,,
4/19/22,4,4996.8,801.54,N/A,N/A,N/A,,
4/19/22,5,7730.24,864.864,N/A,N/A,N/A,,
4/19/22,6,15274.3,787.29,N/A,N/A,N/A,,
5/3/22,1,7030.74,2160.06,N/A,N/A,N/A,,
5/3/22,2,11772.6,2028.6,N/A,N/A,N/A,,
5/3/22,3,3681.39,1064.77,N/A,N/A,N/A,,
5/3/22,4,7106.4,835.92,N/A,N/A,N/A,,
5/3/22,5,10648.6,1702,N/A,N/A,N/A,,
5/3/22,6,84159,991.116,N/A,N/A,N/A,,
5/17/22,1,5141.4,1687.15,N/A,N/A,N/A,,
5/17/22,2,4842,1519.92,N/A,N/A,N/A,,
5/17/22,3,3595.8,935.74,N/A,N/A,N/A,,
5/17/22,4,7488,1277.9,N/A,N/A,N/A,,
5/17/22,5,6312,827.4,N/A,N/A,N/A,,
5/17/22,6,102948,745.752,N/A,N/A,N/A,,
5/31/22,1,3636.5,1428.35,N/A,N/A,N/A,,
5/31/22,2,2989.08,1057.35,N/A,N/A,N/A,,
5/31/22,3,3170.2,1057.98,N/A,N/A,N/A,,
5/31/22,4,6200,1360.5,N/A,N/A,N/A,,
5/31/22,5,4186.64,944,N/A,N/A,N/A,,
5/31/22,6,41370.2,254.492,N/A,N/A,N/A,,
6/14/22,1,961,635.5,N/A,N/A,N/A,,
6/14/22,2,1507.8,410.48,N/A,N/A,N/A,,
6/14/22,3,2336.4,827.76,N/A,N/A,N/A,,
6/14/22,4,2076.8,704.88,N/A,N/A,N/A,,
6/14/22,5,1004,87.08,N/A,N/A,N/A,,
6/14/22,6,57820,409.5,N/A,N/A,N/A,,
6/28/22,1,4668.6,2246.57,N/A,N/A,N/A,,
6/28/22,2,7365.84,1735.24,N/A,N/A,N/A,,
6/28/22,3,6384,2263.45,N/A,N/A,N/A,,
6/28/22,4,12802.5,2328,N/A,N/A,N/A,,
6/28/22,5,5966.88,1012.77,N/A,N/A,N/A,,
6/28/22,6,262644,1688.61,N/A,N/A,N/A,,
7/12/22,1,12152.79,1504.47,N/A,N/A,N/A,,
7/12/22,2,10134.67,1549.849,N/A,N/A,N/A,,
7/12/22,3,9771.11,2217.06,N/A,N/A,N/A,,
7/12/22,4,11324.05,1695.275,N/A,N/A,N/A,,
7/12/22,5,15996.08,1537.54,N/A,N/A,N/A,,
7/12/22,6,36697.6,1253.55,N/A,N/A,N/A,,
7/26/22,1,4639.2,1039.44,N/A,N/A,N/A,,
7/26/22,2,7294.1,1282.6,N/A,N/A,N/A,,
7/26/22,3,4239.8,1293.02,N/A,N/A,N/A,,
7/26/22,4,4681.76,1065.46,N/A,N/A,N/A,,
7/26/22,5,6248.1,673.19,N/A,N/A,N/A,,
7/26/22,6,15397.2,589.095,N/A,N/A,N/A,,
8/9/22,1,4347,1127.23,N/A,N/A,N/A,,
8/9/22,2,5791.23,1350.13,N/A,N/A,N/A,,
8/9/22,3,3456,1520.37,N/A,N/A,N/A,,
8/9/22,4,3801.6,691.92,N/A,N/A,N/A,,
8/9/22,5,3086,451,N/A,N/A,N/A,,
8/9/22,6,9473.55,696.645,N/A,N/A,N/A,,
8/25/22,1,5274.5,1727.25,N/A,N/A,N/A,,
8/25/22,2,27732.6,3265.92,N/A,N/A,N/A,,
8/25/22,3,7085.64,2255.02,N/A,N/A,N/A,,
8/25/22,4,8461.6,1870.4,N/A,N/A,N/A,,
8/25/22,5,10136.5,1159.4,N/A,N/A,N/A,,
8/25/22,6,15937.68,1005.312,N/A,N/A,N/A,,
9/6/22,1,3166.2,701.28,N/A,N/A,N/A,,
9/6/22,2,16305.96,2126.696,N/A,N/A,N/A,,
9/6/22,3,7853.5,3384.35,N/A,N/A,N/A,,
9/6/22,4,8128.2,1684.35,N/A,N/A,N/A,,
9/6/22,5,7584.44,807.339,N/A,N/A,N/A,,
9/6/22,6,8917.56,1136.016,N/A,N/A,N/A,,
9/21/22,1,82348.5,6854.25,N/A,N/A,N/A,,
9/21/22,2,101473.2,6580.28,N/A,N/A,N/A,,
9/21/22,3,34829.21,7537.27,N/A,N/A,N/A,,
9/21/22,4,26079.6,4305.4,N/A,N/A,N/A,,
9/21/22,5,9060,1121.04,N/A,N/A,N/A,,
9/21/22,6,53875.95,4286.53,N/A,N/A,N/A,,
10/4/22,1,1234.66,486.78,N/A,N/A,N/A,,
10/4/22,2,10703.81,1365.342,N/A,N/A,N/A,,
10/4/22,3,2125.2,2220.68,N/A,N/A,N/A,,
10/4/22,4,4376.46,794.01,N/A,N/A,N/A,,
10/4/22,5,189.5,25.725,N/A,N/A,N/A,,
10/4/22,6,3453.45,1213.25,N/A,N/A,N/A,,
10/18/22,1,44480.79,3890.871,N/A,N/A,N/A,,
10/18/22,2,59950.76,6140.388,N/A,N/A,N/A,,
10/18/22,3,98900,8949.76,N/A,N/A,N/A,,
10/18/22,4,4628.92,1228.22,N/A,N/A,N/A,,
10/18/22,5,6001,671.245,N/A,N/A,N/A,,
10/18/22,6,55347.75,7741.8,N/A,N/A,N/A,,
11/1/22,1,132249.04,9926.224,N/A,N/A,N/A,,
11/1/22,2,26146,4075.24,N/A,N/A,N/A,,
11/1/22,3,112800,9220,N/A,N/A,N/A,,
11/1/22,4,1320.564,161.318,N/A,N/A,N/A,,
11/1/22,5,11932.14,1600.976,N/A,N/A,N/A,,
11/1/22,6,12450.52,1957.03,N/A,N/A,N/A,,
11/15/22,1,99028,8323.9,N/A,N/A,N/A,,
11/15/22,2,31173.36,4403.488,N/A,N/A,N/A,,
11/15/22,3,140774.7,12364.44,N/A,N/A,N/A,,
11/15/22,4,17822.7,1262.513,N/A,N/A,N/A,,
11/15/22,5,8808.52,540.019,N/A,N/A,N/A,,
11/15/22,6,65259.35,4376.255,N/A,N/A,N/A,,
11/29/22,1,2141.44,490.24,N/A,N/A,N/A,,
11/29/22,2,4218.06,867.35,N/A,N/A,N/A,,
11/29/22,3,21811.18,2665.061,N/A,N/A,N/A,,
11/29/22,4,1292.48,167.44,N/A,N/A,N/A,,
11/29/22,5,2279.7,201.45,N/A,N/A,N/A,,
11/29/22,6,5209.72,1140.356,N/A,N/A,N/A,,
12/15/22,1,522.83,154.35,N/A,N/A,N/A,,
12/15/22,2,4561.15,629.75,N/A,N/A,N/A,,
12/15/22,3,11805.84,2147.76,N/A,N/A,N/A,,
12/15/22,4,860.795,161.595,N/A,N/A,N/A,,
12/15/22,5,645,64.75,N/A,N/A,N/A,,
12/15/22,6,1149.975,472.5,N/A,N/A,N/A,,
12/27/22,1,147.42,89.614,N/A,N/A,N/A,,
12/27/22,2,3060.01,506.85,N/A,N/A,N/A,,
12/27/22,3,773.76,92.64,N/A,N/A,N/A,,
12/27/22,4,410.25,123.9,N/A,N/A,N/A,,
12/27/22,5,2938.8,566.193,N/A,N/A,N/A,,
12/27/22,6,2772.385,1012.165,N/A,N/A,N/A,,
1/10/23,1,1777.6,1276,N/A,N/A,N/A,,
1/10/23,2,17134.08,1635.576,N/A,N/A,N/A,,
1/10/23,3,37633.95,1372.5995,N/A,N/A,N/A,,
1/10/23,4,3239.6,759.92,N/A,N/A,N/A,,
1/10/23,5,8366.08,792.32,N/A,N/A,N/A,,
1/10/23,6,4959,885.805,N/A,N/A,N/A,,
1/24/23,1,1016.4,385.14,N/A,N/A,N/A,,
1/24/23,2,2837.16,750.24,N/A,N/A,N/A,,
1/24/23,3,6725.2,640.9,N/A,N/A,N/A,,
1/24/23,4,1503.6,405.16,N/A,N/A,N/A,,
1/24/23,5,3445.86,445.671,N/A,N/A,N/A,,
1/24/23,6,143.88,45.81,N/A,N/A,N/A,,
2/7/23,1,#VALUE!,#VALUE!,N/A,N/A,N/A,,
2/7/23,2,1750.32,2021.76,N/A,N/A,N/A,,
2/7/23,3,1642.4,139.12,N/A,N/A,N/A,,
2/7/23,4,725.5,159.05,N/A,N/A,N/A,,
2/7/23,5,7538.06,768.912,N/A,N/A,N/A,,
2/7/23,6,2917.12,748.2,N/A,N/A,N/A,,
2/21/23,1,1355.9,884.8,N/A,N/A,N/A,,
2/21/23,2,695.9,787.3,N/A,N/A,N/A,,
2/21/23,3,694.8,104.64,N/A,N/A,N/A,,
2/21/23,4,316.2,48.18,N/A,N/A,N/A,,
2/21/23,5,4799.65,433.06,N/A,N/A,N/A,,
2/21/23,6,1746.23,214.055,N/A,N/A,N/A,,
3/7/23,1,1333.8,757.8,N/A,N/A,N/A,,
3/7/23,2,1156.1,699.6,N/A,N/A,N/A,,
3/7/23,3,809.2,139.92,N/A,N/A,N/A,,
3/7/23,4,133.7,14.396,N/A,N/A,N/A,,
3/7/23,5,2536.8,277.2,N/A,N/A,N/A,,
3/7/23,6,1320.48,178.584,N/A,N/A,N/A,,
3/21/23,1,2361.6,1998,N/A,N/A,N/A,,
3/21/23,2,4832.1,2629.77,N/A,N/A,N/A,,
3/21/23,3,1987.5,2008.5,N/A,N/A,N/A,,
3/21/23,4,1260.6,563.1,N/A,N/A,N/A,,
3/21/23,5,6401.4,885.01,N/A,N/A,N/A,,
3/21/23,6,7224,828.8,N/A,N/A,N/A,,
4/4/23,1,1640.8,1563.8,N/A,N/A,N/A,,
4/4/23,2,2844.27,1926.87,N/A,N/A,N/A,,
4/4/23,3,1309,1490.5,N/A,N/A,N/A,,
4/4/23,4,1124.2,310.24,N/A,N/A,N/A,,
4/4/23,5,6620,1192,N/A,N/A,N/A,,
4/4/23,6,4332.9,864.6,N/A,N/A,N/A,,
4/18/23,1,2316,1687.6,N/A,N/A,N/A,,
4/18/23,2,3588.06,1755.18,N/A,N/A,N/A,,
4/18/23,3,1789.5,1238.55,N/A,N/A,N/A,,
4/18/23,4,1651.2,636.84,N/A,N/A,N/A,,
4/18/23,5,3448.2,269.85,N/A,N/A,N/A,,
4/18/23,6,5208.09,615.6,N/A,N/A,N/A,,
5/2/23,1,66836.11,7040.352,N/A,N/A,N/A,,
5/2/23,2,42696.61,4995.22,N/A,N/A,N/A,,
5/2/23,3,26567.54,6072.76,N/A,N/A,N/A,,
5/2/23,4,14640.74,1950.112,N/A,N/A,N/A,,
5/2/23,5,9418,816,N/A,N/A,N/A,,
5/2/23,6,84473.76,7650.974,N/A,N/A,N/A,,
5/16/23,1,5293.8,1876.29,N/A,N/A,N/A,,
5/16/23,2,4184.4,990,N/A,N/A,N/A,,
5/16/23,3,8185.8,3227.7,N/A,N/A,N/A,,
5/16/23,4,5050.5,904.41,N/A,N/A,N/A,,
5/16/23,5,5676,803.6,N/A,N/A,N/A,,
5/16/23,6,9586.2,667.758,N/A,N/A,N/A,,
5/30/23,1,9900.92,2269.49,N/A,N/A,N/A,,
5/30/23,2,10920.8,1168.64,N/A,N/A,N/A,,
5/30/23,3,5075.4,1294.2,N/A,N/A,N/A,,
5/30/23,4,5170.44,852.72,N/A,N/A,N/A,,
5/30/23,5,7900.5,594.642,N/A,N/A,N/A,,
5/30/23,6,6648.37,885.013,N/A,N/A,N/A,,
6/13/23,1,7873.68,2242.96,N/A,N/A,N/A,,
6/13/23,2,7125,994.08,N/A,N/A,N/A,,
6/13/23,3,2448.94,946.66,N/A,N/A,N/A,,
6/13/23,4,5068,1297.6,N/A,N/A,N/A,,
6/13/23,5,7995.2,1491.12,N/A,N/A,N/A,,
6/13/23,6,57722,693.154,N/A,N/A,N/A,,
6/27/23,1,1272.7,1164.9,N/A,N/A,N/A,,
6/27/23,2,10830,1443.24,N/A,N/A,N/A,,
6/27/23,3,17818,3216,N/A,N/A,N/A,,
6/27/23,4,13273.6,2064.48,N/A,N/A,N/A,,
6/27/23,5,15640.8,961.87,N/A,N/A,N/A,,
6/27/23,6,50215,1575.42,N/A,N/A,N/A,,
7/11/23,1,14059.08,3046.68,N/A,N/A,N/A,,
7/11/23,2,6943.09,863.94,N/A,N/A,N/A,,
7/11/23,3,33668.91,7271.82,N/A,N/A,N/A,,
7/11/23,4,14168.485,2914.145,N/A,N/A,N/A,,
7/11/23,5,12320,1364.8,N/A,N/A,N/A,,
7/11/23,6,11751.16,1979.444,N/A,N/A,N/A,,
7/25/23,1,2523,1106.4,N/A,N/A,N/A,,
7/25/23,2,1710.8,220.35,N/A,N/A,N/A,,
7/25/23,3,8576.37,3789.72,N/A,N/A,N/A,,
7/25/23,4,5597.1,1593.81,N/A,N/A,N/A,,
7/25/23,5,10662.8,2166.76,N/A,N/A,N/A,,
7/25/23,6,8511.3,1412.46,N/A,N/A,N/A,,
8/8/23,1,11741.4,3186.48,N/A,N/A,N/A,,
8/8/23,2,12200.7,635.529,N/A,N/A,N/A,,
8/8/23,3,30576.2,4816.2,N/A,N/A,N/A,,
8/8/23,4,19410.369,2158.5993,N/A,N/A,N/A,,
8/8/23,5,34944,2825.2,N/A,N/A,N/A,,
8/8/23,6,13170.115,2396.7725,N/A,N/A,N/A,,
8/22/23,1,8921.64,1393.21,N/A,N/A,N/A,,
8/22/23,2,8058.4,484.624,N/A,N/A,N/A,,
8/22/23,3,18374.96,2817.84,N/A,N/A,N/A,,
8/22/23,4,11452.525,2829.75,N/A,N/A,N/A,,
8/22/23,5,27250.86,2068.599,N/A,N/A,N/A,,
8/22/23,6,9075.402,1515.9494,N/A,N/A,N/A,,
9/6/23,1,4006.6,698.62,N/A,N/A,N/A,,
9/6/23,2,1800,129.06,N/A,N/A,N/A,,
9/6/23,3,13514.32,4724.16,N/A,N/A,N/A,,
9/6/23,4,5945,1579.32,N/A,N/A,N/A,,
9/6/23,5,7606.5,434.61,N/A,N/A,N/A,,
9/6/23,6,5499.78,762.96,N/A,N/A,N/A,,
9/19/23,1,3737.8,683.76,N/A,N/A,N/A,,
9/19/23,2,2316.1,317.775,N/A,N/A,N/A,,
9/19/23,3,12109.76,3317.72,N/A,N/A,N/A,,
9/19/23,4,11818.8,4311.02,N/A,N/A,N/A,,
9/19/23,5,10250.2,629.11,N/A,N/A,N/A,,
9/19/23,6,5854.42,893.75,N/A,N/A,N/A,,
10/3/23,1,15542.48,1862.08,N/A,N/A,N/A,,
10/3/23,2,8873.45,756.535,N/A,N/A,N/A,,
10/3/23,3,12967.5,2255.4,N/A,N/A,N/A,,
10/3/23,4,27999.4,3910.72,N/A,N/A,N/A,,
10/3/23,5,22353.2,1028.108,N/A,N/A,N/A,,
10/3/23,6,9905.07,2148.27,N/A,N/A,N/A,,
10/17/23,1,1541,179.4,N/A,N/A,N/A,,
10/17/23,2,895.5,73.29,N/A,N/A,N/A,,
10/17/23,3,1209.65,394.42,N/A,N/A,N/A,,
10/17/23,4,4162.5,241.2,N/A,N/A,N/A,,
10/17/23,5,4931.7,196.69,N/A,N/A,N/A,,
10/17/23,6,1052.35,188.89,N/A,N/A,N/A,,
11/1/23,1,93513.09,10684.908,N/A,N/A,N/A,,
11/1/23,2,18756.8,1420.744,N/A,N/A,N/A,,
11/1/23,3,65601.19,7669.601,N/A,N/A,N/A,,
11/1/23,4,143936.72,10026.58,N/A,N/A,N/A,,
11/1/23,5,34620.66,2513.942,N/A,N/A,N/A,,
11/1/23,6,11304,2653.056,N/A,N/A,N/A,,
11/14/23,1,9310.74,1418.448,N/A,N/A,N/A,,
11/14/23,2,5138.2,501.4,N/A,N/A,N/A,,
11/14/23,3,14658,1177.2,N/A,N/A,N/A,,
11/14/23,4,18134.4,2149.12,N/A,N/A,N/A,,
11/14/23,5,9209.2,686.412,N/A,N/A,N/A,,
11/14/23,6,4866.88,1429.78,N/A,N/A,N/A,,
11/28/23,1,5484,1006,N/A,N/A,N/A,,
11/28/23,2,1623.6,151.56,N/A,N/A,N/A,,
11/28/23,3,9496.02,693.668,N/A,N/A,N/A,,
11/28/23,4,20474.84,1967.202,N/A,N/A,N/A,,
11/28/23,5,9183.2,605.28,N/A,N/A,N/A,,
11/28/23,6,4803.99,1352.48,N/A,N/A,N/A,,
12/12/23,1,3297.8,797.28,N/A,N/A,N/A,,
12/12/23,2,2382,316.05,N/A,N/A,N/A,,
12/12/23,3,11010,1203,N/A,N/A,N/A,,
12/12/23,4,24802.86,2124.524,N/A,N/A,N/A,,
12/12/23,5,8400.6,478.374,N/A,N/A,N/A,,
12/12/23,6,5158,1286,N/A,N/A,N/A,,
12/27/23,1,8283.13,2141.85,N/A,N/A,N/A,,
12/27/23,2,6094.7,2240.23,N/A,N/A,N/A,,
12/27/23,3,0,0,N/A,N/A,N/A,,
12/27/23,4,15480,3906,N/A,N/A,N/A,,
12/27/23,5,13612,2356.68,N/A,N/A,N/A,,
12/27/23,6,7399.68,1988.1,N/A,N/A,N/A,,
1/10/24,1,343.2,208.142,N/A,N/A,N/A,,
1/10/24,2,653.1,331.758,N/A,N/A,N/A,,
1/10/24,3,1814.88,207.48,N/A,N/A,N/A,,
1/10/24,4,2543.74,1049.534,N/A,N/A,N/A,,
1/10/24,5,5099,421.6,N/A,N/A,N/A,,
1/10/24,6,2415,321.79,N/A,N/A,N/A,,
1/23/24,1,1971.25,590.625,N/A,N/A,N/A,,
1/23/24,2,566,272.35,N/A,N/A,N/A,,
1/23/24,3,5059,195.9,N/A,N/A,N/A,,
1/23/24,4,4640.7,955.73,N/A,N/A,N/A,,
1/23/24,5,2793.6,203.76,N/A,N/A,N/A,,
1/23/24,6,4123.38,955.32,N/A,N/A,N/A,,
2/6/24,1,8597.76,2386.56,N/A,N/A,N/A,,
2/6/24,2,11485.5,2158.4,N/A,N/A,N/A,,
2/6/24,3,27310.5,578.907,N/A,N/A,N/A,,
2/6/24,4,13908.84,2489.816,N/A,N/A,N/A,,
2/6/24,5,13919.3,1599.03,N/A,N/A,N/A,,
2/6/24,6,14401.9,1735.19,N/A,N/A,N/A,,
2/20/24,1,1367.99,601.12,N/A,N/A,N/A,,
2/20/24,2,3693.8,620.77,N/A,N/A,N/A,,
2/20/24,3,13459.6,674.96,N/A,N/A,N/A,,
2/20/24,4,4911.5,693.5,N/A,N/A,N/A,,
2/20/24,5,3300.57,588.12,N/A,N/A,N/A,,
2/20/24,6,4316.3,749.785,N/A,N/A,N/A,,
3/5/24,1,3261.96,1096.2,N/A,N/A,N/A,,
3/5/24,2,3538.44,1572.48,N/A,N/A,N/A,,
3/5/24,3,22593.9,1799.88,N/A,N/A,N/A,,
3/5/24,4,10872.4,2029.72,N/A,N/A,N/A,,
3/5/24,5,6566,1210.3,N/A,N/A,N/A,,
3/5/24,6,13185.24,2256.288,N/A,N/A,N/A,,
3/19/24,1,4365.6,1009.438,N/A,N/A,N/A,,
3/19/24,2,8508.85,1860.7,N/A,N/A,N/A,,
3/19/24,3,15895,876.35,N/A,N/A,N/A,,
3/19/24,4,8711.93,1482.237,N/A,N/A,N/A,,
3/19/24,5,6120,753.44,N/A,N/A,N/A,,
3/19/24,6,9213.2,1393.512,N/A,N/A,N/A,,
4/2/24,1,2007.2,1108.25,N/A,N/A,N/A,,
4/2/24,2,880,227.84,N/A,N/A,N/A,,
4/2/24,3,945.5,406.4,N/A,N/A,N/A,,
4/2/24,4,1214.64,520.92,N/A,N/A,N/A,,
4/2/24,5,473.48,150.864,N/A,N/A,N/A,,
4/2/24,6,2822.4,474.39,N/A,N/A,N/A,,
4/16/24,1,7295.04,2547.96,N/A,N/A,N/A,,
4/16/24,2,7326.1,1390.19,N/A,N/A,N/A,,
4/16/24,3,6473.6,980,N/A,N/A,N/A,,
4/16/24,4,17122.56,1916.16,N/A,N/A,N/A,,
4/16/24,5,5737.2,738.78,N/A,N/A,N/A,,
4/16/24,6,9638.48,902.447,N/A,N/A,N/A,,
4/30/24,1,12653.76,1428.84,N/A,N/A,N/A,,
4/30/24,2,6464.48,790.416,N/A,N/A,N/A,,
4/30/24,3,3356.08,625.56,N/A,N/A,N/A,,
4/30/24,4,13015.2,1818.08,N/A,N/A,N/A,,
4/30/24,5,6356.38,753.652,N/A,N/A,N/A,,
4/30/24,6,9599.5,717.727,N/A,N/A,N/A,,
5/14/24,1,72555.1,7416.8,N/A,N/A,N/A,,
5/14/24,2,13420.5,1749,N/A,N/A,N/A,,
5/14/24,3,4846.23,603.855,N/A,N/A,N/A,,
5/14/24,4,15706.4,1782.224,N/A,N/A,N/A,,
5/14/24,5,2606.8,342.72,N/A,N/A,N/A,,
5/14/24,6,9034.78,1029.716,N/A,N/A,N/A,,
5/31/24,1,14624.4,6126.4,N/A,N/A,N/A,,
5/31/24,2,6967.16,1711.2,N/A,N/A,N/A,,
5/31/24,3,2974.06,765.16,N/A,N/A,N/A,,
5/31/24,4,7105.3,1895.84,N/A,N/A,N/A,,
5/31/24,5,3707.04,449.28,N/A,N/A,N/A,,
5/31/24,6,6303.44,1108.8,N/A,N/A,N/A,,
6/11/24,1,54726.84,4419.324,N/A,N/A,N/A,,
6/11/24,2,55718.52,4504.456,N/A,N/A,N/A,,
6/11/24,3,7809.52,2076.46,N/A,N/A,N/A,,
6/11/24,4,17292.42,1474.98,N/A,N/A,N/A,,
6/11/24,5,7029.9,462.51,N/A,N/A,N/A,,
6/11/24,6,7644.84,854.088,N/A,N/A,N/A,,
25JUN24,1,5959.35,757.68,N/A,N/A,N/A,,
25JUN24,2,9657.52,1335.9,N/A,N/A,N/A,,
25JUN24,3,6744.4,1277.64,N/A,N/A,N/A,,
25JUN24,4,13173.7,1828.25,N/A,N/A,N/A,,
25JUN24,5,4621.5,353.028,N/A,N/A,N/A,,
25JUN24,6,121.8,49.125,N/A,N/A,N/A,,
9JUL24,1,#VALUE!,#VALUE!,N/A,N/A,N/A,,
9JUL24,2,8515.22,1334.76,N/A,N/A,N/A,,
9JUL24,3,2434.5,235.65,N/A,N/A,N/A,,
9JUL24,4,3088.8,588.48,N/A,N/A,N/A,,
9JUL24,5,641.5,125.4,N/A,N/A,N/A,,
9JUL24,6,#VALUE!,#VALUE!,N/A,N/A,N/A,,
23JUL24,1,3394.56,533,N/A,N/A,N/A,,
23JUL24,2,13793,1553.5,N/A,N/A,N/A,,
23JUL24,3,5930.6,474.76,N/A,N/A,N/A,,
23JUL24,4,8512,920.32,N/A,N/A,N/A,,
23JUL24,5,12159,403.13,N/A,N/A,N/A,,
23JUL24,6,136.515,21.78,N/A,N/A,N/A,,
6AUG24,1,1978.24,382.36,N/A,N/A,N/A,,
6AUG24,2,4720.8,855.12,N/A,N/A,N/A,,
6AUG24,3,2748,407.4,N/A,N/A,N/A,,
6AUG24,4,7728,1014.76,N/A,N/A,N/A,,
6AUG24,5,4521,274.14,N/A,N/A,N/A,,
6AUG24,6,#VALUE!,#VALUE!,N/A,N/A,N/A,,
20AUG24,1,37877.76,3772.416,N/A,N/A,N/A,,
20AUG24,2,46689.36,3508.558,N/A,N/A,N/A,,
20AUG24,3,15676.16,1429.976,N/A,N/A,N/A,,
20AUG24,4,25739.56,2844.12,N/A,N/A,N/A,,
20AUG24,5,10584,767.34,N/A,N/A,N/A,,
20AUG24,6,1628.8,132.4,N/A,N/A,N/A,,
3SEPT24,1,5588.3,769.014,N/A,N/A,N/A,,
3SEPT24,2,8103,712.916,N/A,N/A,N/A,,
3SEPT24,3,6460.8,898.08,N/A,N/A,N/A,,
3SEPT24,4,20417,1472.2,N/A,N/A,N/A,,
3SEPT24,5,5584,2561.2,N/A,N/A,N/A,,
3SEPT24,6,#VALUE!,#VALUE!,N/A,N/A,N/A,,
17SEPT24,1,20187.2,2557.81,N/A,N/A,N/A,,
17SEPT24,2,67807.68,5649.536,N/A,N/A,N/A,,
17SEPT24,3,17586.8,2192.96,N/A,N/A,N/A,,
17SEPT24,4,21172.8,1770.12,N/A,N/A,N/A,,
17SEPT24,5,10608,1212.8,N/A,N/A,N/A,,
17SEPT24,6,235.15,28.85,N/A,N/A,N/A,,