Date,Plot,Volume,NPOC,NPOC dilution,NPOC ug,TN,TN dilution,TN ug,
,,mL,ug/mL,ug/mL,ug,ug/mL,ug/mL,ug,
30-Jan-18,1,655,4.111,8.222,5385.41,0.6139,1.2278,804.209,
30-Jan-18,2,1390,2.171,4.342,6035.38,0.4252,0.8504,1182.056,
30-Jan-18,3,4330,4.839,9.678,41905.74,0.2846,0.5692,2464.636,
30-Jan-18,4,690,11.04,22.08,15235.2,1.107,2.214,1527.66,
30-Jan-18,5,865,25.61,51.22,44305.3,0.3001,0.6002,519.173,
30-Jan-18,6,N/A,N/A,N/A,N/A,N/A,N/A,N/A,
13-Feb-18,1,240,3.514,7.028,1686.72,0.3649,0.7298,175.152,
13-Feb-18,2,370,2.829,5.658,2093.46,0.6294,1.2588,465.756,
13-Feb-18,3,310,5.611,11.222,3478.82,0.3847,0.7694,238.514,
13-Feb-18,4,150,9.515,19.03,2854.5,1.059,2.118,317.7,
13-Feb-18,5,300,4.486,8.972,2691.6,0.3165,0.633,189.9,
13-Feb-18,6,320,4.096,8.192,2621.44,0.8102,1.6204,518.528,
27-Feb-18,1,4300,4.879,9.758,41959.4,0.3342,0.6684,2874.12,
27-Feb-18,2,1150,2.988,5.976,6872.4,0.3341,0.6682,768.43,
27-Feb-18,3,7750,4.307,8.614,66758.5,0.3344,0.6688,5183.2,
27-Feb-18,4,330,8.708,17.416,5747.28,0.707,1.414,466.62,
27-Feb-18,5,320,4.683,9.366,2997.12,0.3507,0.7014,224.448,
27-Feb-18,6,770,3.227,6.454,4969.58,0.5061,1.0122,779.394,
13-Mar-18,1,140,5.964,11.928,1669.92,0.4896,0.9792,137.088,
13-Mar-18,2,230,3.003,6.006,1381.38,0.4597,0.9194,211.462,
13-Mar-18,3,360,5.723,11.446,4120.56,0.4708,0.9416,338.976,
13-Mar-18,4,50,12.41,24.82,1241,1.071,2.142,107.1,
13-Mar-18,5,60,5.518,11.036,662.16,0.4023,0.8046,48.276,
13-Mar-18,6,220,4.62,9.24,2032.8,1.037,2.074,456.28,
27-Mar-18,1,240,4.774,9.548,2291.52,2.013,4.026,966.24,
27-Mar-18,2,1425,3.595,7.19,10245.75,0.5242,1.0484,1493.97,
27-Mar-18,3,450,3.327,6.654,2994.3,0.7642,1.5284,687.78,
27-Mar-18,4,905,5.447,10.894,9859.07,1.013,2.026,1833.53,
27-Mar-18,5,1500,4.309,8.618,12927,0.5489,1.0978,1646.7,
27-Mar-18,6,1330,4.962,9.924,13198.92,1.077,2.154,2864.82,
10-Apr-18,1,30,7.743,15.486,464.58,1.719,3.438,103.14,
10-Apr-18,2,490,3.336,6.672,3269.28,0.5142,1.0284,503.916,
10-Apr-18,3,240,3.07,6.14,1473.6,0.6946,1.3892,333.408,
10-Apr-18,4,150,8.043,16.086,2412.9,1.418,2.836,425.4,
10-Apr-18,5,370,4.244,8.488,3140.56,0.299,0.598,221.26,
10-Apr-18,6,340,4.898,9.796,3330.64,1.353,2.706,920.04,
24-Apr-18,1,1530,2.565,5.13,7848.9,0.3701,0.7402,1132.506,
24-Apr-18,2,2580,2.427,4.854,12523.32,0.3626,0.7252,1871.016,
24-Apr-18,3,N/A,N/A,N/A,N/A,N/A,N/A,N/A,
24-Apr-18,4,3240,4.782,9.564,30987.36,0.3632,0.7264,2353.536,
24-Apr-18,5,2000,1.986,3.972,7944,0.1292,0.2584,516.8,
24-Apr-18,6,2650,2.329,4.658,12343.7,0.3762,0.7524,1993.86,
8-May-18,1,2790,2.866,5.732,15992.28,0.237,0.474,1322.46,
8-May-18,2,N/A,N/A,N/A,N/A,N/A,N/A,N/A,
8-May-18,3,6760,2.801,5.602,37869.52,0.2697,0.5394,3646.344,
8-May-18,4,285,6.494,12.988,3701.58,0.4452,0.8904,253.764,
8-May-18,5,1800,2.42,4.84,8712,0.1596,0.3192,574.56,
8-May-18,6,4680,1.54,3.08,14414.4,0.2184,0.4368,2044.224,
22-May-18,1,240,2.621,5.242,1258.08,0.3516,0.7032,168.768,
22-May-18,2,N/A,N/A,N/A,N/A,N/A,N/A,N/A,
22-May-18,3,65,9.817,19.634,1276.21,1.664,3.328,216.32,
22-May-18,4,320,6.262,12.524,4007.68,0.419,0.838,268.16,
22-May-18,5,1040,3.817,7.634,7939.36,0.2696,0.5392,560.768,
22-May-18,6,1220,3.396,6.792,8286.24,1.02,2.04,2488.8,
5-Jun-18,1,65,2.899,5.798,376.87,0.626,1.252,81.38,
5-Jun-18,2,650,2.461,4.922,3199.3,0.3525,0.705,458.25,
5-Jun-18,3,440,5.453,10.906,4798.64,0.886,1.772,779.68,
5-Jun-18,4,250,5.812,11.624,2906,0.5002,1.0004,250.1,
5-Jun-18,5,1260,2.818,5.636,7101.36,0.213,0.426,536.76,
5-Jun-18,6,1450,2.644,5.288,7667.6,0.5872,1.1744,1702.88,
19-Jun-18,1,210,2.296,4.592,964.32,0.2517,0.5034,105.714,
19-Jun-18,2,1080,3.162,6.324,6829.92,0.3958,0.7916,854.928,
19-Jun-18,3,300,5.518,11.036,3310.8,0.6031,1.2062,361.86,
19-Jun-18,4,1150,5.695,11.39,13098.5,0.3134,0.6268,720.82,
19-Jun-18,5,1150,3.613,7.226,8309.9,0.2077,0.4154,477.71,
19-Jun-18,6,1575,3.695,7.39,11639.25,0.7255,1.451,2285.325,
4-Jul-18,1,8340,2.927,5.854,48822.36,0.2226,0.4452,3712.968,
4-Jul-18,2,2080,1.523,3.046,6335.68,0.1931,0.3862,803.296,
4-Jul-18,3,510,3.336,6.672,3402.72,0.2499,0.4998,254.898,
4-Jul-18,4,2430,2.825,5.65,13729.5,0.2228,0.4456,1082.808,
4-Jul-18,5,1860,1.711,3.422,6364.92,0.08798,0.17596,327.2856,
4-Jul-18,6,3950,1.18,2.36,9322,0.1694,0.3388,1338.26,
17-Jul-18,1,4360,1.527,3.054,13315.44,0.1511,0.3022,1317.592,
17-Jul-18,2,2080,1.909,3.818,7941.44,0.1838,0.3676,764.608,
17-Jul-18,3,1120,2.978,5.956,6670.72,0.2881,0.5762,645.344,
17-Jul-18,4,3300,3.381,6.762,22314.6,0.275,0.55,1815,
17-Jul-18,5,1240,4.291,8.582,10641.68,0.233,0.466,577.84,
17-Jul-18,6,3240,3.027,6.054,19614.96,0.359,0.718,2326.32,
31-Jul-18,1,60,2.754,5.508,330.48,0.9188,1.8376,110.256,
31-Jul-18,2,1030,3.596,7.192,7407.76,0.3321,0.6642,684.126,
31-Jul-18,3,340,25.71,51.42,17482.8,1.321,2.642,898.28,
31-Jul-18,4,890,9.138,18.276,16265.64,0.664,1.328,1181.92,
31-Jul-18,5,420,10.56,21.12,8870.4,0.5453,1.0906,458.052,
31-Jul-18,6,1320,10.68,21.36,28195.2,0.2273,0.4546,600.072,
14-Aug-18,1,270,3.446,6.892,1860.84,0.184,0.368,99.36,
14-Aug-18,2,1050,5.041,10.082,10586.1,0.3357,0.6714,704.97,
14-Aug-18,3,1150,22.89,45.78,52647,1.428,2.856,3284.4,
14-Aug-18,4,380,7.698,15.396,5850.48,0.4577,0.9154,347.852,
14-Aug-18,5,440,13.76,27.52,12108.8,0.6961,1.3922,612.568,
14-Aug-18,6,2680,39.68,79.36,212684.8,0.229,0.458,1227.44,
28-Aug-18,1,1090,3.008,6.016,6557.44,0.3129,0.6258,682.122,
28-Aug-18,2,2560,2.775,5.55,14208,0.1819,0.3638,931.328,
28-Aug-18,3,270,14.31,28.62,7727.4,1.368,2.736,738.72,
28-Aug-18,4,2020,7.948,15.896,32109.92,0.4829,0.9658,1950.916,
28-Aug-18,5,1030,11.65,23.3,23999,0.6386,1.2772,1315.516,
28-Aug-18,6,3940,45.14,90.28,355703.2,0.3943,0.7886,3107.084,
11-Sep-18,1,1050,2.606,5.212,5472.6,0.3854,0.7708,809.34,
11-Sep-18,2,770,2.361,4.722,3635.94,0.5399,1.0798,831.446,
11-Sep-18,3,90,15.03,30.06,2705.4,1.653,3.306,297.54,
11-Sep-18,4,1650,5.958,11.916,19661.4,0.4629,0.9258,1527.57,
11-Sep-18,5,510,11.64,23.28,11872.8,0.6862,1.3724,699.924,
11-Sep-18,6,2550,26.71,53.42,136221,0.2035,0.407,1037.85,
25-Sep-18,1,530,3.972,7.944,4210.32,0.9285,1.857,984.21,
25-Sep-18,2,2020,2.865,5.73,11574.6,0.3387,0.6774,1368.348,
25-Sep-18,3,200,13.33,26.66,5332,1.434,2.868,573.6,
25-Sep-18,4,1150,9.136,18.272,21012.8,0.832,1.664,1913.6,
25-Sep-18,5,450,9.698,19.396,8728.2,0.8936,1.7872,804.24,
25-Sep-18,6,1920,20.22,40.44,77644.8,0.2556,0.5112,981.504,
10-Oct-18,1,6740,2.871,5.742,38701.08,0.3788,0.7576,5106.224,
10-Oct-18,2,370,2.983,5.966,2207.42,2.963,5.926,2192.62,
10-Oct-18,3,1340,6.487,12.974,17385.16,0.7393,1.4786,1981.324,
10-Oct-18,4,3170,7.597,15.194,48164.98,0.7888,1.5776,5000.992,
10-Oct-18,5,2100,13.61,27.22,57162,0.8822,1.7644,3705.24,
10-Oct-18,6,4680,2.774,5.548,25964.64,0.1709,0.3418,1599.624,
23-Oct-18,1,1580,3.33,6.66,10522.8,0.4235,0.847,1338.26,
23-Oct-18,2,7900,4.063,8.126,64195.4,0.5875,1.175,9282.5,
23-Oct-18,3,1220,4.782,9.564,11668.08,0.4818,0.9636,1175.592,
23-Oct-18,4,1520,8.572,17.144,26058.88,0.7715,1.543,2345.36,
23-Oct-18,5,3720,9.112,18.224,67793.28,0.6837,1.3674,5086.728,
23-Oct-18,6,2170,3.28,6.56,14235.2,0.2297,0.4594,996.898,
7-Nov-18,1,8050,3.5,7,56350,0.2926,0.5852,4710.86,
7-Nov-18,2,3100,2.851,5.702,17676.2,0.3614,0.7228,2240.68,
7-Nov-18,3,6630,2.436,4.872,32301.36,0.2341,0.4682,3104.166,
7-Nov-18,4,3740,6.717,13.434,50243.16,0.5292,1.0584,3958.416,
7-Nov-18,5,2510,9.608,19.216,48232.16,0.6865,1.373,3446.23,
7-Nov-18,6,1730,3.265,6.53,11296.9,0.3422,0.6844,1184.012,
20-Nov-18,1,500,3.595,7.19,3595,0.6231,1.2462,623.1,
20-Nov-18,2,2680,2.243,4.486,12022.48,0.3293,0.6586,1765.048,
20-Nov-18,3,2650,2.834,5.668,15020.2,0.3395,0.679,1799.35,
20-Nov-18,4,1520,9.221,18.442,28031.84,1.034,2.068,3143.36,
20-Nov-18,5,1570,12.35,24.7,38779,1.127,2.254,3538.78,
20-Nov-18,6,2240,2.374,4.748,10635.52,0.2769,0.5538,1240.512,
4-Dec-18,1,xx,N/A,N/A,N/A,N/A,N/A,N/A,
4-Dec-18,2,220,5.35,10.7,2354,1.068,2.136,469.92,
4-Dec-18,3,110,11.49,22.98,2527.8,1.323,2.646,291.06,
4-Dec-18,4,40,11.45,22.9,916,2.116,4.232,169.28,
4-Dec-18,5,160,13.72,27.44,4390.4,3.053,6.106,976.96,
4-Dec-18,6,170,5.35,10.7,1819,1.835,3.67,623.9,
18-Dec-18,1,,5.774,11.548,0,4.809,9.618,xx,
18-Dec-18,2,510,9.15,18.3,9333,1.037,2.074,1057.74,
18-Dec-18,3,50,8.069,16.138,806.9,1.208,2.416,120.8,
18-Dec-18,4,5,18.2,36.4,182,3.41,6.82,34.1,
18-Dec-18,5,445,17.85,35.7,15886.5,1.356,2.712,1206.84,
18-Dec-18,6,570,5.512,11.024,6283.68,0.9233,1.8466,1052.562,
3-Jan-19,1,40,4.681,9.362,374.48,0.9891,1.9782,79.128,
3-Jan-19,2,1080,4.003,8.006,8646.48,0.622,1.244,1343.52,
3-Jan-19,3,260,3.754,7.508,1952.08,0.5282,1.0564,274.664,
3-Jan-19,4,90,38.52,77.04,6933.6,10.8,21.6,1944,
3-Jan-19,5,600,28.36,56.72,34032,1.946,3.892,2335.2,
3-Jan-19,6,1140,3.896,7.792,8882.88,0.8742,1.7484,1993.176,
15-Jan-19,1,xx,N/A,N/A,N/A,N/A,N/A,N/A,
15-Jan-19,2,55,8.351,16.702,918.61,1.297,2.594,142.67,
15-Jan-19,3,70,46.68,93.36,6535.2,5.107,10.214,714.98,
15-Jan-19,4,xx,N/A,N/A,N/A,N/A,N/A,N/A,
15-Jan-19,5,140,27.04,54.08,7571.2,2.312,4.624,647.36,
15-Jan-19,6,240,38.67,77.34,18561.6,8.59,17.18,4123.2,
29-Jan-19,1,450,4.891,9.782,4401.9,0.6665,1.333,599.85,
29-Jan-19,2,1440,3.516,7.032,10126.08,0.7189,1.4378,2070.432,
29-Jan-19,3,2140,3.307,6.614,14153.96,0.5166,1.0332,2211.048,
29-Jan-19,4,100,32.73,65.46,6546,5.809,11.618,1161.8,
29-Jan-19,5,1720,10.68,21.36,36739.2,1.017,2.034,3498.48,
29-Jan-19,6,940,5.021,10.042,9439.48,1.838,3.676,3455.44,
13-Feb-19,1,50,4.987,9.974,498.7,0.662,1.324,66.2,
13-Feb-19,2,680,6.244,12.488,8491.84,1.092,2.184,1485.12,
13-Feb-19,3,300,5.35,10.7,3210,1.037,2.074,622.2,
13-Feb-19,4,xx,N/A,N/A,N/A,N/A,N/A,N/A,
13-Feb-19,5,570,12.09,24.18,13782.6,1.052,2.104,1199.28,
13-Feb-19,6,260,7.171,14.342,3728.92,2.183,4.366,1135.16,
26-Feb-19,1,xx,N/A,N/A,N/A,N/A,N/A,N/A,
26-Feb-19,2,100,7.078,14.156,1415.6,1.107,2.214,221.4,
26-Feb-19,3,40,9.653,19.306,772.24,3.814,7.628,305.12,
26-Feb-19,4,14,23.83,47.66,667.24,3.462,6.924,96.936,
26-Feb-19,5,75,17.04,34.08,2556,1.705,3.41,255.75,
26-Feb-19,6,110,8.674,17.348,1908.28,3.173,6.346,698.06,
14-Mar-19,1,50,4.934,9.868,493.4,0.5667,1.1334,56.67,
14-Mar-19,2,320,7.826,15.652,5008.64,1.155,2.31,739.2,
14-Mar-19,3,350,7.743,15.486,5420.1,2.609,5.218,1826.3,
14-Mar-19,4,105,18.01,36.02,3782.1,4.859,9.718,1020.39,
14-Mar-19,5,840,11.99,23.98,20143.2,1.19,2.38,1999.2,
14-Mar-19,6,210,9.464,18.928,3974.88,1.221,2.442,512.82,
26-Mar-19,1,152,4.459,8.918,1355.536,0.4458,0.8916,135.5232,
26-Mar-19,2,490,5.078,10.156,4976.44,0.7545,1.509,739.41,
26-Mar-19,3,725,5.4,10.8,7830,0.6994,1.3988,1014.13,
26-Mar-19,4,100,27.83,55.66,5566,2.453,4.906,490.6,
26-Mar-19,5,568,12.8,25.6,14540.8,1.127,2.254,1280.272,
26-Mar-19,6,215,7.134,14.268,3067.62,0.7853,1.5706,337.679,
9-Apr-19,1,75,5.029,10.058,754.35,1.156,2.312,173.4,
9-Apr-19,2,246,4.618,9.236,2272.056,1.497,2.994,736.524,
9-Apr-19,3,296,5.461,10.922,3232.912,0.9064,1.8128,536.5888,
9-Apr-19,4,167,11.69,23.38,3904.46,1.714,3.428,572.476,
9-Apr-19,5,218,8.949,17.898,3901.764,1.272,2.544,554.592,
9-Apr-19,6,50,7.534,15.068,753.4,1.04,2.08,104,
24-Apr-19,1,230,4.178,8.356,1921.88,1.627,3.254,748.42,
24-Apr-19,2,180,7.027,14.054,2529.72,1.727,3.454,621.72,
24-Apr-19,3,320,9.122,18.244,5838.08,1.004,2.008,642.56,
24-Apr-19,4,280,18.65,37.3,10444,1.909,3.818,1069.04,
24-Apr-19,5,1030,11.13,22.26,22927.8,0.932,1.864,1919.92,
24-Apr-19,6,200,12.02,24.04,4808,0.6215,1.243,248.6,
7-May-19,1,220,2.173,4.346,956.12,0.8625,1.725,379.5,
7-May-19,2,240,6.465,12.93,3103.2,1.384,2.768,664.32,
7-May-19,3,660,5.753,11.506,7593.96,0.8324,1.6648,1098.768,
7-May-19,4,910,20.94,41.88,38110.8,2.048,4.096,3727.36,
7-May-19,5,2140,5.267,10.534,22542.76,0.6531,1.3062,2795.268,
7-May-19,6,860,8.158,16.316,14031.76,0.6313,1.2626,1085.836,
21-May-19,1,460,1.471,2.942,1353.32,0.2247,0.4494,206.724,
21-May-19,2,760,3.799,7.598,5774.48,0.705,1.41,1071.6,
21-May-19,3,600,6.822,13.644,8186.4,0.584,1.168,700.8,
21-May-19,4,1000,16.24,32.48,32480,1.568,3.136,3136,
21-May-19,5,1340,5.664,11.328,15179.52,0.5842,1.1684,1565.656,
21-May-19,6,2430,10.04,20.08,48794.4,0.1577,0.3154,766.422,
3-Jun-19,1,110,1.379,2.758,303.38,0.1865,0.373,41.03,
3-Jun-19,2,150,8.045,16.09,2413.5,1.752,3.504,525.6,
3-Jun-19,3,580,6.678,13.356,7746.48,0.5994,1.1988,695.304,
3-Jun-19,4,730,17.25,34.5,25185,1.85,3.7,2701,
3-Jun-19,5,3370,2.605,5.21,17557.7,0.2507,0.5014,1689.718,
3-Jun-19,6,1410,4.322,8.644,12188.04,0.3115,0.623,878.43,
19-Jun-19,1,120,2.914,5.828,699.36,0.3456,0.6912,82.944,
19-Jun-19,2,120,6.913,13.826,1659.12,1.607,3.214,385.68,
19-Jun-19,3,70,17.88,35.76,2503.2,2.553,5.106,357.42,
19-Jun-19,4,90,22.13,44.26,3983.4,3.158,6.316,568.44,
19-Jun-19,5,1000,10.11,20.22,20220,0.8365,1.673,1673,
19-Jun-19,6,270,12.68,25.36,6847.2,0.7434,1.4868,401.436,
2-Jul-19,1,15,4.277,8.554,128.31,0.5851,1.1702,17.553,
2-Jul-19,2,23,6.09,12.18,280.14,2.729,5.458,125.534,
2-Jul-19,3,30,8.994,17.988,539.64,2.094,4.188,125.64,
2-Jul-19,4,19,20.11,40.22,764.18,3.31,6.62,125.78,
2-Jul-19,5,40,7.116,14.232,569.28,2.612,5.224,208.96,
2-Jul-19,6,70,197,394,27580,0.6178,1.2356,86.492,
17-Jul-19,1,149,5.542,11.084,1651.516,0.7898,1.5796,235.3604,
17-Jul-19,2,370,4.388,8.776,3247.12,2.247,4.494,1662.78,
17-Jul-19,3,410,11.17,22.34,9159.4,1.744,3.488,1430.08,
17-Jul-19,4,650,14.92,29.84,19396,4.496,8.992,5844.8,
17-Jul-19,5,1050,13.65,27.3,28665,0.9209,1.8418,1933.89,
17-Jul-19,6,1210,7.505,15.01,18162.1,0.585,1.17,1415.7,
31-Jul-19,1,100,4.94,9.88,988,0.6247,1.2494,124.94,
31-Jul-19,2,570,4.352,8.704,4961.28,0.5462,1.0924,622.668,
31-Jul-19,3,600,12.04,24.08,14448,1.579,3.158,1894.8,
31-Jul-19,4,280,14.2,28.4,7952,1.554,3.108,870.24,
31-Jul-19,5,1820,8.824,17.648,32119.36,0.5658,1.1316,2059.512,
31-Jul-19,6,1370,4.279,8.558,11724.46,0.3645,0.729,998.73,
13-Aug-19,1,1670,2.038,4.076,6806.92,0.1914,0.3828,639.276,
13-Aug-19,3,280,8.039,16.078,4501.84,1.054,2.108,590.24,
13-Aug-19,4,290,11.45,22.9,6641,1.336,2.672,774.88,
13-Aug-19,5,1500,8.957,17.914,26871,1.21,2.42,3630,
13-Aug-19,6,1120,4.096,8.192,9175.04,0.3775,0.755,845.6,
27-Aug-19,1,240,4.607,9.214,2211.36,0.3994,0.7988,191.712,
27-Aug-19,2,570,5.342,10.684,6089.88,0.6749,1.3498,769.386,
27-Aug-19,3,500,12.37,24.74,12370,1.768,3.536,1768,
27-Aug-19,4,590,14.49,28.98,17098.2,1.459,2.918,1721.62,
27-Aug-19,5,1530,10.54,21.08,32252.4,0.7015,1.403,2146.59,
27-Aug-19,6,210,8.12,16.24,3410.4,1.014,2.028,425.88,
10-Sep-19,1,2960,4.155,8.31,24597.6,0.32,0.64,1894.4,
10-Sep-19,2,2780,3.283,6.566,18253.48,0.2983,0.5966,1658.548,
10-Sep-19,3,7850,6.019,12.038,94498.3,0.5926,1.1852,9303.82,
10-Sep-19,4,3110,7.518,15.036,46761.96,0.7459,1.4918,4639.498,
10-Sep-19,5,3210,4.822,9.644,30957.24,0.4191,0.8382,2690.622,
10-Sep-19,6,3070,3.173,6.346,19482.22,0.3501,0.7002,2149.614,
26-Sep-19,1,1660,1.932,3.864,6414.24,0.2626,0.5252,871.832,
26-Sep-19,2,1340,4.186,8.372,11218.48,0.5399,1.0798,1446.932,
26-Sep-19,3,640,5.867,11.734,7509.76,1.108,2.216,1418.24,
26-Sep-19,4,760,11.61,23.22,17647.2,1.294,2.588,1966.88,
26-Sep-19,5,4220,6.41,12.82,54100.4,0.5573,1.1146,4703.612,
26-Sep-19,6,1420,5.013,10.026,14236.92,0.5565,1.113,1580.46,
8-Oct-19,1,160,4.054,8.108,1297.28,0.6954,1.3908,222.528,
8-Oct-19,2,370,4.893,9.786,3620.82,0.6783,1.3566,501.942,
8-Oct-19,3,100,9.095,18.19,1819,1.839,3.678,367.8,
8-Oct-19,4,90,12.35,24.7,2223,1.234,2.468,222.12,
8-Oct-19,5,570,8.714,17.428,9933.96,0.8213,1.6426,936.282,
8-Oct-19,6,160,8.682,17.364,2778.24,1.117,2.234,357.44,
23-Oct-19,1,810,3.283,6.566,5318.46,0.417,0.834,675.54,
23-Oct-19,2,910,4.05,8.1,7371,0.5075,1.015,923.65,
23-Oct-19,3,290,11.38,22.76,6600.4,1.708,3.416,990.64,
23-Oct-19,4,690,8.822,17.644,12174.36,0.9531,1.9062,1315.278,
23-Oct-19,5,2380,7.905,15.81,37627.8,0.5902,1.1804,2809.352,
23-Oct-19,6,440,10.62,21.24,9345.6,1.022,2.044,899.36,
5-Nov-19,1,190,4.687,9.374,1781.06,0.6196,1.2392,235.448,
5-Nov-19,2,530,4.835,9.67,5125.1,0.4913,0.9826,520.778,
5-Nov-19,3,110,18.36,36.72,4039.2,3.09,6.18,679.8,
5-Nov-19,4,350,12.77,25.54,8939,1.279,2.558,895.3,
5-Nov-19,5,1210,9.858,19.716,23856.36,0.7033,1.4066,1701.986,
5-Nov-19,6,360,11.26,22.52,8107.2,0.9548,1.9096,687.456,
20-Nov-19,1,150,5.181,10.362,1554.3,0.4871,0.9742,146.13,
20-Nov-19,2,550,4.054,8.108,4459.4,0.499,0.998,548.9,
20-Nov-19,3,120,16.8,33.6,4032,2.322,4.644,557.28,
20-Nov-19,4,370,8.469,16.938,6267.06,1.135,2.27,839.9,
20-Nov-19,5,1090,7.165,14.33,15619.7,0.8033,1.6066,1751.194,
20-Nov-19,6,480,5.283,10.566,5071.68,0.6698,1.3396,643.008,
3-Dec-19,1,6750,4.275,8.55,57712.5,0.3223,0.6446,4351.05,
3-Dec-19,2,3160,2.92,5.84,18454.4,0.2752,0.5504,1739.264,
3-Dec-19,3,8340,5.009,10.018,83550.12,0.7038,1.4076,11739.384,
3-Dec-19,4,2520,3.862,7.724,19464.48,0.5379,1.0758,2711.016,
3-Dec-19,5,5830,5.516,11.032,64316.56,0.3625,0.725,4226.75,
3-Dec-19,6,2750,2.828,5.656,15554,0.4287,0.8574,2357.85,
17-Dec-19,1,120,5.55,11.1,1332,1.345,2.69,322.8,
17-Dec-19,2,550,5.895,11.79,6484.5,0.6927,1.3854,761.97,
17-Dec-19,3,100,11.75,23.5,2350,5.471,10.942,1094.2,
17-Dec-19,4,440,8.148,16.296,7170.24,0.9607,1.9214,845.416,
17-Dec-19,5,580,10.12,20.24,11739.2,1.509,3.018,1750.44,
17-Dec-19,6,230,6.42,12.84,2953.2,1.301,2.602,598.46,
31-Dec-19,1,780,5.167,10.334,8060.52,0.5481,1.0962,855.036,
31-Dec-19,2,550,5.009,10.018,5509.9,0.6737,1.3474,741.07,
31-Dec-19,3,640,10.41,20.82,13324.8,4.139,8.278,5297.92,
31-Dec-19,4,2130,3.864,7.728,16460.64,0.4229,0.8458,1801.554,
31-Dec-19,5,1350,6.532,13.064,17636.4,1.164,2.328,3142.8,
31-Dec-19,6,870,6.352,12.704,11052.48,0.6852,1.3704,1192.248,
14-Jan-20,1,760,4.261,8.522,6476.72,0.7158,1.4316,1088.016,
14-Jan-20,2,600,4.567,9.134,5480.4,0.7459,1.4918,895.08,
14-Jan-20,3,450,10.64,21.28,9576,2.714,5.428,2442.6,
14-Jan-20,4,880,4.93,9.86,8676.8,0.5647,1.1294,993.872,
14-Jan-20,5,1000,9.477,18.954,18954,1.408,2.816,2816,
14-Jan-20,6,860,5.601,11.202,9633.72,0.5757,1.1514,990.204,
28-Jan-20,1,6920,3.975,7.95,55014,0.3281,0.6562,4540.904,
28-Jan-20,2,4150,2.848,5.696,23638.4,0.347,0.694,2880.1,
28-Jan-20,3,4200,4.315,8.63,36246,0.7493,1.4986,6294.12,
28-Jan-20,4,2450,4.549,9.098,22290.1,0.6501,1.3002,3185.49,
28-Jan-20,5,1410,6.753,13.506,19043.46,0.7441,1.4882,2098.362,
28-Jan-20,6,1030,3.741,7.482,7706.46,0.4963,0.9926,1022.378,
11-Feb-20,1,60,5.95,11.9,714,1.778,3.556,213.36,
11-Feb-20,2,150,4.847,9.694,1454.1,1.712,3.424,513.6,
11-Feb-20,3,xx,N/A,N/A,N/A,N/A,N/A,N/A,
11-Feb-20,4,200,5.626,11.252,2250.4,1.055,2.11,422,
11-Feb-20,5,180,7.406,14.812,2666.16,1.445,2.89,520.2,
11-Feb-20,6,330,4.721,9.442,3115.86,2.419,4.838,1596.54,
25-Feb-20,1,490,4.078,8.156,3996.44,0.4461,0.8922,437.178,
25-Feb-20,2,930,4.143,8.286,7705.98,0.7348,1.4696,1366.728,
25-Feb-20,3,550,9.615,19.23,10576.5,1.811,3.622,1992.1,
25-Feb-20,4,1210,5.48,10.96,13261.6,0.6623,1.3246,1602.766,
25-Feb-20,5,680,7.964,15.928,10831.04,0.6825,1.365,928.2,
25-Feb-20,6,1950,4.172,8.344,16270.8,0.4122,0.8244,1607.58,
10-Mar-20,1,460,4.368,8.736,4018.56,0.3774,0.7548,347.208,
10-Mar-20,2,770,3.993,7.986,6149.22,0.5831,1.1662,897.974,
10-Mar-20,3,140,13.5,27,3780,4.454,8.908,1247.12,
10-Mar-20,4,580,5.581,11.162,6473.96,0.6079,1.2158,705.164,
10-Mar-20,5,380,10.82,21.64,8223.2,0.7722,1.5444,586.872,
10-Mar-20,6,1010,5.632,11.264,11376.64,0.6943,1.3886,1402.486,
20-Mar-20,1,460,4.206,8.412,3869.52,0.319,0.638,293.48,
20-Mar-20,2,2520,2.089,4.178,10528.56,0.221,0.442,1113.84,
20-Mar-20,3,980,4.628,9.256,9070.88,1.276,2.552,2500.96,
20-Mar-20,4,1100,4.608,9.216,10137.6,0.7203,1.4406,1584.66,
20-Mar-20,5,950,6.601,13.202,12541.9,0.477,0.954,906.3,
20-Mar-20,6,1000,4.5,9,9000,0.4868,0.9736,973.6,
15-Apr-20,1,3950,3.184,6.368,25153.6,0.3755,0.751,2966.45,
15-Apr-20,2,9260,4.141,8.282,76691.32,0.2951,0.5902,5465.252,
15-Apr-20,3,1360,7.696,15.392,20933.12,2.735,5.47,7439.2,
15-Apr-20,4,2060,3.666,7.332,15103.92,0.805,1.61,3316.6,
15-Apr-20,5,2750,4.338,8.676,23859,0.4989,0.9978,2743.95,
15-Apr-20,6,6930,4.754,9.508,65890.44,0.3437,0.6874,4763.682,
29-Apr-20,1,50,4.975,9.95,497.5,1.421,2.842,142.1,
29-Apr-20,2,260,3.42,6.84,1778.4,1.103,2.206,573.56,
29-Apr-20,3,20,11.46,22.92,458.4,6.271,12.542,250.84,
29-Apr-20,4,50,6.252,12.504,625.2,2.976,5.952,297.6,
29-Apr-20,5,290,7.215,14.43,4184.7,0.8649,1.7298,501.642,
29-Apr-20,6,190,13.59,27.18,5164.2,1.083,2.166,411.54,
12-May-20,1,3460,3.392,6.784,23472.64,0.3926,0.7852,2716.792,
12-May-20,2,2780,2.925,5.85,16263,0.5838,1.1676,3245.928,
12-May-20,3,950,6.615,13.23,12568.5,3.425,6.85,6507.5,
12-May-20,4,750,5.106,10.212,7659,2.305,4.61,3457.5,
12-May-20,5,2260,4.295,8.59,19413.4,0.6042,1.2084,2730.984,
12-May-20,6,500,13.9,27.8,13900,0.5501,1.1002,550.1,
1-Jun-20,1,540,3.289,6.578,3552.12,0.4828,0.9656,521.424,
1-Jun-20,2,990,2.506,5.012,4961.88,0.687,1.374,1360.26,
1-Jun-20,3,200,9.487,18.974,3794.8,5.483,10.966,2193.2,
1-Jun-20,4,150,8.187,16.374,2456.1,4.155,8.31,1246.5,
1-Jun-20,5,950,4.79,9.58,9101,0.5852,1.1704,1111.88,
1-Jun-20,6,510,8.071,16.142,8232.42,0.3808,0.7616,388.416,
16-Jun-20,1,690,4.635,9.27,6396.3,0.5228,1.0456,721.464,
16-Jun-20,2,970,4.35,8.7,8439,0.8206,1.6412,1591.964,
16-Jun-20,3,460,10.41,20.82,9577.2,4.461,8.922,4104.12,
16-Jun-20,4,920,4.696,9.392,8640.64,1.69,3.38,3109.6,
16-Jun-20,5,670,12.12,24.24,16240.8,1.098,2.196,1471.32,
16-Jun-20,6,410,13.57,27.14,11127.4,1.198,2.396,982.36,
30-Jun-20,1,130,4.244,8.488,1103.44,0.5297,1.0594,137.722,
30-Jun-20,2,47,6.1,12.2,573.4,0.9448,1.8896,88.8112,
30-Jun-20,3,140,16.37,32.74,4583.6,5.879,11.758,1646.12,
30-Jun-20,4,550,5.801,11.602,6381.1,0.9899,1.9798,1088.89,
30-Jun-20,5,120,33.39,66.78,8013.6,2.712,5.424,650.88,
30-Jun-20,6,430,14.97,29.94,12874.2,1.333,2.666,1146.38,
14-Jul-20,1,830,5.238,10.476,8695.08,0.4039,0.8078,670.474,
14-Jul-20,2,1060,4.795,9.59,10165.4,0.6451,1.2902,1367.612,
14-Jul-20,3,1070,11.14,22.28,23839.6,2.451,4.902,5245.14,
14-Jul-20,4,1390,4.999,9.998,13897.22,0.9151,1.8302,2543.978,
14-Jul-20,5,680,15.74,31.48,21406.4,1.378,2.756,1874.08,
14-Jul-20,6,1210,8.197,16.394,19836.74,0.7275,1.455,1760.55,
28-Jul-20,1,130,3.676,7.352,955.76,0.4964,0.9928,129.064,
28-Jul-20,2,630,6.62,13.24,8341.2,0.6815,1.363,858.69,
28-Jul-20,3,300,19.17,38.34,11502,5.26,10.52,3156,
28-Jul-20,4,300,9.58,19.16,5748,1.423,2.846,853.8,
28-Jul-20,5,120,17.68,35.36,4243.2,1.604,3.208,384.96,
28-Jul-20,6,630,10.76,21.52,13557.6,0.9096,1.8192,1146.096,
11-Aug-20,1,xx,N/A,N/A,N/A,N/A,N/A,N/A,
11-Aug-20,2,2560,2.444,4.888,12513.28,0.2203,0.4406,1127.936,
11-Aug-20,3,1980,8.139,16.278,32230.44,1.021,2.042,4043.16,
11-Aug-20,4,1140,8.28,16.56,18878.4,0.7321,1.4642,1669.188,
11-Aug-20,5,1100,7.997,15.994,17593.4,0.5229,1.0458,1150.38,
11-Aug-20,6,1420,4.617,9.234,13112.28,0.4016,0.8032,1140.544,
31-Aug-20,1,260,5.068,10.136,2635.36,1.048,2.096,544.96,
31-Aug-20,2,2010,2.84,5.68,11416.8,0.3353,0.6706,1347.906,
31-Aug-20,3,2080,7.906,15.812,32888.96,1.564,3.128,6506.24,
31-Aug-20,4,2270,7.428,14.856,33723.12,0.7367,1.4734,3344.618,
31-Aug-20,5,570,12.37,24.74,14101.8,1.006,2.012,1146.84,
31-Aug-20,6,2350,5.011,10.022,23551.7,0.851,1.702,3999.7,
8-Sep-20,1,220,5.337,10.674,2348.28,0.6151,1.2302,270.644,
8-Sep-20,2,1880,2.397,4.794,9012.72,0.2848,0.5696,1070.848,
8-Sep-20,3,1350,5.904,11.808,15940.8,0.9705,1.941,2620.35,
8-Sep-20,4,1260,8.412,16.824,21198.24,0.7693,1.5386,1938.636,
8-Sep-20,5,270,12.9,25.8,6966,1.236,2.472,667.44,
8-Sep-20,6,930,6.335,12.67,11783.1,0.5392,1.0784,1002.912,
22-Sep-20,1,16,6.446,12.892,206.272,0.7128,1.4256,22.8096,
22-Sep-20,2,640,3.45,6.9,4416,0.2804,0.5608,358.912,
22-Sep-20,3,260,13.89,27.78,7222.8,1.772,3.544,921.44,
22-Sep-20,4,530,8.096,16.192,8581.76,0.8408,1.6816,891.248,
22-Sep-20,5,25,12.59,25.18,629.5,0.9523,1.9046,47.615,
22-Sep-20,6,250,9.721,19.442,4860.5,0.9056,1.8112,452.8,
6-Oct-20,1,8200,3.467,6.934,56858.8,0.357,0.714,5854.8,
6-Oct-20,2,1760,3.023,6.046,10640.96,0.3033,0.6066,1067.616,
6-Oct-20,3,4770,4.878,9.756,46536.12,0.5637,1.1274,5377.698,
6-Oct-20,4,5000,4.825,9.65,48250,0.6715,1.343,6715,
6-Oct-20,5,670,12.44,24.88,16669.6,0.9879,1.9758,1323.786,
6-Oct-20,6,2090,3.595,7.19,15027.1,1.197,2.394,5003.46,
20-Oct-20,1,1000,6.72,13.44,13440,1.018,2.036,2036,
20-Oct-20,2,1470,3.613,7.226,10622.22,0.2392,0.4784,703.248,
20-Oct-20,3,1490,10.74,21.48,32005.2,1.161,2.322,3459.78,
20-Oct-20,4,1060,7.373,14.746,15630.76,1.166,2.332,2471.92,
20-Oct-20,5,750,10.84,21.68,16260,0.9725,1.945,1458.75,
20-Oct-20,6,880,5.568,11.136,9799.68,0.9298,1.8596,1636.448,
4-Nov-20,1,360,10.15,20.3,7308,1.474,2.948,1061.28,
4-Nov-20,2,450,4.398,8.796,3958.2,0.5093,1.0186,458.37,
4-Nov-20,3,18,20.99,41.98,755.64,2.756,5.512,99.216,
4-Nov-20,4,330,8.525,17.05,5626.5,2.174,4.348,1434.84,
4-Nov-20,5,210,13.31,26.62,5590.2,1.095,2.19,459.9,
4-Nov-20,6,320,6.378,12.756,4081.92,1.85,3.7,1184,
17-Nov-20,1,xx,N/A,N/A,N/A,N/A,N/A,N/A,
17-Nov-20,2,2260,3.923,7.846,17731.96,0.2764,0.5528,1249.328,
17-Nov-20,3,3120,9.205,18.41,57439.2,0.9329,1.8658,5821.296,
17-Nov-20,4,2650,5.568,11.136,29510.4,0.4286,0.8572,2271.58,
17-Nov-20,5,580,13.03,26.06,15114.8,0.8993,1.7986,1043.188,
17-Nov-20,6,3840,4.512,9.024,34652.16,0.3223,0.6446,2475.264,
1-Dec-20,1,2170,3.233,6.466,14031.22,0.7924,1.5848,3439.016,
1-Dec-20,2,1680,3.833,7.666,12878.88,0.3361,0.6722,1129.296,
1-Dec-20,3,810,12.5,25,20250,1.79,3.58,2899.8,
1-Dec-20,4,930,5.319,10.638,9893.34,0.5651,1.1302,1051.086,
1-Dec-20,5,370,14.16,28.32,10478.4,1.363,2.726,1008.62,
1-Dec-20,6,870,4.41,8.82,7673.4,0.4606,0.9212,801.444,
15-Dec-20,1,510,6.157,12.314,6280.14,1.431,2.862,1459.62,
15-Dec-20,2,250,4.455,8.91,2227.5,1.801,3.602,900.5,
15-Dec-20,3,340,13.5,27,9180,3.136,6.272,2132.48,
15-Dec-20,4,210,5.949,11.898,2498.58,0.6691,1.3382,281.022,
15-Dec-20,5,160,14.45,28.9,4624,1.529,3.058,489.28,
15-Dec-20,6,410,5.532,11.064,4536.24,2.352,4.704,1928.64,
29-Dec-20,1,1550,4.503,9.006,13959.3,0.6854,1.3708,2124.74,
29-Dec-20,2,390,8.047,16.094,6276.66,1.614,3.228,1258.92,
29-Dec-20,3,690,14.81,29.62,20437.8,2.919,5.838,4028.22,
29-Dec-20,4,560,7.906,15.812,8854.72,0.5783,1.1566,647.696,
29-Dec-20,5,620,11.38,22.76,14111.2,1.127,2.254,1397.48,
29-Dec-20,6,950,5.53,11.06,10507,0.7064,1.4128,1342.16,
12-Jan-21,1,340,6.173,12.346,4197.64,0.9654,1.9308,656.472,
12-Jan-21,2,250,4.953,9.906,2476.5,1.413,2.826,706.5,
12-Jan-21,3,300,16.5,33,9900,2.797,5.594,1678.2,
12-Jan-21,4,640,4.435,8.87,5676.8,0.4876,0.9752,624.128,
12-Jan-21,5,410,8.578,17.156,7033.96,1.036,2.072,849.52,
12-Jan-21,6,300,6.612,13.224,3967.2,0.7432,1.4864,445.92,
26-Jan-21,1,100,15.11,30.22,3022,2.644,5.288,528.8,
26-Jan-21,2,180,9.112,18.224,3280.32,1.762,3.524,634.32,
26-Jan-21,3,60,22.13,44.26,2655.6,5.053,10.106,606.36,
26-Jan-21,4,70,9.77,19.54,1367.8,1.625,3.25,227.5,
26-Jan-21,5,140,14.54,29.08,4071.2,2.167,4.334,606.76,
26-Jan-21,6,270,9.642,19.284,5206.68,1.998,3.996,1078.92,
9-Feb-21,1,6410,4.643,9.286,59523.26,0.5507,1.1014,7059.974,
9-Feb-21,2,940,5.299,10.598,9962.12,0.9456,1.8912,1777.728,
9-Feb-21,3,1600,14.76,29.52,47232,1.372,2.744,4390.4,
9-Feb-21,4,2170,4.977,9.954,21600.18,0.6106,1.2212,2650.004,
9-Feb-21,5,820,11.77,23.54,19302.8,1.111,2.222,1822.04,
9-Feb-21,6,2560,2.821,5.642,14443.52,0.5564,1.1128,2848.768,
23-Feb-21,1,180,8.539,17.078,3074.04,3.538,7.076,1273.68,
23-Feb-21,2,210,11.63,23.26,4884.6,1.165,2.33,489.3,
23-Feb-21,3,1520,16.44,32.88,49977.6,0.912,1.824,2772.48,
23-Feb-21,4,360,9.171,18.342,6603.12,1.104,2.208,794.88,
23-Feb-21,5,370,12.84,25.68,9501.6,1.177,2.354,870.98,
23-Feb-21,6,1070,4.726,9.452,10113.64,0.6801,1.3602,1455.414,
9-Mar-21,1,80,7.813,15.626,1250.08,5.854,11.708,936.64,
9-Mar-21,2,55,17.15,34.3,1886.5,1.657,3.314,182.27,
9-Mar-21,3,310,16.29,32.58,10099.8,2.002,4.004,1241.24,
9-Mar-21,4,100,9.43,18.86,1886,1.466,2.932,293.2,
9-Mar-21,5,140,11.72,23.44,3281.6,0.982,1.964,274.96,
9-Mar-21,6,420,4.69,9.38,3939.6,0.6803,1.3606,571.452,
23-Mar-21,1,530,7.361,14.722,7802.66,4.336,8.672,4596.16,
23-Mar-21,2,220,5.434,10.868,2390.96,2.413,4.826,1061.72,
23-Mar-21,3,240,16.18,32.36,7766.4,5.153,10.306,2473.44,
23-Mar-21,4,270,6.566,13.132,3545.64,2.218,4.436,1197.72,
23-Mar-21,5,390,7.966,15.932,6213.48,1.003,2.006,782.34,
23-Mar-21,6,400,6.337,12.674,5069.6,2.512,5.024,2009.6,
6-Apr-21,1,690,8.13,16.26,11219.4,2.558,5.116,3530.04,
6-Apr-21,2,340,10.2,20.4,6936,3.814,7.628,2593.52,
6-Apr-21,3,350,18.75,37.5,13125,3.68,7.36,2576,
6-Apr-21,4,500,5.394,10.788,5394,2.487,4.974,2487,
6-Apr-21,5,370,11.34,22.68,8391.6,1.051,2.102,777.74,
6-Apr-21,6,660,8.396,16.792,11082.72,1.708,3.416,2254.56,
20-Apr-21,1,560,5.649,11.298,6326.88,1.621,3.242,1815.52,
20-Apr-21,2,250,6.505,13.01,3252.5,1.946,3.892,973,
20-Apr-21,3,280,13,26,7280,2.857,5.714,1599.92,
20-Apr-21,4,520,5.337,10.674,5550.48,1.198,2.396,1245.92,
20-Apr-21,5,260,10.57,21.14,5496.4,1.188,2.376,617.76,
20-Apr-21,6,450,7.843,15.686,7058.7,0.9064,1.8128,815.76,
6-May-21,1,590,7.977,15.954,9412.86,2.229,4.458,2630.22,
6-May-21,2,400,5.196,10.392,4156.8,2.357,4.714,1885.6,
6-May-21,3,520,11.79,23.58,12261.6,4.203,8.406,4371.12,
6-May-21,4,220,8.213,16.426,3613.72,4.718,9.436,2075.92,
6-May-21,5,310,9.236,18.472,5726.32,1.606,3.212,995.72,
6-May-21,6,790,7.4,14.8,11692,2.054,4.108,3245.32,
18-May-21,1,110,14.13,28.26,3108.6,2.849,5.698,626.78,
18-May-21,2,210,7.869,15.738,3304.98,2.722,5.444,1143.24,
18-May-21,3,330,14.07,28.14,9286.2,4.31,8.62,2844.6,
18-May-21,4,190,9.282,18.564,3527.16,2.658,5.316,1010.04,
18-May-21,5,120,13.99,27.98,3357.6,1.381,2.762,331.44,
18-May-21,6,290,10.57,21.14,6130.6,1.811,3.622,1050.38,
2-Jun-21,1,2470,6.343,12.686,31334.42,0.7693,1.5386,3800.342,
2-Jun-21,2,1540,4.507,9.014,13881.56,1.397,2.794,4302.76,
2-Jun-21,3,2670,6.347,12.694,33892.98,1.456,2.912,7775.04,
2-Jun-21,4,4480,5.447,10.894,48805.12,1.212,2.424,10859.52,
2-Jun-21,5,1280,8.205,16.41,21004.8,1.015,2.03,2598.4,
2-Jun-21,6,3770,7.042,14.084,53096.68,0.3416,0.6832,2575.664,
15-Jun-21,1,xx,N/A,N/A,N/A,N/A,N/A,N/A,
15-Jun-21,2,1420,5.418,10.836,15387.12,0.493,0.986,1400.12,
15-Jun-21,3,910,8.709,17.418,15850.38,1.46,2.92,2657.2,
15-Jun-21,4,4340,3.991,7.982,34641.88,0.407,0.814,3532.76,
15-Jun-21,5,1960,7.234,14.468,28357.28,0.5343,1.0686,2094.456,
15-Jun-21,6,3620,5.785,11.57,41883.4,0.4153,0.8306,3006.772,
29-Jun-21,1,520,12.18,24.36,12667.2,0.9199,1.8398,956.696,
29-Jun-21,2,1160,4.696,9.392,10894.72,0.6461,1.2922,1498.952,
29-Jun-21,3,1080,10.67,21.34,23047.2,2.07,4.14,4471.2,
29-Jun-21,4,1680,6.398,12.796,21497.28,0.5831,1.1662,1959.216,
29-Jun-21,5,470,16.4,32.8,15416,1.27,2.54,1193.8,
29-Jun-21,6,2200,7.677,15.354,33778.8,0.4242,0.8484,1866.48,
13-Jul-21,1,30,8.365,16.73,501.9,0.9017,1.8034,54.102,
13-Jul-21,2,220,5.273,10.546,2320.12,2.307,4.614,1015.08,
13-Jul-21,3,610,8.614,17.228,10509.08,2.643,5.286,3224.46,
13-Jul-21,4,340,4.825,9.65,3281,0.6792,1.3584,461.856,
13-Jul-21,5,50,17.55,35.1,1755,1.255,2.51,125.5,
13-Jul-21,6,630,15.13,30.26,19063.8,0.7627,1.5254,961.002,
27-Jul-21,1,400,13.16,26.32,10528,1.096,2.192,876.8,
27-Jul-21,2,3680,3.962,7.924,29160.32,0.3863,0.7726,2843.168,
27-Jul-21,3,65,9.837,19.674,1278.81,2.004,4.008,260.52,
27-Jul-21,4,1200,9.304,18.608,22329.6,1.024,2.048,2457.6,
27-Jul-21,5,1270,13.43,26.86,34112.2,0.8127,1.6254,2064.258,
27-Jul-21,6,3680,4.882,9.764,35931.52,0.4367,0.8734,3214.112,
12-Aug-21,1,710,9.472,18.944,13450.24,1.636,3.272,2323.12,
12-Aug-21,2,1540,4.433,8.866,13653.64,0.7762,1.5524,2390.696,
12-Aug-21,3,xx,N/A,N/A,N/A,N/A,N/A,N/A,
12-Aug-21,4,980,18.23,36.46,35730.8,1.833,3.666,3592.68,
12-Aug-21,5,640,14.24,28.48,18227.2,0.9416,1.8832,1205.248,
12-Aug-21,6,1950,5.57,11.14,21723,0.7182,1.4364,2800.98,
24-Aug-21,1,940,6.94,13.88,13047.2,0.923,1.846,1735.24,
24-Aug-21,2,1210,4.483,8.966,10848.86,0.4155,0.831,1005.51,
24-Aug-21,3,xx,N/A,N/A,N/A,N/A,N/A,N/A,
24-Aug-21,4,650,12.96,25.92,16848,1.164,2.328,1513.2,
24-Aug-21,5,420,13.23,26.46,11113.2,0.7715,1.543,648.06,
24-Aug-21,6,1510,3.915,7.83,11823.3,0.4075,0.815,1230.65,
7-Sep-21,1,230,8.647,17.294,3977.62,2.743,5.486,1261.78,
7-Sep-21,2,210,4.692,9.384,1970.64,1.889,3.778,793.38,
7-Sep-21,3,400,3.753,7.506,3002.4,1.052,2.104,841.6,
7-Sep-21,4,xx,N/A,N/A,N/A,N/A,N/A,N/A,
7-Sep-21,5,60,10.84,21.68,1300.8,1.484,2.968,178.08,
7-Sep-21,6,140,7.958,15.916,2228.24,7.838,15.676,2194.64,
21-Sep-21,1,1190,3.316,6.632,7892.08,0.7364,1.4728,1752.632,
21-Sep-21,2,2810,1.584,3.168,8902.08,0.2447,0.4894,1375.214,
21-Sep-21,3,4640,3.082,6.164,28600.96,0.275,0.55,2552,
21-Sep-21,4,3120,4.88,9.76,30451.2,0.3583,0.7166,2235.792,
21-Sep-21,5,2100,9.707,19.414,40769.4,0.6488,1.2976,2724.96,
21-Sep-21,6,440,2.594,5.188,2282.72,0.5741,1.1482,505.208,
5-Oct-21,1,800,3.389,6.778,5422.4,1.132,2.264,1811.2,
5-Oct-21,2,1390,1.406,2.812,3908.68,0.3515,0.703,977.17,
5-Oct-21,3,1980,6.432,12.864,25470.72,0.7479,1.4958,2961.684,
5-Oct-21,4,1940,3.773,7.546,14639.24,0.5163,1.0326,2003.244,
5-Oct-21,5,640,7.149,14.298,9150.72,0.7149,1.4298,915.072,
5-Oct-21,6,290,3.259,6.518,1890.22,0.3789,0.7578,219.762,
18-Oct-21,1,1220,2.471,4.942,6029.24,0.6847,1.3694,1670.668,
18-Oct-21,2,3220,1.235,2.47,7953.4,0.2301,0.4602,1481.844,
18-Oct-21,3,2350,2.447,4.894,11500.9,0.3458,0.6916,1625.26,
18-Oct-21,4,2180,3.907,7.814,17034.52,0.4861,0.9722,2119.396,
18-Oct-21,5,1930,5.843,11.686,22553.98,0.4466,0.8932,1723.876,
18-Oct-21,6,860,2.336,4.672,4017.92,0.2388,0.4776,410.736,
1-Nov-21,1,820,3.351,6.702,5495.64,1.249,2.498,2048.36,
1-Nov-21,2,1850,1.358,2.716,5024.6,0.2251,0.4502,832.87,
1-Nov-21,3,1020,2.615,5.23,5334.6,0.6286,1.2572,1282.344,
1-Nov-21,4,1400,4.277,8.554,11975.6,0.4272,0.8544,1196.16,
1-Nov-21,5,660,7.005,14.01,9246.6,0.585,1.17,772.2,
1-Nov-21,6,xx,N/A,N/A,N/A,N/A,N/A,N/A,
16-Nov-21,1,610,4.431,8.862,5405.82,1.154,2.308,1407.88,
16-Nov-21,2,1820,1.53,3.06,5569.2,0.2615,0.523,951.86,
16-Nov-21,3,1320,2.686,5.372,7091.04,0.4955,0.991,1308.12,
16-Nov-21,4,1160,4.967,9.934,11523.44,0.4547,0.9094,1054.904,
16-Nov-21,5,480,8.331,16.662,7997.76,0.4144,0.8288,397.824,
16-Nov-21,6,xx,N/A,N/A,N/A,N/A,N/A,N/A,
1-Dec-21,1,690,3.989,7.978,5504.82,1.16,2.32,1600.8,
1-Dec-21,2,3660,1.638,3.276,11990.16,0.212,0.424,1551.84,
1-Dec-21,3,2030,2.579,5.158,10470.74,0.4063,0.8126,1649.578,
1-Dec-21,4,2300,4.378,8.756,20138.8,0.4784,0.9568,2200.64,
1-Dec-21,5,1280,6.554,13.108,16778.24,0.5687,1.1374,1455.872,
1-Dec-21,6,xx,N/A,N/A,N/A,N/A,N/A,N/A,
14-Dec-21,1,780,3.665,7.33,5717.4,0.8131,1.6262,1268.436,
14-Dec-21,2,2260,2.166,4.332,9790.32,0.3719,0.7438,1680.988,
14-Dec-21,3,1590,3.725,7.45,11845.5,0.2542,0.5084,808.356,
14-Dec-21,4,1230,3.956,7.912,9731.76,0.4008,0.8016,985.968,
14-Dec-21,5,800,7.525,15.05,12040,0.4472,0.8944,715.52,
14-Dec-21,6,xx,N/A,N/A,N/A,N/A,N/A,N/A,
28-Dec-21,1,510,4.849,9.698,4945.98,0.9104,1.8208,928.608,
28-Dec-21,2,3000,4.313,8.626,25878,0.578,1.156,3468,
28-Dec-21,3,780,4.649,9.298,7252.44,0.3228,0.6456,503.568,
28-Dec-21,4,540,4.188,8.376,4523.04,0.5224,1.0448,564.192,
28-Dec-21,5,630,6.036,12.072,7605.36,0.6468,1.2936,814.968,
28-Dec-21,6,xx,N/A,N/A,N/A,N/A,N/A,N/A,
12-Jan-22,1,380,5.505,11.01,4183.8,2.061,4.122,1566.36,
12-Jan-22,2,500,2.312,4.624,2312,1.281,2.562,1281,
12-Jan-22,3,10,0.8434,3.3736,33.736,0.3884,1.5536,15.536,
12-Jan-22,4,390,6.149,12.298,4796.22,1.464,2.928,1141.92,
12-Jan-22,5,220,7.936,15.872,3491.84,1.371,2.742,603.24,
12-Jan-22,6,1500,2.4,4.8,7200,0.2733,0.5466,819.9,
25-Jan-22,1,130,9.656,19.312,2510.56,2.854,5.708,742.04,
25-Jan-22,2,110,3.699,7.398,813.78,2.574,5.148,566.28,
25-Jan-22,3,10,1.553,6.212,62.12,2.324,9.296,92.96,
25-Jan-22,4,15,6.503,13.006,195.09,6.742,13.484,202.26,
25-Jan-22,5,10,5.177,10.354,103.54,2.498,4.996,49.96,
25-Jan-22,6,140,9.106,18.212,2549.68,0.9088,1.8176,254.464,
8-Feb-22,1,4741,2.444,4.888,23174.008,0.4235,0.847,4015.627,
8-Feb-22,2,7180,2.736,5.472,39288.96,0.2363,0.4726,3393.268,
8-Feb-22,3,xx,N/A,N/A,N/A,N/A,N/A,N/A,
8-Feb-22,4,2130,4.734,9.468,20166.84,0.6534,1.3068,2783.484,
8-Feb-22,5,370,9.316,18.632,6893.84,1.213,2.426,897.62,
8-Feb-22,6,7890,1.59,3.18,25090.2,0.1011,0.2022,1595.358,
22-Feb-22,1,380,4.934,9.868,3749.84,0.8356,1.6712,635.056,
22-Feb-22,2,950,2.162,4.324,4107.8,0.2619,0.5238,497.61,
22-Feb-22,3,150,7.037,14.074,2111.1,3.041,6.082,912.3,
22-Feb-22,4,610,5.404,10.808,6592.88,1.615,3.23,1970.3,
22-Feb-22,5,xx,12.44,24.88,#VALUE!,1.935,3.87,#VALUE!,
22-Feb-22,6,250,2.807,5.614,1403.5,0.3767,0.7534,188.35,
8-Mar-22,1,750,4.437,8.874,6655.5,0.5681,1.1362,852.15,
8-Mar-22,2,1910,4.722,9.444,18038.04,0.2671,0.5342,1020.322,
8-Mar-22,3,220,8.602,17.204,3784.88,2.007,4.014,883.08,
8-Mar-22,4,780,5.503,11.006,8584.68,0.9864,1.9728,1538.784,
8-Mar-22,5,560,9.42,18.84,10550.4,1.116,2.232,1249.92,
8-Mar-22,6,2210,2.223,4.446,9825.66,0.1346,0.2692,594.932,
22-Mar-22,1,310,4.874,9.748,3021.88,0.984,1.968,610.08,
22-Mar-22,2,550,4.001,8.002,4401.1,0.3008,0.6016,330.88,
22-Mar-22,3,100,10.17,20.34,2034,1.378,2.756,275.6,
22-Mar-22,4,350,4.738,9.476,3316.6,0.9211,1.8422,644.77,
22-Mar-22,5,220,7.078,14.156,3114.32,0.752,1.504,330.88,
22-Mar-22,6,1110,2.387,4.774,5299.14,0.1507,0.3014,334.554,
5-Apr-22,1,390,5.143,10.286,4011.54,1.142,2.284,890.76,
5-Apr-22,2,700,5.924,11.848,8293.6,0.7275,1.455,1018.5,
5-Apr-22,3,100,8.051,16.102,1610.2,1.268,2.536,253.6,
5-Apr-22,4,360,5.129,10.258,3692.88,0.7593,1.5186,546.696,
5-Apr-22,5,290,7.55,15.1,4379,0.9056,1.8112,525.248,
5-Apr-22,6,930,3.412,6.824,6346.32,0.1897,0.3794,352.842,
19-Apr-22,1,310,6.884,13.768,4268.08,1.425,2.85,883.5,
19-Apr-22,2,880,7.667,15.334,13493.92,0.9507,1.9014,1673.232,
19-Apr-22,3,220,7.801,15.602,3432.44,1.405,2.81,618.2,
19-Apr-22,4,450,5.552,11.104,4996.8,0.8906,1.7812,801.54,
19-Apr-22,5,560,6.902,13.804,7730.24,0.7722,1.5444,864.864,
19-Apr-22,6,1150,6.641,13.282,15274.3,0.3423,0.6846,787.29,
3-May-22,1,740,9.501,9.501,7030.74,2.919,2.919,2160.06,
3-May-22,2,1400,8.409,8.409,11772.6,1.449,1.449,2028.6,
3-May-22,3,410,8.979,8.979,3681.39,2.597,2.597,1064.77,
3-May-22,4,540,13.16,13.16,7106.4,1.548,1.548,835.92,
3-May-22,5,1480,7.195,7.195,10648.6,1.15,1.15,1702,
3-May-22,6,1620,51.95,51.95,84159,0.6118,0.6118,991.116,
17-May-22,1,410,12.54,12.54,5141.4,4.115,4.115,1687.15,
17-May-22,2,720,6.725,6.725,4842,2.111,2.111,1519.92,
17-May-22,3,260,13.83,13.83,3595.8,3.599,3.599,935.74,
17-May-22,4,650,11.52,11.52,7488,1.966,1.966,1277.9,
17-May-22,5,600,10.52,10.52,6312,1.379,1.379,827.4,
17-May-22,6,920,111.9,111.9,102948,0.8106,0.8106,745.752,
31-May-22,1,350,10.39,10.39,3636.5,4.081,4.081,1428.35,
31-May-22,2,570,5.244,5.244,2989.08,1.855,1.855,1057.35,
31-May-22,3,220,14.41,14.41,3170.2,4.809,4.809,1057.98,
31-May-22,4,500,12.4,12.4,6200,2.721,2.721,1360.5,
31-May-22,5,590,7.096,7.096,4186.64,1.6,1.6,944,
31-May-22,6,610,67.82,67.82,41370.2,0.4172,0.4172,254.492,
14-Jun-22,1,50,19.22,19.22,961,12.71,12.71,635.5,
14-Jun-22,2,140,10.77,10.77,1507.8,2.932,2.932,410.48,
14-Jun-22,3,120,19.47,19.47,2336.4,6.898,6.898,827.76,
14-Jun-22,4,110,18.88,18.88,2076.8,6.408,6.408,704.88,
14-Jun-22,5,100,10.04,10.04,1004,0.8708,0.8708,87.08,
14-Jun-22,6,140,413,413,57820,2.925,2.925,409.5,
28-Jun-22,1,310,15.06,15.06,4668.6,7.247,7.247,2246.57,
28-Jun-22,2,940,7.836,7.836,7365.84,1.846,1.846,1735.24,
28-Jun-22,3,350,18.24,18.24,6384,6.467,6.467,2263.45,
28-Jun-22,4,750,17.07,17.07,12802.5,3.104,3.104,2328,
28-Jun-22,5,930,6.416,6.416,5966.88,1.089,1.089,1012.77,
28-Jun-22,6,1290,203.6,203.6,262644,1.309,1.309,1688.61,
12-Jul-22,1,1410,8.619,8.619,12152.79,1.067,1.067,1504.47,
12-Jul-22,2,3010,3.367,3.367,10134.67,0.5149,0.5149,1549.849,
12-Jul-22,3,1130,8.647,8.647,9771.11,1.962,1.962,2217.06,
12-Jul-22,4,2150,5.267,5.267,11324.05,0.7885,0.7885,1695.275,
12-Jul-22,5,2360,6.778,6.778,15996.08,0.6515,0.6515,1537.54,
12-Jul-22,6,6100,6.016,6.016,36697.6,0.2055,0.2055,1253.55,
26-Jul-22,1,240,19.33,19.33,4639.2,4.331,4.331,1039.44,
26-Jul-22,2,1100,6.631,6.631,7294.1,1.166,1.166,1282.6,
26-Jul-22,3,340,12.47,12.47,4239.8,3.803,3.803,1293.02,
26-Jul-22,4,580,8.072,8.072,4681.76,1.837,1.837,1065.46,
26-Jul-22,5,590,10.59,10.59,6248.1,1.141,1.141,673.19,
26-Jul-22,6,1170,13.16,13.16,15397.2,0.5035,0.5035,589.095,
9-Aug-22,1,230,18.9,18.9,4347,4.901,4.901,1127.23,
9-Aug-22,2,890,6.507,6.507,5791.23,1.517,1.517,1350.13,
9-Aug-22,3,270,12.8,12.8,3456,5.631,5.631,1520.37,
9-Aug-22,4,360,10.56,10.56,3801.6,1.922,1.922,691.92,
9-Aug-22,5,200,15.43,15.43,3086,2.255,2.255,451,
9-Aug-22,6,1370,6.915,6.915,9473.55,0.5085,0.5085,696.645,
25-Aug-22,1,350,15.07,15.07,5274.5,4.935,4.935,1727.25,
25-Aug-22,2,4200,6.603,6.603,27732.6,0.7776,0.7776,3265.92,
25-Aug-22,3,1370,5.172,5.172,7085.64,1.646,1.646,2255.02,
25-Aug-22,4,560,15.11,15.11,8461.6,3.34,3.34,1870.4,
25-Aug-22,5,1100,9.215,9.215,10136.5,1.054,1.054,1159.4,
25-Aug-22,6,2640,6.037,6.037,15937.68,0.3808,0.3808,1005.312,
6-Sep-22,1,180,17.59,17.59,3166.2,3.896,3.896,701.28,
6-Sep-22,2,2420,6.738,6.738,16305.96,0.8788,0.8788,2126.696,
6-Sep-22,3,1130,6.95,6.95,7853.5,2.995,2.995,3384.35,
6-Sep-22,4,570,14.26,14.26,8128.2,2.955,2.955,1684.35,
6-Sep-22,5,1270,5.972,5.972,7584.44,0.6357,0.6357,807.339,
6-Sep-22,6,2070,4.308,4.308,8917.56,0.5488,0.5488,1136.016,
21-Sep-22,1,19500,4.223,4.223,82348.5,0.3515,0.3515,6854.25,
21-Sep-22,2,14200,7.146,7.146,101473.2,0.4634,0.4634,6580.28,
21-Sep-22,3,4810,7.241,7.241,34829.21,1.567,1.567,7537.27,
21-Sep-22,4,4120,6.33,6.33,26079.6,1.045,1.045,4305.4,
21-Sep-22,5,2400,3.775,3.775,9060,0.4671,0.4671,1121.04,
21-Sep-22,6,9650,5.583,5.583,53875.95,0.4442,0.4442,4286.53,
4-Oct-22,1,140,8.819,8.819,1234.66,3.477,3.477,486.78,
4-Oct-22,2,1370,7.813,7.813,10703.81,0.9966,0.9966,1365.342,
4-Oct-22,3,280,7.59,7.59,2125.2,7.931,7.931,2220.68,
4-Oct-22,4,570,7.678,7.678,4376.46,1.393,1.393,794.01,
4-Oct-22,5,25,7.58,7.58,189.5,1.029,1.029,25.725,
4-Oct-22,6,1150,3.003,3.003,3453.45,1.055,1.055,1213.25,
18-Oct-22,1,6390,6.961,6.961,44480.79,0.6089,0.6089,3890.871,
18-Oct-22,2,9560,6.271,6.271,59950.76,0.6423,0.6423,6140.388,
18-Oct-22,3,9200,10.75,10.75,98900,0.9728,0.9728,8949.76,
18-Oct-22,4,620,7.466,7.466,4628.92,1.981,1.981,1228.22,
18-Oct-22,5,850,7.06,7.06,6001,0.7897,0.7897,671.245,
18-Oct-22,6,7650,7.235,7.235,55347.75,1.012,1.012,7741.8,
1-Nov-22,1,21560,6.134,6.134,132249.04,0.4604,0.4604,9926.224,
1-Nov-22,2,6800,3.845,3.845,26146,0.5993,0.5993,4075.24,
1-Nov-22,3,20000,5.64,5.64,112800,0.461,0.461,9220,
1-Nov-22,4,158,8.358,8.358,1320.564,1.021,1.021,161.318,
1-Nov-22,5,1790,6.666,6.666,11932.14,0.8944,0.8944,1600.976,
1-Nov-22,6,2140,5.818,5.818,12450.52,0.9145,0.9145,1957.03,
15-Nov-22,1,19000,5.212,5.212,99028,0.4381,0.4381,8323.9,
15-Nov-22,2,7720,4.038,4.038,31173.36,0.5704,0.5704,4403.488,
15-Nov-22,3,19140,7.355,7.355,140774.7,0.646,0.646,12364.44,
15-Nov-22,4,2870,6.21,6.21,17822.7,0.4399,0.4399,1262.513,
15-Nov-22,5,1630,5.404,5.404,8808.52,0.3313,0.3313,540.019,
15-Nov-22,6,8450,7.723,7.723,65259.35,0.5179,0.5179,4376.255,
29-Nov-22,1,320,6.692,6.692,2141.44,1.532,1.532,490.24,
29-Nov-22,2,830,5.082,5.082,4218.06,1.045,1.045,867.35,
29-Nov-22,3,3970,5.494,5.494,21811.18,0.6713,0.6713,2665.061,
29-Nov-22,4,140,9.232,9.232,1292.48,1.196,1.196,167.44,
29-Nov-22,5,170,13.41,13.41,2279.7,1.185,1.185,201.45,
29-Nov-22,6,1390,3.748,3.748,5209.72,0.8204,0.8204,1140.356,
15-Dec-22,1,49,10.67,10.67,522.83,3.15,3.15,154.35,
15-Dec-22,2,550,8.293,8.293,4561.15,1.145,1.145,629.75,
15-Dec-22,3,1710,6.904,6.904,11805.84,1.256,1.256,2147.76,
15-Dec-22,4,95,9.061,9.061,860.795,1.701,1.701,161.595,
15-Dec-22,5,50,12.9,12.9,645,1.295,1.295,64.75,
15-Dec-22,6,225,5.111,5.111,1149.975,2.1,2.1,472.5,
27-Dec-22,1,7,10.53,21.06,147.42,6.401,12.802,89.614,
27-Dec-22,2,310,9.871,9.871,3060.01,1.635,1.635,506.85,
27-Dec-22,3,48,16.12,16.12,773.76,1.93,1.93,92.64,
27-Dec-22,4,25,16.41,16.41,410.25,4.956,4.956,123.9,
27-Dec-22,5,237,12.4,12.4,2938.8,2.389,2.389,566.193,
27-Dec-22,6,385,7.201,7.201,2772.385,2.629,2.629,1012.165,
10-Jan-23,1,110,16.16,16.16,1777.6,11.6,11.6,1276,
10-Jan-23,2,2760,6.208,6.208,17134.08,0.5926,0.5926,1635.576,
10-Jan-23,3,2285,16.47,16.47,37633.95,0.6007,0.6007,1372.5995,
10-Jan-23,4,280,11.57,11.57,3239.6,2.714,2.714,759.92,
10-Jan-23,5,1280,6.536,6.536,8366.08,0.619,0.619,792.32,
10-Jan-23,6,1450,3.42,3.42,4959,0.6109,0.6109,885.805,
24-Jan-23,1,70,14.52,14.52,1016.4,5.502,5.502,385.14,
24-Jan-23,2,360,7.881,7.881,2837.16,2.084,2.084,750.24,
24-Jan-23,3,340,19.78,19.78,6725.2,1.885,1.885,640.9,
24-Jan-23,4,140,10.74,10.74,1503.6,2.894,2.894,405.16,
24-Jan-23,5,690,4.994,4.994,3445.86,0.6459,0.6459,445.671,
24-Jan-23,6,30,4.796,4.796,143.88,1.527,1.527,45.81,
7-Feb-23,1,10,N/A,N/A,N/A,N/A,N/A,N/A,
7-Feb-23,2,240,7.293,7.293,1750.32,8.424,8.424,2021.76,
7-Feb-23,3,80,20.53,20.53,1642.4,1.739,1.739,139.12,
7-Feb-23,4,50,14.51,14.51,725.5,3.181,3.181,159.05,
7-Feb-23,5,830,9.082,9.082,7538.06,0.9264,0.9264,768.912,
7-Feb-23,6,430,6.784,6.784,2917.12,1.74,1.74,748.2,
21-Feb-23,1,70,19.37,19.37,1355.9,12.64,12.64,884.8,
21-Feb-23,2,100,6.959,6.959,695.9,7.873,7.873,787.3,
21-Feb-23,3,30,23.16,23.16,694.8,3.488,3.488,104.64,
21-Feb-23,4,30,10.54,10.54,316.2,1.606,1.606,48.18,
21-Feb-23,5,590,8.135,8.135,4799.65,0.734,0.734,433.06,
21-Feb-23,6,310,5.633,5.633,1746.23,0.6905,0.6905,214.055,
7-Mar-23,1,60,22.23,22.23,1333.8,12.63,12.63,757.8,
7-Mar-23,2,110,10.51,10.51,1156.1,6.36,6.36,699.6,
7-Mar-23,3,40,20.23,20.23,809.2,3.498,3.498,139.92,
7-Mar-23,4,10,6.685,13.37,133.7,0.7198,1.4396,14.396,
7-Mar-23,5,240,10.57,10.57,2536.8,1.155,1.155,277.2,
7-Mar-23,6,210,6.288,6.288,1320.48,0.8504,0.8504,178.584,
21-Mar-23,1,180,13.12,13.12,2361.6,11.1,11.1,1998,
21-Mar-23,2,390,12.39,12.39,4832.1,6.743,6.743,2629.77,
21-Mar-23,3,150,13.25,13.25,1987.5,13.39,13.39,2008.5,
21-Mar-23,4,60,21.01,21.01,1260.6,9.385,9.385,563.1,
21-Mar-23,5,470,13.62,13.62,6401.4,1.883,1.883,885.01,
21-Mar-23,6,700,10.32,10.32,7224,1.184,1.184,828.8,
4-Apr-23,1,140,11.72,11.72,1640.8,11.17,11.17,1563.8,
4-Apr-23,2,330,8.619,8.619,2844.27,5.839,5.839,1926.87,
4-Apr-23,3,110,11.9,11.9,1309,13.55,13.55,1490.5,
4-Apr-23,4,70,16.06,16.06,1124.2,4.432,4.432,310.24,
4-Apr-23,5,500,13.24,13.24,6620,2.384,2.384,1192,
4-Apr-23,6,660,6.565,6.565,4332.9,1.31,1.31,864.6,
18-Apr-23,1,200,11.58,11.58,2316,8.438,8.438,1687.6,
18-Apr-23,2,420,8.543,8.543,3588.06,4.179,4.179,1755.18,
18-Apr-23,3,150,11.93,11.93,1789.5,8.257,8.257,1238.55,
18-Apr-23,4,120,13.76,13.76,1651.2,5.307,5.307,636.84,
18-Apr-23,5,210,16.42,16.42,3448.2,1.285,1.285,269.85,
18-Apr-23,6,570,9.137,9.137,5208.09,1.08,1.08,615.6,
2-May-23,1,12430,5.377,5.377,66836.11,0.5664,0.5664,7040.352,
2-May-23,2,6590,6.479,6.479,42696.61,0.758,0.758,4995.22,
2-May-23,3,3140,8.461,8.461,26567.54,1.934,1.934,6072.76,
2-May-23,4,2980,4.913,4.913,14640.74,0.6544,0.6544,1950.112,
2-May-23,5,680,13.85,13.85,9418,1.2,1.2,816,
2-May-23,6,16220,5.208,5.208,84473.76,0.4717,0.4717,7650.974,
16-May-23,1,510,10.38,10.38,5293.8,3.679,3.679,1876.29,
16-May-23,2,330,12.68,12.68,4184.4,3,3,990,
16-May-23,3,1050,7.796,7.796,8185.8,3.074,3.074,3227.7,
16-May-23,4,390,12.95,12.95,5050.5,2.319,2.319,904.41,
16-May-23,5,400,14.19,14.19,5676,2.009,2.009,803.6,
16-May-23,6,780,12.29,12.29,9586.2,0.8561,0.8561,667.758,
30-May-23,1,1270,7.796,7.796,9900.92,1.787,1.787,2269.49,
30-May-23,2,880,12.41,12.41,10920.8,1.328,1.328,1168.64,
30-May-23,3,600,8.459,8.459,5075.4,2.157,2.157,1294.2,
30-May-23,4,660,7.834,7.834,5170.44,1.292,1.292,852.72,
30-May-23,5,690,11.45,11.45,7900.5,0.8618,0.8618,594.642,
30-May-23,6,1390,4.783,4.783,6648.37,0.6367,0.6367,885.013,
13-Jun-23,1,1060,7.428,7.428,7873.68,2.116,2.116,2242.96,
13-Jun-23,2,570,12.5,12.5,7125,1.744,1.744,994.08,
13-Jun-23,3,260,9.419,9.419,2448.94,3.641,3.641,946.66,
13-Jun-23,4,400,12.67,12.67,5068,3.244,3.244,1297.6,
13-Jun-23,5,760,10.52,10.52,7995.2,1.962,1.962,1491.12,
13-Jun-23,6,980,58.9,58.9,57722,0.7073,0.7073,693.154,
27-Jun-23,1,110,11.57,11.57,1272.7,10.59,10.59,1164.9,
27-Jun-23,2,760,14.25,14.25,10830,1.899,1.899,1443.24,
27-Jun-23,3,2000,8.909,8.909,17818,1.608,1.608,3216,
27-Jun-23,4,1360,9.76,9.76,13273.6,1.518,1.518,2064.48,
27-Jun-23,5,980,15.96,15.96,15640.8,0.9815,0.9815,961.87,
27-Jun-23,6,2420,20.75,20.75,50215,0.651,0.651,1575.42,
11-Jul-23,1,2520,5.579,5.579,14059.08,1.209,1.209,3046.68,
11-Jul-23,2,770,9.017,9.017,6943.09,1.122,1.122,863.94,
11-Jul-23,3,6390,5.269,5.269,33668.91,1.138,1.138,7271.82,
11-Jul-23,4,2095,6.763,6.763,14168.485,1.391,1.391,2914.145,
11-Jul-23,5,800,15.4,15.4,12320,1.706,1.706,1364.8,
11-Jul-23,6,2120,5.543,5.543,11751.16,0.9337,0.9337,1979.444,
25-Jul-23,1,150,16.82,16.82,2523,7.376,7.376,1106.4,
25-Jul-23,2,130,13.16,13.16,1710.8,1.695,1.695,220.35,
25-Jul-23,3,990,8.663,8.663,8576.37,3.828,3.828,3789.72,
25-Jul-23,4,270,20.73,20.73,5597.1,5.903,5.903,1593.81,
25-Jul-23,5,380,28.06,28.06,10662.8,5.702,5.702,2166.76,
25-Jul-23,6,630,13.51,13.51,8511.3,2.242,2.242,1412.46,
8-Aug-23,1,1320,8.895,8.895,11741.4,2.414,2.414,3186.48,
8-Aug-23,2,607,20.1,20.1,12200.7,1.047,1.047,635.529,
8-Aug-23,3,4600,6.647,6.647,30576.2,1.047,1.047,4816.2,
8-Aug-23,4,2211,8.779,8.779,19410.369,0.9763,0.9763,2158.5993,
8-Aug-23,5,1400,24.96,24.96,34944,2.018,2.018,2825.2,
8-Aug-23,6,2855,4.613,4.613,13170.115,0.8395,0.8395,2396.7725,
22-Aug-23,1,910,9.804,9.804,8921.64,1.531,1.531,1393.21,
22-Aug-23,2,560,14.39,14.39,8058.4,0.8654,0.8654,484.624,
22-Aug-23,3,2360,7.786,7.786,18374.96,1.194,1.194,2817.84,
22-Aug-23,4,1225,9.349,9.349,11452.525,2.31,2.31,2829.75,
22-Aug-23,5,1209,22.54,22.54,27250.86,1.711,1.711,2068.599,
22-Aug-23,6,2114,4.293,4.293,9075.402,0.7171,0.7171,1515.9494,
6-Sep-23,1,260,15.41,15.41,4006.6,2.687,2.687,698.62,
6-Sep-23,2,90,20,20,1800,1.434,1.434,129.06,
6-Sep-23,3,1520,8.891,8.891,13514.32,3.108,3.108,4724.16,
6-Sep-23,4,410,14.5,14.5,5945,3.852,3.852,1579.32,
6-Sep-23,5,330,23.05,23.05,7606.5,1.317,1.317,434.61,
6-Sep-23,6,660,8.333,8.333,5499.78,1.156,1.156,762.96,
19-Sep-23,1,220,16.99,16.99,3737.8,3.108,3.108,683.76,
19-Sep-23,2,95,24.38,24.38,2316.1,3.345,3.345,317.775,
19-Sep-23,3,1640,7.384,7.384,12109.76,2.023,2.023,3317.72,
19-Sep-23,4,980,12.06,12.06,11818.8,4.399,4.399,4311.02,
19-Sep-23,5,530,19.34,19.34,10250.2,1.187,1.187,629.11,
19-Sep-23,6,715,8.188,8.188,5854.42,1.25,1.25,893.75,
3-Oct-23,1,1840,8.447,8.447,15542.48,1.012,1.012,1862.08,
3-Oct-23,2,515,17.23,17.23,8873.45,1.469,1.469,756.535,
3-Oct-23,3,1050,12.35,12.35,12967.5,2.148,2.148,2255.4,
3-Oct-23,4,2420,11.57,11.57,27999.4,1.616,1.616,3910.72,
3-Oct-23,5,1160,19.27,19.27,22353.2,0.8863,0.8863,1028.108,
3-Oct-23,6,1515,6.538,6.538,9905.07,1.418,1.418,2148.27,
17-Oct-23,1,100,15.41,15.41,1541,1.794,1.794,179.4,
17-Oct-23,2,30,29.85,29.85,895.5,2.443,2.443,73.29,
17-Oct-23,3,130,9.305,9.305,1209.65,3.034,3.034,394.42,
17-Oct-23,4,150,27.75,27.75,4162.5,1.608,1.608,241.2,
17-Oct-23,5,170,29.01,29.01,4931.7,1.157,1.157,196.69,
17-Oct-23,6,130,8.095,8.095,1052.35,1.453,1.453,188.89,
1-Nov-23,1,13430,6.963,6.963,93513.09,0.7956,0.7956,10684.908,
1-Nov-23,2,1520,12.34,12.34,18756.8,0.9347,0.9347,1420.744,
1-Nov-23,3,13630,4.813,4.813,65601.19,0.5627,0.5627,7669.601,
1-Nov-23,4,18280,7.874,7.874,143936.72,0.5485,0.5485,10026.58,
1-Nov-23,5,3820,9.063,9.063,34620.66,0.6581,0.6581,2513.942,
1-Nov-23,6,2880,3.925,3.925,11304,0.9212,0.9212,2653.056,
14-Nov-23,1,1740,5.351,5.351,9310.74,0.8152,0.8152,1418.448,
14-Nov-23,2,460,11.17,11.17,5138.2,1.09,1.09,501.4,
14-Nov-23,3,3000,4.886,4.886,14658,0.3924,0.3924,1177.2,
14-Nov-23,4,3200,5.667,5.667,18134.4,0.6716,0.6716,2149.12,
14-Nov-23,5,920,10.01,10.01,9209.2,0.7461,0.7461,686.412,
14-Nov-23,6,1340,3.632,3.632,4866.88,1.067,1.067,1429.78,
28-Nov-23,1,400,13.71,13.71,5484,2.515,2.515,1006,
28-Nov-23,2,90,18.04,18.04,1623.6,1.684,1.684,151.56,
28-Nov-23,3,1010,9.402,9.402,9496.02,0.6868,0.6868,693.668,
28-Nov-23,4,2930,6.988,6.988,20474.84,0.6714,0.6714,1967.202,
28-Nov-23,5,520,17.66,17.66,9183.2,1.164,1.164,605.28,
28-Nov-23,6,790,6.081,6.081,4803.99,1.712,1.712,1352.48,
12-Dec-23,1,220,14.99,14.99,3297.8,3.624,3.624,797.28,
12-Dec-23,2,150,15.88,15.88,2382,2.107,2.107,316.05,
12-Dec-23,3,1000,11.01,11.01,11010,1.203,1.203,1203,
12-Dec-23,4,3140,7.899,7.899,24802.86,0.6766,0.6766,2124.524,
12-Dec-23,5,780,10.77,10.77,8400.6,0.6133,0.6133,478.374,
12-Dec-23,6,1000,5.158,5.158,5158,1.286,1.286,1286,
27-Dec-23,1,1310,6.323,6.323,8283.13,1.635,1.635,2141.85,
27-Dec-23,2,590,10.33,10.33,6094.7,3.797,3.797,2240.23,
27-Dec-23,3,,8.188,8.188,0,1.039,1.039,0,
27-Dec-23,4,2000,7.74,7.74,15480,1.953,1.953,3906,
27-Dec-23,5,820,16.6,16.6,13612,2.874,2.874,2356.68,
27-Dec-23,6,1410,5.248,5.248,7399.68,1.41,1.41,1988.1,
10-Jan-24,1,22,15.6,15.6,343.2,9.461,9.461,208.142,
10-Jan-24,2,42,15.55,15.55,653.1,7.899,7.899,331.758,
10-Jan-24,3,76,23.88,23.88,1814.88,2.73,2.73,207.48,
10-Jan-24,4,193,13.18,13.18,2543.74,5.438,5.438,1049.534,
10-Jan-24,5,100,50.99,50.99,5099,4.216,4.216,421.6,
10-Jan-24,6,350,6.9,6.9,2415,0.9194,0.9194,321.79,
23-Jan-24,1,125,15.77,15.77,1971.25,4.725,4.725,590.625,
23-Jan-24,2,50,11.32,11.32,566,5.447,5.447,272.35,
23-Jan-24,3,100,50.59,50.59,5059,1.959,1.959,195.9,
23-Jan-24,4,310,14.97,14.97,4640.7,3.083,3.083,955.73,
23-Jan-24,5,90,31.04,31.04,2793.6,2.264,2.264,203.76,
23-Jan-24,6,570,7.234,7.234,4123.38,1.676,1.676,955.32,
6-Feb-24,1,1920,4.478,4.478,8597.76,1.243,1.243,2386.56,
6-Feb-24,2,950,12.09,12.09,11485.5,2.272,2.272,2158.4,
6-Feb-24,3,630,43.35,43.35,27310.5,0.9189,0.9189,578.907,
6-Feb-24,4,2570,5.412,5.412,13908.84,0.9688,0.9688,2489.816,
6-Feb-24,5,1090,12.77,12.77,13919.3,1.467,1.467,1599.03,
6-Feb-24,6,2950,4.882,4.882,14401.9,0.5882,0.5882,1735.19,
20-Feb-24,1,170,8.047,8.047,1367.99,3.536,3.536,601.12,
20-Feb-24,2,230,16.06,16.06,3693.8,2.699,2.699,620.77,
20-Feb-24,3,440,30.59,30.59,13459.6,1.534,1.534,674.96,
20-Feb-24,4,500,9.823,9.823,4911.5,1.387,1.387,693.5,
20-Feb-24,5,390,8.463,8.463,3300.57,1.508,1.508,588.12,
20-Feb-24,6,850,5.078,5.078,4316.3,0.8821,0.8821,749.785,
5-Mar-24,1,360,9.061,9.061,3261.96,3.045,3.045,1096.2,
5-Mar-24,2,360,9.829,9.829,3538.44,4.368,4.368,1572.48,
5-Mar-24,3,1590,14.21,14.21,22593.9,1.132,1.132,1799.88,
5-Mar-24,4,1540,7.06,7.06,10872.4,1.318,1.318,2029.72,
5-Mar-24,5,980,6.7,6.7,6566,1.235,1.235,1210.3,
5-Mar-24,6,2280,5.783,5.783,13185.24,0.9896,0.9896,2256.288,
19-Mar-24,1,1070,4.08,4.08,4365.6,0.9434,0.9434,1009.438,
19-Mar-24,2,1150,7.399,7.399,8508.85,1.618,1.618,1860.7,
19-Mar-24,3,850,18.7,18.7,15895,1.031,1.031,876.35,
19-Mar-24,4,1570,5.549,5.549,8711.93,0.9441,0.9441,1482.237,
19-Mar-24,5,680,9,9,6120,1.108,1.108,753.44,
19-Mar-24,6,2480,3.715,3.715,9213.2,0.5619,0.5619,1393.512,
2-Apr-24,1,130,15.44,15.44,2007.2,8.525,8.525,1108.25,
2-Apr-24,2,80,11,11,880,2.848,2.848,227.84,
2-Apr-24,3,50,18.91,18.91,945.5,8.128,8.128,406.4,
2-Apr-24,4,180,6.748,6.748,1214.64,2.894,2.894,520.92,
2-Apr-24,5,28,16.91,16.91,473.48,5.388,5.388,150.864,
2-Apr-24,6,210,13.44,13.44,2822.4,2.259,2.259,474.39,
16-Apr-24,1,1020,7.152,7.152,7295.04,2.498,2.498,2547.96,
16-Apr-24,2,610,12.01,12.01,7326.1,2.279,2.279,1390.19,
16-Apr-24,3,700,9.248,9.248,6473.6,1.4,1.4,980,
16-Apr-24,4,1920,8.918,8.918,17122.56,0.998,0.998,1916.16,
16-Apr-24,5,420,13.66,13.66,5737.2,1.759,1.759,738.78,
16-Apr-24,6,2110,4.568,4.568,9638.48,0.4277,0.4277,902.447,
30-Apr-24,1,1960,6.456,6.456,12653.76,0.729,0.729,1428.84,
30-Apr-24,2,880,7.346,7.346,6464.48,0.8982,0.8982,790.416,
30-Apr-24,3,520,6.454,6.454,3356.08,1.203,1.203,625.56,
30-Apr-24,4,1760,7.395,7.395,13015.2,1.033,1.033,1818.08,
30-Apr-24,5,890,7.142,7.142,6356.38,0.8468,0.8468,753.652,
30-Apr-24,6,2630,3.65,3.65,9599.5,0.2729,0.2729,717.727,
14-May-24,1,12700,5.713,5.713,72555.1,0.584,0.584,7416.8,
14-May-24,2,1500,8.947,8.947,13420.5,1.166,1.166,1749,
14-May-24,3,810,5.983,5.983,4846.23,0.7455,0.7455,603.855,
14-May-24,4,2320,6.77,6.77,15706.4,0.7682,0.7682,1782.224,
14-May-24,5,400,6.517,6.517,2606.8,0.8568,0.8568,342.72,
14-May-24,6,2540,3.557,3.557,9034.78,0.4054,0.4054,1029.716,
31-May-24,1,2800,5.223,5.223,14624.4,2.188,2.188,6126.4,
31-May-24,2,920,7.573,7.573,6967.16,1.86,1.86,1711.2,
31-May-24,3,370,8.038,8.038,2974.06,2.068,2.068,765.16,
31-May-24,4,820,8.665,8.665,7105.3,2.312,2.312,1895.84,
31-May-24,5,480,7.723,7.723,3707.04,0.936,0.936,449.28,
31-May-24,6,880,7.163,7.163,6303.44,1.26,1.26,1108.8,
11-Jun-24,1,7980,6.858,6.858,54726.84,0.5538,0.5538,4419.324,
11-Jun-24,2,7480,7.449,7.449,55718.52,0.6022,0.6022,4504.456,
11-Jun-24,3,940,8.308,8.308,7809.52,2.209,2.209,2076.46,
11-Jun-24,4,1860,9.297,9.297,17292.42,0.7930,0.7930,1474.98,
11-Jun-24,5,900,7.811,7.811,7029.9,0.5139,0.5139,462.51,
11-Jun-24,6,1140,6.706,6.706,7644.84,0.7492,0.7492,854.088,
25JUN24,1,615,9.690,9.690,5959.35,1.232,1.232,757.68,
25JUN24,2,1220,7.916,7.916,9657.52,1.095,1.095,1335.9,
25JUN24,3,520,12.97,12.97,6744.4,2.457,2.457,1277.64,
25JUN24,4,1030,12.79,12.79,13173.7,1.775,1.775,1828.25,
25JUN24,5,390,11.85,11.85,4621.5,0.9052,0.9052,353.028,
25JUN24,6,15,8.120,8.120,121.8,3.275,3.275,49.125,
9JUL24,1,~175,15.25,15.25,#VALUE!,2.627,2.627,#VALUE!,
9JUL24,2,980,8.689,8.689,8515.22,1.362,1.362,1334.76,
9JUL24,3,150,16.23,16.23,2434.5,1.571,1.571,235.65,
9JUL24,4,240,12.87,12.87,3088.8,2.452,2.452,588.48,
9JUL24,5,50,12.83,12.83,641.5,2.508,2.508,125.4,
9JUL24,6,~20,7.594,7.594,#VALUE!,1.046,1.046,#VALUE!,
23JUL24,1,520,6.528,6.528,3394.56,1.025,1.025,533,
23JUL24,2,"1,300",10.61,10.61,13793,1.195,1.195,1553.5,
23JUL24,3,260,22.81,22.81,5930.6,1.826,1.826,474.76,
23JUL24,4,640,13.30,13.30,8512,1.438,1.438,920.32,
23JUL24,5,700,17.37,17.37,12159,0.5759,0.5759,403.13,
23JUL24,6,15,9.101,9.101,136.515,1.452,1.452,21.78,
6AUG24,1,220,8.992,8.992,1978.24,1.738,1.738,382.36,
6AUG24,2,420,11.24,11.24,4720.8,2.036,2.036,855.12,
6AUG24,3,200,13.74,13.74,2748,2.037,2.037,407.4,
6AUG24,4,460,16.80,16.80,7728,2.206,2.206,1014.76,
6AUG24,5,300,15.07,15.07,4521,0.9138,0.9138,274.14,
6AUG24,6,~150,6.403,6.403,#VALUE!,0.8354,0.8354,#VALUE!,
20AUG24,1,"7,680",4.932,4.932,37877.76,0.4912,0.4912,3772.416,
20AUG24,2,"8,570",5.448,5.448,46689.36,0.4094,0.4094,3508.558,
20AUG24,3,"2,960",5.296,5.296,15676.16,0.4831,0.4831,1429.976,
20AUG24,4,"2,740",9.394,9.394,25739.56,1.038,1.038,2844.12,
20AUG24,5,840,12.60,12.60,10584,0.9135,0.9135,767.34,
20AUG24,6,200,8.144,8.144,1628.8,0.6620,0.6620,132.4,
3SEPT24,1,940,5.945,5.945,5588.3,0.8181,0.8181,769.014,
3SEPT24,2,740,10.95,10.95,8103,0.9634,0.9634,712.916,
3SEPT24,3,480,13.46,13.46,6460.8,1.871,1.871,898.08,
3SEPT24,4,850,24.02,24.02,20417,1.732,1.732,1472.2,
3SEPT24,5,400,13.96,13.96,5584,6.403,6.403,2561.2,
3SEPT24,6,~40,7.195,7.195,#VALUE!,0.7777,0.7777,#VALUE!,
17SEPT24,1,"3,700",5.456,5.456,20187.2,0.6913,0.6913,2557.81,
17SEPT24,2,"7,360",9.213,9.213,67807.68,0.7676,0.7676,5649.536,
17SEPT24,3,"1,540",11.42,11.42,17586.8,1.424,1.424,2192.96,
17SEPT24,4,"1,320",16.04,16.04,21172.8,1.341,1.341,1770.12,
17SEPT24,5,800,13.26,13.26,10608,1.516,1.516,1212.8,
17SEPT24,6,25,9.406,9.406,235.15,1.154,1.154,28.85,