plot,date,date_installed_traceingrowthcores,tc_percent_mean_traceingrowthcores,tc_percent_SD_traceingrowthcores,tn_percent_mean_traceingrowthcores,tn_percent_SD_traceingrowthcores,tc.tn_ratio_mean_traceingrowthcores,tc.tn_ratio_SD_traceingrowthcores,nh4_ugN.gsoil_mean_traceingrowthcores,nh4_ugN.gsoil_SD_traceingrowthcores,no3_ugN.gsoil_mean_traceingrowthcores,no3_ugN.gsoil_SD_traceingrowthcores,nh4minrate_ugN.gsoil.day_mean_traceingrowthcores,nh4minrate_ugN.gsoil.day_SD_traceingrowthcores,no3_min_rate_ugN.gsoil.day_mean_traceingrowthcores,no3_min_rate_ugN.gsoil.day_SD_traceingrowthcores,po4_ugP.gsoil_mean_traceingrowthcores,po4_ugP.gsoil_SD_traceingrowthcores,ext.c_ug.gsoil_mean_traceingrowthcores,ext.c_ug.gsoil_SD_traceingrowthcores,ext.n_ug.gsoil_mean_traceingrowthcores,ext.n_ug.gsoil_SD_traceingrowthcores,ubial.c_ug.gsoil_mean_traceingrowthcores,ubial.c_ug.gsoil_SD_traceingrowthcores,ubial.n_ug.gsoil_mean_traceingrowthcores,ubial.n_ug.gsoil_SD_traceingrowthcores,ubial.p_ug.gsoil_mean_traceingrowthcores,ubial.p_ug.gsoil_SD_traceingrowthcores,ubial.c.n_ratio_mean_traceingrowthcores,ubial.c.n_ratio_SD_traceingrowthcores,tc.change_percent_mean_traceingrowthcores,tc.change_percent_SD_traceingrowthcores,tn.change_percent_mean_traceingrowthcores,tn.change_percent_SD_traceingrowthcores,tc.tn.change_ratio_mean_traceingrowthcores,tc.tn.change_ratio_SD_traceingrowthcores,nh4.change_ugN.gsoil_mean_traceingrowthcores,nh4.change_ugN.gsoil_SD_traceingrowthcores,no3.change_ugN.gsoil_mean_traceingrowthcores,no3.change_ugN.gsoil_SD_traceingrowthcores,nh4_min_rate.change_ugN.gsoil.day_mean_traceingrowthcores,nh4_min_rate.change_ugN.gsoil.day_SD_traceingrowthcores,no3_min_rate.change_ugN.gsoil.day_mean_traceingrowthcores,no3_min_rate.change_ugN.gsoil.day_SD_traceingrowthcores,po4.change_ugP.gsoil_mean_traceingrowthcores,po4.change_ugP.gsoil_SD_traceingrowthcores,ext.c.change_ug.gsoil_mean_traceingrowthcores,ext.c.change_ug.gsoil_SD_traceingrowthcores,ext.n.change_ug.gsoil_mean_traceingrowthcores,ext.n.change_ug.gsoil_SD_traceingrowthcores,ubial.c.change_ug.gsoil_mean_traceingrowthcores,ubial.c.change_ug.gsoil_SD_traceingrowthcores,ubial.n.change_ug.gsoil_mean_traceingrowthcores,ubial.n.change_ug.gsoil_SD_traceingrowthcores,ubial.p.change_ug.gsoil_mean_traceingrowthcores,ubial.p.change_ug.gsoil_SD_traceingrowthcores,ubial.c.n.change_ug.gsoil_mean_traceingrowthcores,ubial.c.n.change_ug.gsoil_SD_traceingrowthcores
1,2017-11-01,2017-07-26,4.4016,,0.4568,,9.6355,,0,,11.68752813,,0.082300196,,1.946471072,,0.277731747,,338.040386,,39.39510635,,54.92101919,,8.874671264,,3.397537414,,6.188513079,,-0.40609999999999946,,-4.350899999999999,,-0.06700000000000017,,-4.785097442333333,,6.981414787666667,,-0.07897712933333333,,-0.8509037620000002,,-3.6356084323333335,,58.028893166666705,,4.83762458333333,,-431.76339581,,-109.34224146933333,,-29.883586339333334,,2.1063421133333335,
1,2017-11-02,2017-07-27,3.9946,,0.4108,,9.7229,,4.903443572,,11.58833772,,-0.20396421,,0.789707191,,0.091945513,,375.19625,,46.44938516,,325.5870664,,95.79482395,,4.739345102,,3.39879602,,-0.8130999999999995,,-4.3969,,0.02039999999999864,,0.11834612966666658,,6.882224377666667,,-0.36524153533333337,,-2.0076676430000004,,-3.821394666333333,,95.18475716666671,,11.89190339333333,,-161.09734859999998,,-22.422088783333336,,-28.54177865133333,,-0.6833749456666665,
1,2017-11-03,2017-07-28,4.5036,,0.4697,,9.5891,,0.646074543,,10.54136004,,0.183369557,,1.539653476,,0.089385169,,472.4213414,,55.94391649,,370.7139459,,122.0414431,,8.298532123,,3.037607033,,-0.30410000000000004,,-4.337999999999999,,-0.11340000000000039,,-4.139022899333333,,5.835246697666667,,0.022092231666666656,,-1.2577213580000002,,-3.8239550103333335,,192.4098485666667,,21.38643472333333,,-115.9704691,,3.8245303666666643,,-24.98259163033333,,-1.0445639326666663,
1,2018-03-01,2017-11-17,4.5243,,0.481,,9.4051,,8.878741033,,0.473392247,,-0.471090674,,3.025158601,,7.51909847,,377.9320544,,46.02072398,,213.1375961,,77.3278481,,21.28343678,,2.756285107,,0.3033999999999999,,-3.7399000000000004,,0.18099999999999916,,7.9704567205000005,,-6.3437144915,,-0.38380686075,,1.9269598662499998,,7.51909847,,140.96280022500002,,22.718654705,,-82.11642125000003,,9.365038207499992,,18.506731315,,-1.5088079555,
1,2018-03-10,2017-11-17,4.1269,,0.4418,,9.3411,,5.678705949,,0.310214053,,-0.335045633,,2.474264119,,6.499762903,,367.3875343,,44.63860458,,284.1282218,,86.85239852,,25.67565252,,3.271391771,,-0.0940000000000003,,-3.7791,,0.11700000000000088,,4.7704216365,,-6.5068926854999996,,-0.24776181975,,1.37606538425,,6.499762903,,130.41828012500002,,21.336535304999998,,-11.12579555000002,,18.88958862749999,,22.898947055,,-0.9937012915000003,
1,2018-03-18,2017-11-17,4.3612,,0.4636,,9.4066,,6.73134745,,0.506161073,,-0.19784896,,3.375761278,,3.073446518,,411.8248308,,52.41373805,,335.3580703,,90.95296834,,35.28231615,,3.687159159,,0.14029999999999987,,-3.7573000000000003,,0.18249999999999922,,5.8230631375,,-6.310945665499999,,-0.11056514674999998,,2.27756254325,,3.073446518,,174.85557662499997,,29.111668775,,40.10405294999998,,22.990158447499994,,32.505610685,,-0.5779339035,
1,2018-07-25,2018-03-18,4.961333333333333,0.16458120589342298,0.49576666666666663,0.01245404887309074,10.005733333333334,0.08297037623955547,4.767178375666667,1.7921634607673653,0.37819830033333335,0.2459452356612218,-0.17274188533333334,0.2368648676190271,2.3166562023333332,0.22710832950398305,2.8899841123333334,0.6634052642345258,365.0087671666667,41.141374831030696,39.25722486,4.756319352567382,466.4021168,117.78320377284679,127.42664296666666,5.965814729402576,35.79780685,2.5390802557535075,3.693782152333333,1.1168186088620222,,,,,,,,,,,,,,,,,,,,,,,,,,,,
1,2018-09-17,2017-11-01,4.105733333333333,0.08719210591179272,0.43623333333333336,0.009928914005737663,9.411633333333334,0.08152191934279616,,,,,,,,,5.017724784666667,1.889459773254358,506.59928256666666,56.90943963391002,58.80768389333333,2.576853822485053,453.43479106666666,138.0062220164014,132.34633629666666,41.684619139560034,14.054022648333333,9.701636962527735,3.430778449,0.17362145270387036,-0.11516666666666708,0.08719210591179272,-3.784666666666667,0.009928914005737696,0.18753333333333386,0.08152191934279615,,,,,,,,,5.017724784666667,1.889459773254358,269.63002839166666,56.90943963391002,35.50561461833333,2.576853822485053,158.18077371666666,138.0062220164014,64.38352640416666,41.684619139560034,11.277317183333334,9.701636962527735,-0.8343146135000001,0.17362145270387036
1,2018-09-25,2018-07-26,4.8297,,0.4983,,9.6915,,,,,,,,,,4.689054054,,571.9447654,,69.50823631,,817.2400889,,198.1785475,,25.59694742,,4.123756578,,,,,,,,,,,,,,,,,,,,,,,,,,,,,
1,2018-11-28,2018-09-27,4.696666666666666,0.18147543451754905,0.47,0.009999999999999981,9.9992,0.1205870639828339,,,0.3048081816666667,0.10390216623501797,,,1.4214648813333333,0.14623292857588494,4.314690659333333,1.5846498799221869,408.0160855,97.85227247427655,40.052517413333334,6.687421738709922,469.016983,88.1429327193661,145.12529793333334,9.595955282021789,35.021005953333336,5.3259189947676475,3.21566488,0.405916492994236,-0.03423333333333349,0.18147543451754905,-4.2609,0.010000000000000231,0.1903,0.12058706398283392,,,,,,,,,1.9545972093333333,1.5846498799221869,-8.01648376666666,97.85227247427656,-9.235307200000001,6.687421738709922,-84.43692626666665,88.1429327193661,7.015488766666683,9.595955282021789,13.861404340000002,5.3259189947676475,-0.784391897666667,0.40591649299423604
1,2019-03-20,2018-03-28,4.34,0.14525839046333952,0.44333333333333336,0.01527525231651948,9.8269,0.06385193810684218,2.9527547726666667,0.34178293713254765,0.6149843013333334,0.3770695662014457,-0.18501189166666668,0.08352597898577403,0.7831773373333333,0.43298483443219227,2.559896862,1.5784619858733269,494.74288443333336,86.52055637733363,52.44550325333333,3.093214267009715,388.307091,50.30933045359,127.41401046666667,12.552861712099205,36.629512776666665,5.160813326892232,3.049269281,0.2941586616245843,,,,,,,,,,,,,,,,,,,,,,,,,,,,
1,2019-11-25,2018-09-26,4.618666666666667,0.25504182663503094,0.4736666666666667,0.023288051299611413,9.754966666666666,0.06543961593204266,4.3879938743333335,2.011246205920291,0.20018868766666667,0.17394991693135023,,,,,4.158200403,1.7380677361490204,418.5134925333333,5.526774680330989,49.00741003666667,2.757135181204751,,,,,,,,,-0.11223333333333349,0.25504182663503094,-4.257233333333334,0.023288051299611458,-0.05393333333333317,0.06543961593204266,,,,,,,,,1.7981069530000002,1.7380677361490204,2.480923266666669,5.526774680330989,-0.2804145766666676,2.757135181204751,,,,,,,,
1,2020-03-10,2019-03-25,4.257,,0.437,,9.7347,,2.843414148,,0.052470858,,,,,,4.181738566,,442.7909205,,41.52842896,,,,,,,,,,-1.4530000000000003,,-5.273,,-0.45030000000000037,,0.15274752233333322,,-6.900937019666666,,,,,,2.2191010573333334,,-32.7205557333333,,-14.225871323333337,,,,,,,,,
1,2020-03-11,2019-03-25,4.326,,0.46,,9.4048,,3.014302266,,0.447413142,,,,,,2.557726933,,424.2062678,,38.73795645,,,,,,,,,,-1.3840000000000003,,-5.25,,-0.7802000000000007,,0.32363564033333336,,-6.5059947356666665,,,,,,0.5950894243333336,,-51.30520843333335,,-17.016343833333337,,,,,,,,,
1,2020-03-12,2019-03-25,4.377,,0.445,,9.8292,,3.197272944,,0.345553002,,,,,,2.235385452,,438.8948168,,41.08438238,,,,,,,,,,-1.3330000000000002,,-5.265,,-0.35580000000000034,,0.5066063183333331,,-6.607854875666667,,,,,,0.2727479433333335,,-36.616659433333325,,-14.669917903333335,,,,,,,,,
1,2020-03-17,2019-03-20,4.566,,0.462,,9.8921,,3.655802585,,0.481323882,,,,,,2.520822801,,413.792339,,36.86820081,,,,,,,,,,-1.1440000000000001,,-5.248,,-0.29290000000000127,,0.9651359593333333,,-6.472083995666667,,,,,,0.5581852923333335,,-61.7191372333333,,-18.88609947333334,,,,,,,,,
1,2020-03-18,2019-03-20,4.42,,0.459,,9.6328,,3.411720728,,0.17617683,,,,,,4.013789092,,484.5713495,,39.76950405,,,,,,,,,,-1.29,,-5.251,,-0.5522000000000009,,0.7210541023333334,,-6.777231047666667,,,,,,2.051151583333333,,9.05987326666667,,-15.984796233333334,,,,,,,,,
1,2020-03-19,2019-03-20,4.117,,0.427,,9.6421,,3.176481875,,0.258346306,,,,,,3.395280354,,444.702441,,39.78494377,,,,,,,,,,-1.593,,-5.283,,-0.5429000000000013,,0.4858152493333332,,-6.695061571666667,,,,,,1.4326428453333335,,-30.809035233333304,,-15.969356513333338,,,,,,,,,
1,2020-10-01,2019-11-25,3.18,,0.341,,9.322,,2.389946687,,0,,,,,,1.041443646,,555.6308304,,52.82917877,,,,,,,,,,-0.18599999999999994,,-3.025,,-0.15810000000000102,,0.30316669733333335,,-2.037525132333333,,,,,,-0.5172792294999999,,24.120625533333396,,-9.535595873333335,,,,,,,,,
1,2020-10-02,2019-11-25,3.17,,0.333,,9.5082,,2.625,,0,,,,,,0.685168125,,629.161569,,54.67579141,,,,,,,,,,-0.19600000000000017,,-3.033,,0.028100000000000236,,0.5382200103333332,,-2.037525132333333,,,,,,-0.8735547505,,97.65136413333335,,-7.688983233333332,,,,,,,,,
1,2020-10-03,2019-11-25,3.327,,0.35,,9.5106,,2.450040826,,0,,,,,,1.047017288,,471.0697232,,41.36828571,,,,,,,,,,-0.039000000000000146,,-3.016,,0.03049999999999997,,0.36326083633333317,,-2.037525132333333,,,,,,-0.5117055875000001,,-60.44048166666664,,-20.996488933333332,,,,,,,,,
1,2021-04-01,2020-03-10,4.275,,0.441,,9.7011,,2.893079563,,0.024124831,,,,,,2.061801604,,303.9589878,,27.33149372,,,,,,,,,,,,,,,,,,,,,,,,,,,,,,,,,,,,,
1,2021-04-02,2020-03-11,4.496,,0.472,,9.5183,,2.961800018,,0,,,,,,1.851104056,,385.8998712,,34.60532744,,,,,,,,,,,,,,,,,,,,,,,,,,,,,,,,,,,,,
1,2021-04-03,2020-03-12,4.523,,0.471,,9.601,,2.606545744,,0,,,,,,1.948209458,,401.4711611,,32.84260698,,,,,,,,,,,,,,,,,,,,,,,,,,,,,,,,,,,,,
1,2022-01-26,2020-10-01,0.508,,5.09,,10.0109,,2.914683312,,0.291540776,,,,,,2.822227061,,320.2219519,,33.91701331,,481.6879218,,109.1964671,,3.376380709,,4.411204267,,,,,,,,,,,,,,,,,,,,,,,,,,,,,
1,2022-01-27,2020-03-19,0.478,,4.764,,9.9673,,2.512696878,,2.397616266,,,,,,2.266172199,,354.0756691,,35.80236171,,682.514951,,147.5777297,,11.27522858,,4.624782835,,,,,,,,,,,,,,,,,,,,,,,,,,,,,
1,2022-01-28,2020-10-02,0.471,,4.637,,9.8555,,1.899607608,,0.351529582,,,,,,0.913941997,,395.5824746,,37.87204534,,598.2827489,,140.6660832,,5.907287053,,4.253212541,,,,,,,,,,,,,,,,,,,,,,,,,,,,,
1,2022-01-30,2020-10-03,0.459,,4.478,,9.7587,,2.218085106,,1.649861786,,,,,,1.033101636,,503.7941152,,47.66258232,,563.5985482,,126.5888163,,7.6527308530000004,,4.452198579,,,,,,,,,,,,,,,,,,,,,,,,,,,,,
1,2022-02-02,2020-03-18,0.522,,5.298,,10.1469,,4.127023573,,1.776111756,,,,,,2.163052721,,447.0019171,,37.69836339,,941.9579044,,207.2853866,,6.230873712,,4.544256205,,,,,,,,,,,,,,,,,,,,,,,,,,,,,
1,2022-02-03,2021-04-03,0.449,,5.118,,11.3994,,2.804356345,,0.357788129,,,,,,,,198.9623473,,19.95399549,,473.3006782,,96.22154419,,8.59755898,,4.918863879,,,,,,,,,,,,,,,,,,,,,,,,,,,,,
1,2022-02-07,2021-04-02,0.429,,4.737,,11.0393,,2.370090634,,0.107587981,,,,,,1.460830394,,206.5360549,,15.73741841,,436.359708,,93.42442721,,1.664351657,,4.670723932,,,,,,,,,,,,,,,,,,,,,,,,,,,,,
1,2022-02-10,2021-04-01,0.445,,4.976,,11.1816,,4.183205202,,0.097555036,,,,,,1.423604991,,202.8732426,,23.26620498,,515.4374898,,114.7669314,,3.541507726,,4.491167304,,,,,,,,,,,,,,,,,,,,,,,,,,,,,
1,2022-02-11,2020-03-17,0.501,,4.961,,9.8996,,2.245868456,,1.215247263,,,,,,3.082531825,,375.556677,,38.9927795,,494.4626636,,118.497241,,8.911513222,,4.172777858,,,,,,,,,,,,,,,,,,,,,,,,,,,,,
2,2017-11-01,2017-07-26,4.3527,,0.4325,,10.0643,,0,,3.063357985,,0.092181944,,1.225828071,,0.227443773,,221.4829897,,24.54971018,,561.3636644,,123.7295374,,4.924892546,,4.537022253,,-0.45500000000000007,,-4.3751999999999995,,0.3617999999999988,,-4.785097442333333,,-1.6427553573333333,,-0.06909538133333333,,-1.5715467630000002,,-3.6858964063333333,,-58.52850313333332,,-10.007771586666667,,74.67924939999995,,5.512624666666667,,-28.356231207333334,,0.4548512873333337,
2,2017-11-02,2017-07-27,3.8656,,0.4096,,9.4383,,0,,7.938008881,,0.108563149,,0.736855556,,0.235754034,,361.1601077,,49.90690496,,401.8627464,,89.8367422,,5.51875841,,4.473256003,,-0.9420999999999995,,-4.3980999999999995,,-0.26420000000000066,,-4.785097442333333,,3.2318955386666666,,-0.052714176333333335,,-2.060519278,,-3.677586145333333,,81.14861486666672,,15.34942319333333,,-84.82166860000001,,-28.380170533333327,,-27.762365343333332,,0.3910850373333341,
2,2017-11-03,2017-07-28,4.0313,,0.4155,,9.7031,,2.386363636,,11.45669161,,-0.105821752,,1.150748035,,0.144570781,,377.0429784,,48.6372791,,338.9111965,,95.82453024,,4.727330201,,3.536789542,,-0.7763999999999998,,-4.3922,,5.999999999986017e-4,,-2.398733806333333,,6.750578267666667,,-0.2670990773333333,,-1.6466267990000003,,-3.7687693983333332,,97.03148556666667,,14.079797333333332,,-147.77321849999998,,-22.39238249333333,,-28.55379355233333,,-0.5453814236666661,
2,2018-03-05,2017-11-17,4.5008,,0.4639,,9.7016,,5.208471639,,2.247026162,,-0.227636632,,2.545707042,,6.16456936,,354.8323368,,43.64668443,,378.4970799,,99.06140879,,35.45503999,,3.8208328,,0.2798999999999996,,-3.7570000000000006,,0.47749999999999915,,4.3001873265,,-4.5700805765,,-0.14035281875,,1.4475083072500001,,6.16456936,,117.863082625,,20.344615155,,83.24306254999999,,31.098598897499997,,32.678334525000004,,-0.4442602625000003,
2,2018-03-11,2017-11-17,3.9373,,0.4232,,9.3041,,4.218361688,,0.111889858,,-0.163625499,,1.228048286,,7.608432938,,329.534473,,36.78784533,,302.7711765,,84.19348655,,15.5208802,,3.596135389,,-0.2836000000000003,,-3.7977000000000003,,0.08000000000000007,,3.3100773754999997,,-6.7052168805,,-0.07634168575,,0.12984955124999997,,7.608432938,,92.56521882499999,,13.485776055000002,,7.517159149999998,,16.2306766575,,12.744174735000001,,-0.6689576735,
2,2018-03-13,2017-11-17,4.2973,,0.4493,,9.5645,,4.623859818,,0.620119493,,0.004663413,,0.797494638,,7.316510494,,287.8950311,,30.99500769,,305.8466106,,94.40901454,,20.03671686,,3.239591178,,0.07639999999999958,,-3.7716000000000003,,0.3404000000000007,,3.7155755054999995,,-6.1969872455,,0.09194722625000001,,-0.30070409675,,7.316510494,,50.92577692499998,,7.692938415,,10.592593249999993,,26.446204647499997,,17.260011395,,-1.0255018845000001,
2,2018-07-25,2018-03-18,5.070566666666666,0.453671911554301,0.491,0.028053520278211074,10.315766666666667,0.3588485242178562,3.6157155673333334,0.1354984142316204,0.050276122,0.035101281856653,0.375019303,0.4290846221446624,1.7713647803333332,0.5010901759404695,4.238342272666666,1.0771201329115367,344.41541920000003,23.928330518849627,35.45382892,6.161810769191911,511.0169578666667,168.3561554415724,130.42619793333333,14.694014228011877,37.1587595,8.366311398321066,3.8656649653333335,0.8800503325496378,,,,,,,,,,,,,,,,,,,,,,,,,,,,
2,2018-09-17,2017-11-01,4.510033333333333,0.06149506755288053,0.4548666666666667,0.012548041015765506,9.917733333333333,0.13708246909555263,,,,,,,,,4.007169033333334,0.34958336130498846,457.1235068,95.8874252388609,49.83595772333334,2.448148684611663,544.6445759333333,83.75856714758218,138.66689566666668,17.855766687644795,25.675873776666666,8.451598535938757,3.9299597053333333,0.4125387884714964,0.2891333333333333,0.06149506755288053,-3.7660333333333336,0.012548041015765477,0.6936333333333332,0.13708246909555263,,,,,,,,,4.007169033333334,0.34958336130498846,220.154252625,95.8874252388609,26.533888448333332,2.448148684611663,249.3905585833333,83.75856714758218,70.70408577416666,17.855766687644795,22.899168311666667,8.451598535938757,-0.335133357166667,0.4125387884714964
2,2018-09-25,2018-07-26,4.9796,,0.4987,,9.9854,,,,,,,,,,6.748577339,,453.4733282,,58.88423521,,667.5539837,,157.7490947,,12.90131014,,4.231745259,,,,,,,,,,,,,,,,,,,,,,,,,,,,,
2,2018-11-28,2018-09-27,4.776666666666666,0.07571877794400336,0.4766666666666666,0.005773502691896263,10.090533333333333,0.020016076871688947,,,1.87500798,0.7560971192506639,,,1.346446104,0.22688904390290687,3.1876143923333333,0.4105183217031418,470.4135167333333,60.429655394563255,49.4479208,0.6530962089839917,586.9961644666666,147.2268339661916,151.00181076666667,10.689026048196988,39.44348313666667,6.690113481723037,3.8968931749999998,0.9596514852190492,0.04576666666666658,0.07571877794400336,-4.2542333333333335,0.005773502691896647,0.2816333333333336,0.020016076871688947,,,,,,,,,0.8275209423333334,0.4105183217031418,54.38094746666668,60.429655394563255,0.16009618666666608,0.6530962089839916,33.5422552,147.2268339661916,12.892001600000015,10.689026048196988,18.283881523333335,6.690113481723037,-0.10316360266666699,0.9596514852190493
2,2019-03-20,2018-03-28,4.31,0.20074859899884748,0.44,0.017320508075688787,9.817666666666666,0.14490722319240454,10.951599287333334,15.12576249714169,0.15556588833333335,0.14706897095843163,-1.5387327866666667,2.535814043327986,0.7088812233333333,0.12418275844218445,2.782801060666667,0.12921427512876754,469.1356054666667,70.81934051070624,49.36542849,6.242702194068947,421.81342643333335,77.7827924537688,129.22412456666666,12.750599150523884,31.387932993333337,12.221393703174945,3.2469108166666665,0.2753430134836934,,,,,,,,,,,,,,,,,,,,,,,,,,,,
2,2019-11-25,2018-09-26,4.854666666666667,0.4300189918286555,0.486,0.024576411454889015,9.9695,0.380078847083076,9.300110691666667,8.365820545698684,0.20232493166666665,0.35043706128456786,,,,,5.797798633333334,1.219340281706899,427.2277190666667,18.841283356721764,50.770427686666665,3.3275799289532766,,,,,,,,,0.12376666666666658,0.4300189918286555,-4.2449,0.024576411454889164,0.16060000000000052,0.380078847083076,,,,,,,,,3.437705183333333,1.219340281706899,11.195149800000006,18.841283356721764,1.4826030733333297,3.3275799289532766,,,,,,,,
2,2020-03-10,2019-03-25,4.259,,0.438,,9.7333,,3.588227442,,0.442552541,,,,,,2.726773622,,432.2500565,,42.68244076,,,,,,,,,,-1.4509999999999996,,-5.272,,-0.45170000000000066,,0.8975608163333333,,-6.510855336666666,,,,,,0.7641361133333335,,-43.2614197333333,,-13.071859523333337,,,,,,,,,
2,2020-03-11,2019-03-25,4.307,,0.436,,9.8702,,3.624482753,,0.214922793,,,,,,2.295442686,,431.4775583,,37.76660682,,,,,,,,,,-1.4029999999999996,,-5.274,,-0.31479999999999997,,0.9338161273333334,,-6.738485084666666,,,,,,0.33280517733333337,,-44.03391793333333,,-17.987693463333336,,,,,,,,,
2,2020-03-12,2019-03-25,4.326,,0.443,,9.7562,,4.427358424,,0.529616672,,,,,,3.584375251,,397.7761104,,36.90285802,,,,,,,,,,-1.3840000000000003,,-5.267,,-0.42880000000000074,,1.7366917983333336,,-6.423791205666667,,,,,,1.6217377423333335,,-77.73536583333333,,-18.85144226333334,,,,,,,,,
2,2020-03-17,2019-03-20,4.382,,0.429,,10.224,,3.037010899,,0.161079549,,,,,,3.492252826,,452.0158594,,38.25110209,,,,,,,,,,-1.3280000000000003,,-5.281,,0.0389999999999997,,0.3463442733333335,,-6.792328328666667,,,,,,1.5296153173333336,,-23.495616833333315,,-17.503198193333333,,,,,,,,,
2,2020-03-18,2019-03-20,4.443,,0.455,,9.7709,,3.574834674,,0.19817616,,,,,,5.312851467,,440.1745368,,39.63842642,,,,,,,,,,-1.2670000000000003,,-5.255,,-0.41410000000000124,,0.8841680483333332,,-6.755231717666667,,,,,,3.3502139583333332,,-35.33693943333333,,-16.115873863333334,,,,,,,,,
2,2020-03-19,2019-03-20,4.249,,0.43,,9.8874,,3.916665025,,0.33137892,,,,,,3.042973611,,466.628753,,39.86704412,,,,,,,,,,-1.4610000000000003,,-5.28,,-0.297600000000001,,1.2259983993333332,,-6.622028957666667,,,,,,1.0803361023333333,,-8.882723233333309,,-15.887256163333333,,,,,,,,,
2,2020-10-01,2019-11-25,3.274,,0.339,,9.6501,,2.562256809,,0,,,,,,1.005704807,,685.6462173,,62.99657494,,,,,,,,,,-0.09200000000000008,,-3.027,,0.16999999999999993,,0.4754768193333332,,-2.037525132333333,,,,,,-0.5530180684999999,,154.13601243333335,,0.6318002966666683,,,,,,,,,
2,2020-10-02,2019-11-25,3.282,,0.341,,9.6158,,2.764156726,,0,,,,,,1.517716535,,89.39541592,,10.55975676,,,,,,,,,,-0.08400000000000007,,-3.025,,0.13569999999999993,,0.6773767363333332,,-2.037525132333333,,,,,,-0.04100634050000007,,-442.11478894666664,,-51.805017883333335,,,,,,,,,
2,2020-10-03,2019-11-25,3.139,,0.333,,9.4281,,3.066073439,,0,,,,,,1.259036145,,91.68072289,,6.771084337,,,,,,,,,,-0.2270000000000003,,-3.033,,-0.0519999999999996,,0.9792934493333334,,-2.037525132333333,,,,,,-0.29968673049999994,,-439.82948197666667,,-55.593690306333336,,,,,,,,,
2,2021-04-01,2020-03-10,4.343,,0.459,,9.4688,,2.30314749,,0,,,,,,1.608101958,,403.69701,,35.53158464,,,,,,,,,,,,,,,,,,,,,,,,,,,,,,,,,,,,,
2,2021-04-02,2020-03-11,4.485,,0.444,,10.1035,,2.740396915,,0,,,,,,1.74344777,,363.8679404,,33.53353817,,,,,,,,,,,,,,,,,,,,,,,,,,,,,,,,,,,,,
2,2021-04-03,2020-03-12,4.319,,0.449,,9.6231,,3.15073683,,0,,,,,,2.280937865,,398.2660437,,32.99324055,,,,,,,,,,,,,,,,,,,,,,,,,,,,,,,,,,,,,
2,2022-01-26,2021-04-03,0.428,,4.828,,11.281,,3.475559238,,0.360961823,,,,,,3.002116508,,172.9010951,,21.88899689,,513.7855963,,105.8190969,,1.161898891,,4.855320177,,,,,,,,,,,,,,,,,,,,,,,,,,,,,
2,2022-01-27,2020-10-01,0.474,,4.668,,9.8528,,3.431480575,,2.714730514,,,,,,2.1560303,,434.0730645,,42.39145607,,702.4233881,,167.9955865,,8.619277949,,4.181201439,,,,,,,,,,,,,,,,,,,,,,,,,,,,,
2,2022-01-28,2021-04-02,0.402,,4.422,,11.0016,,3.568926778,,0.536796839,,,,,,0.884389071,,207.5931232,,20.46683381,,450.3451375,,107.200542,,6.204258494,,4.20095952,,,,,,,,,,,,,,,,,,,,,,,,,,,,,
2,2022-01-30,2020-03-19,0.46,,4.616,,10.032,,2.088662791,,1.324524014,,,,,,2.280523256,,333.4581863,,28.91659962,,520.3607969,,139.4930277,,3.885174419,,3.730371371,,,,,,,,,,,,,,,,,,,,,,,,,,,,,
2,2022-02-02,2020-10-03,0.513,,4.962,,9.6652,,74.15505634,,12.59698146,,,,,,5.973895775,,429.1848254,,106.4176923,,281.9776183,,62.59698634,,0,,4.504651658,,,,,,,,,,,,,,,,,,,,,,,,,,,,,
2,2022-02-03,2020-10-02,0.463,,4.529,,9.7882,,1.829206755,,1.269767564,,,,,,1.269070967,,357.4354101,,35.3026391,,503.1559574,,112.2961781,,7.216884089,,4.480615155,,,,,,,,,,,,,,,,,,,,,,,,,,,,,
2,2022-02-07,2020-03-18,0.477,,4.654,,9.7553,,1.936517296,,0.138999126,,,,,,3.634613208,,366.6485849,,30.3370283,,516.2877358,,132.4945755,,6.366818733,,3.896670743,,,,,,,,,,,,,,,,,,,,,,,,,,,,,
2,2022-02-10,2020-03-17,0.479,,4.85,,10.1161,,3.085481226,,0.173580111,,,,,,2.718448553,,341.8554352,,31.59826402,,591.7564539,,137.5510958,,4.025325547,,4.302084622,,,,,,,,,,,,,,,,,,,,,,,,,,,,,
2,2022-02-11,2021-04-01,0.446,,4.392,,9.8591,,2.11489899,,0.258674175,,,,,,1.489648965,,283.8159091,,27.97931818,,459.7409091,,108.8856818,,10.14617031,,4.222234746,,,,,,,,,,,,,,,,,,,,,,,,,,,,,
3,2017-11-01,2017-07-26,4.8158,,0.4708,,10.2296,,5.65699293,,0.920214619,,-0.590483249,,1.873061712,,0.774746342,,119.7818084,,19.34973512,,527.032562,,105.8532274,,1.443534963,,4.978899322,,0.008100000000000662,,-4.3369,,0.527099999999999,,0.8718954876666674,,-3.785898723333333,,-0.7517605743333333,,-0.9243131220000003,,-3.1385938373333335,,-160.22968443333332,,-15.20774664666667,,40.34814699999998,,-12.363685333333336,,-31.83758879033333,,0.8967283563333339,
3,2017-11-02,2017-07-27,3.9514,,0.3996,,9.8886,,0,,2.547156154,,0.148909602,,0.748942402,,0.017204836,,297.1313831,,30.82043305,,316.3271144,,70.03221054,,6.114396906,,4.516880332,,-0.8562999999999996,,-4.408099999999999,,0.1860999999999997,,-4.785097442333333,,-2.1589571883333334,,-0.01236772333333333,,-2.0484324320000002,,-3.8961353433333334,,17.119890266666687,,-3.7370487166666706,,-170.35730059999997,,-48.18470219333334,,-27.166726847333333,,0.4347093663333341,
3,2017-11-03,2017-07-28,4.0923,,0.4137,,9.8914,,4.218967957,,2.141912722,,-0.475875502,,1.148896451,,0.544920624,,342.8076394,,38.67170888,,266.2955278,,83.49238804,,3.275054869,,3.189458753,,-0.7153999999999998,,-4.393999999999999,,0.1889000000000003,,-0.5661294853333327,,-2.5642006203333336,,-0.6371528273333333,,-1.6484783830000003,,-3.3684195553333334,,62.79614656666672,,4.114227113333328,,-220.3888872,,-34.724524693333336,,-30.00606888433333,,-0.8927122126666664,
3,2018-03-03,2017-11-17,4.2475,,0.4488,,9.4642,,11.42899177,,0.345887685,,-1.161042704,,2.109128526,,1.98191312,,281.7179098,,30.81922931,,444.2768503,,107.5953025,,33.811195,,4.129147276,,0.02659999999999929,,-3.7721000000000005,,0.24009999999999998,,10.5207074575,,-6.4712190535,,-1.07375889075,,1.0109297912500002,,1.98191312,,44.74865562499997,,7.517160035,,149.02283294999995,,39.6324926075,,31.034489535,,-0.13594578649999978,
3,2018-03-09,2017-11-17,4.6095,,0.4693,,9.8226,,5.669326762,,3.688591671,,-0.320686806,,3.063848468,,4.639818354,,391.9363625,,48.64909153,,384.1990667,,110.9646268,,39.17546203,,3.462356228,,0.3885999999999994,,-3.7516000000000003,,0.5984999999999996,,4.7610424495,,-3.1285150674999995,,-0.23340299274999998,,1.9656497332500003,,4.639818354,,154.96710832499997,,25.347022255,,88.94504934999998,,43.0018169075,,36.398756565,,-0.8027368345000001,
3,2018-03-14,2017-11-17,4.7886,,0.4768,,10.0428,,8.320986133,,0.754688202,,-0.495462815,,1.915370054,,2.449718346,,396.4387032,,46.69842856,,211.5319564,,72.38429467,,23.78114757,,2.922346033,,0.5676999999999994,,-3.7441000000000004,,0.8186999999999998,,7.4127018205,,-6.0624185365,,-0.40817900175,,0.8171713192500001,,2.449718346,,159.46944902500002,,23.396359285000003,,-83.72206095000001,,4.421484777499998,,21.004442105000003,,-1.3427470295,
3,2018-07-25,2018-03-18,4.889266666666667,0.3249411074846231,0.4831666666666667,0.025006865723903378,10.114233333333333,0.15651691069444632,3.3809301783333336,0.8661672662928173,0.05301896033333334,0.09183153306181228,0.17909924266666666,0.16703631117122567,1.1924148376666666,0.5218912786730086,3.7137521773333333,0.49417701145476733,359.07640953333333,70.57365982144087,40.68608192666667,13.230348702941244,412.84869253333335,51.515366389575554,119.22864876666667,5.367980726992374,36.12389931,3.9293824879147996,3.4641731166666667,0.4323253435784192,,,,,,,,,,,,,,,,,,,,,,,,,,,,
3,2018-09-17,2017-11-01,4.3739333333333335,0.20224802430019734,0.44993333333333335,0.016783722272884938,9.718766666666665,0.09160558571033377,,,,,,,,,4.294272466333333,1.007086236755,449.15132496666666,17.56669301442216,49.73324086,2.316172100388145,495.1231795,54.60542514013037,130.95577086666668,20.60699839239931,13.554899622666667,3.3751932357216443,3.8301276606666668,0.6352802386986602,0.15303333333333313,0.20224802430019734,-3.770966666666667,0.01678372227288486,0.4946666666666661,0.09160558571033378,,,,,,,,,4.294272466333333,1.007086236755,212.18207079166666,17.56669301442216,26.431171584999998,2.316172100388145,199.86916214999994,54.60542514013037,62.992960974166664,20.60699839239931,10.778194157666666,3.3751932357216443,-0.4349654018333333,0.6352802386986602
3,2018-09-25,2018-07-26,4.6685,,0.4828,,9.6693,,,,,,,,,,4.373785776,,471.3009826,,56.74258346,,641.773965,,149.4551326,,20.87039107,,4.294091169,,,,,,,,,,,,,,,,,,,,,,,,,,,,,
3,2018-11-28,2018-09-27,4.63,0.12124355652982138,0.45666666666666667,0.005773502691896262,10.0746,0.21160205575560892,,,1.6486912666666667,0.6891629401759484,,,0.9034421933333333,0.1552848313121409,3.5810529483333333,1.7222513021795294,413.17123956666666,37.972918721773695,44.11789808666667,6.04184337443628,538.3306585333333,53.012180701050355,149.3014715,10.968703430008516,41.32360245333333,6.243020138865024,3.6013173536666665,0.11189736192332192,-0.10090000000000052,0.1212435565298214,-4.274233333333333,0.005773502691896135,0.2657000000000007,0.21160205575560892,,,,,,,,,1.2209594983333332,1.7222513021795294,-2.861329699999999,37.972918721773695,-5.169926526666667,6.04184337443628,-15.123250733333293,53.012180701050355,11.19166233333334,10.968703430008516,20.16400084,6.243020138865024,-0.39873942400000023,0.11189736192332192
3,2019-03-20,2018-03-28,4.37,0.06000000000000005,0.44333333333333336,0.005773502691896263,9.867966666666666,0.04785857638222621,2.8369209896666665,0.7321146505756674,1.2325237086666667,1.1023815101015346,-0.043707668,0.26984050276566407,0.5310508546666667,0.14012533163596005,4.179237959666667,0.8521724574902099,508.9004154333333,124.28536884749825,50.662454610000005,5.469055140813891,395.36013123333333,58.62249734740248,126.680878,12.311793549464463,32.03616518,12.310257223035277,3.151985868,0.6202433098451187,,,,,,,,,,,,,,,,,,,,,,,,,,,,
3,2019-11-25,2018-09-26,4.91,0.1722875503337371,0.48233333333333334,0.013650396819628858,10.1749,0.069600862063627,5.1971715,3.337691463322722,2.698778563,2.946843431808209,,,,,9.198786225,1.6365231318944513,455.4652175333334,19.6079526766489,54.5525395,4.782358864730112,,,,,,,,,0.17910000000000004,0.1722875503337371,-4.248566666666667,0.013650396819628862,0.36600000000000027,0.06960086206362699,,,,,,,,,6.838692775,1.6365231318944518,39.432648266666696,19.6079526766489,5.264714886666667,4.782358864730112,,,,,,,,
3,2020-03-10,2019-03-25,4.211,,0.428,,9.829,,4.277884166,,0.271986006,,,,,,3.529281737,,452.1514022,,41.30997229,,,,,,,,,,-1.4989999999999997,,-5.282,,-0.35599999999999987,,1.587217540333333,,-6.681421871666667,,,,,,1.5666442283333333,,-23.36007403333332,,-14.444327993333339,,,,,,,,,
3,2020-03-11,2019-03-25,4.759,,0.477,,9.9831,,4.736435248,,0.63908167,,,,,,2.921814771,,474.8177097,,44.22011795,,,,,,,,,,-0.9509999999999996,,-5.233,,-0.2019000000000002,,2.0457686223333336,,-6.314326207666666,,,,,,0.9591772623333337,,-0.693766533333303,,-11.534182333333334,,,,,,,,,
3,2020-03-12,2019-03-25,4.308,,0.446,,9.6596,,3.466183745,,0.553559686,,,,,,3.776515983,,517.9938582,,48.11911518,,,,,,,,,,-1.4020000000000001,,-5.264,,-0.5254000000000012,,0.7755171193333332,,-6.399848191666667,,,,,,1.8138784743333334,,42.48238196666665,,-7.635185103333335,,,,,,,,,
3,2020-03-17,2019-03-20,4.326,,0.429,,10.0862,,3.227096737,,0.602317173,,,,,,2.815555384,,441.9787938,,40.58744942,,,,,,,,,,-1.3840000000000003,,-5.281,,-0.09880000000000067,,0.5364301113333334,,-6.3510907046666665,,,,,,0.8529178753333335,,-33.53268243333332,,-15.166850863333337,,,,,,,,,
3,2020-03-18,2019-03-20,4.54,,0.457,,9.9332,,3.071901542,,0.355583616,,,,,,4.668820934,,448.9594025,,39.38597691,,,,,,,,,,-1.17,,-5.253,,-0.25180000000000113,,0.3812349163333333,,-6.597824261666667,,,,,,2.7061834253333337,,-26.552073733333316,,-16.36832337333334,,,,,,,,,
3,2020-03-19,2019-03-20,4.42,,0.434,,10.1876,,3.526582112,,0.466647499,,,,,,4.265851652,,462.2738833,,41.87175304,,,,,,,,,,-1.29,,-5.276,,0.0025999999999992696,,0.8359154863333331,,-6.486760378666666,,,,,,2.3032141433333337,,-13.237592933333303,,-13.882547243333335,,,,,,,,,
3,2020-10-01,2019-11-25,3.898,,0.377,,10.3261,,3.669751748,,0,,,,,,3.036795674,,656.2961501,,3368.124136,,,,,,,,,,0.532,,-2.989,,0.8460000000000001,,1.5829717583333331,,-2.037525132333333,,,,,,1.4780727985,,124.78594523333334,,3305.7593613566664,,,,,,,,,
3,2020-10-02,2019-11-25,3.478,,0.357,,9.7396,,2.787917647,,0,,,,,,2.678613861,,655.4789294,,59.50111765,,,,,,,,,,0.1120000000000001,,-3.0090000000000003,,0.2594999999999992,,0.7011376573333332,,-2.037525132333333,,,,,,1.1198909855,,123.96872453333333,,-2.8636569933333362,,,,,,,,,
3,2020-10-03,2019-11-25,3.579,,0.366,,9.7905,,2.656752437,,0,,,,,,3.922999701,,688.2343639,,58.43660236,,,,,,,,,,0.21300000000000008,,-3,,0.31039999999999957,,0.5699724473333334,,-2.037525132333333,,,,,,2.3642768255,,156.7241590333333,,-3.928172283333332,,,,,,,,,
3,2021-04-01,2020-03-10,4.534,,0.451,,10.0431,,3.032250934,,1.031765784,,,,,,3.045220638,,394.7083516,,35.62729956,,,,,,,,,,,,,,,,,,,,,,,,,,,,,,,,,,,,,
3,2021-04-02,2020-03-11,4.744,,0.471,,10.0778,,2.608594508,,0.607546597,,,,,,3.248008599,,412.8018568,,35.94230089,,,,,,,,,,,,,,,,,,,,,,,,,,,,,,,,,,,,,
3,2021-04-03,2020-03-12,4.515,,0.47,,9.6062,,3.293155402,,0.111531089,,,,,,1.405173399,,370.3418724,,31.19317459,,,,,,,,,,,,,,,,,,,,,,,,,,,,,,,,,,,,,
3,2022-01-26,2021-04-01,0.449,,5.024,,11.185,,4.194571436,,0.941781426,,,,,,4.45828951,,406.341381,,40.73350905,,539.2990466,,123.4509416,,0,,4.368529229,,,,,,,,,,,,,,,,,,,,,,,,,,,,,
3,2022-01-27,2020-03-19,0.475,,4.767,,10.0445,,2.127563056,,0,,,,,,2.704545455,,411.1241641,,39.67987529,,440.1432315,,108.34606,,3.137038704,,4.062383362,,,,,,,,,,,,,,,,,,,,,,,,,,,,,
3,2022-01-28,2021-04-02,0.473,,5.425,,11.4709,,2.190441073,,22.5324764,,,,,,4.834643726,,224.092218,,23.62054888,,389.8348172,,88.45812756,,0,,4.406998294,,,,,,,,,,,,,,,,,,,,,,,,,,,,,
3,2022-01-30,2020-10-02,0.504,,5.196,,10.3174,,2.781610128,,0.325720338,,,,,,0.617198449,,472.5983119,,42.98552157,,641.3980806,,146.0440014,,6.224223398,,4.391813937,,,,,,,,,,,,,,,,,,,,,,,,,,,,,
3,2022-02-02,2021-04-03,0.443,,5.018,,11.3213,,4.393656716,,2.123912162,,,,,,,,311.0317164,,29.54244403,,437.4993459,,101.1305729,,7.577668318,,4.326083928,,,,,,,,,,,,,,,,,,,,,,,,,,,,,
3,2022-02-03,2020-03-18,0.48,,4.782,,9.9693,,2.185765244,,1.653007198,,,,,,1.659271559,,441.144247,,39.55112424,,545.3407077,,122.2433858,,6.921162801,,4.461106046,,,,,,,,,,,,,,,,,,,,,,,,,,,,,
3,2022-02-07,2020-10-01,0.484,,5.137,,10.6111,,1.996582151,,0.418735756,,,,,,3.497848525,,413.3193493,,34.20950342,,349.5104011,,93.25031619,,4.940032934,,3.748088108,,,,,,,,,,,,,,,,,,,,,,,,,,,,,
3,2022-02-10,2020-03-17,0.473,,4.764,,10.0625,,2.343906752,,0.564996465,,,,,,1.711615756,,416.5249196,,42.3494373,,460.5432395,,108.7735881,,9.097065916,,4.233962008,,,,,,,,,,,,,,,,,,,,,,,,,,,,,
3,2022-02-11,2020-10-03,0.434,,4.449,,10.2403,,1.632657016,,0.863567056,,,,,,2.451456311,,419.5675462,,43.74457141,,343.3153881,,93.28159577,,7.678768676,,3.680419329,,,,,,,,,,,,,,,,,,,,,,,,,,,,,
4,2017-11-01,2017-07-26,4.5239,,0.4541,,9.9631,,3.118495861,,11.48527117,,-0.32840202,,2.304704996,,0,,300.2662483,,40.11396998,,609.2863301,,114.7855437,,1.715330211,,5.308040634,,-0.2837999999999994,,-4.353599999999999,,0.26060000000000016,,-1.666601581333333,,6.779157827666667,,-0.48967934533333335,,-0.4926698380000003,,-3.9133401793333333,,20.254755466666666,,5.556488213333331,,122.60191509999999,,-3.4313690333333255,,-31.56579354233333,,1.2258696683333339,
4,2017-11-02,2017-07-27,4.3456,,0.4589,,9.4689,,0,,22.4285058,,0.12826879,,1.204580886,,0.21563445,,422.8594322,,54.19363015,,343.4669014,,99.69090779,,5.08526946,,3.445318224,,-0.4620999999999995,,-4.3488,,-0.23360000000000092,,-4.785097442333333,,17.722392457666665,,-0.03300853533333334,,-1.5927939480000002,,-3.6977057293333333,,142.8479393666667,,19.636148383333328,,-143.21751360000002,,-18.526004943333334,,-28.195854293333333,,-0.6368527416666661,
4,2017-11-03,2017-07-28,4.9337,,0.4742,,10.4044,,1.523104321,,25.06710243,,0.138898501,,2.691992571,,0.653606708,,424.9867021,,57.24734043,,351.2584241,,116.8159324,,4.054893466,,3.006939353,,0.12600000000000033,,-4.3335,,0.7019000000000002,,-3.261993121333333,,20.360989087666667,,-0.022378824333333325,,-0.10538226300000009,,-3.2597334713333335,,144.9752092666667,,22.689858663333332,,-135.4259909,,-1.4009803333333366,,-29.226230287333333,,-1.0752316126666663,
4,2018-03-06,2017-11-17,5.213,,0.4986,,10.4561,,7.405756778,,0,,-0.581375172,,2.490625177,,10.41647845,,318.9711709,,32.33646807,,322.2356781,,101.6902353,,33.06399658,,3.16879666,,0.9920999999999998,,-3.7223,,1.2319999999999993,,6.4974724655,,-6.8171067385,,-0.49409135875,,1.3924264422500001,,10.41647845,,82.001916725,,9.034398795000001,,26.981660749999946,,33.72742540749999,,30.287291115000002,,-1.0962964025000002,
4,2018-03-07,2017-11-17,4.7032,,0.4752,,9.8966,,5.79053795,,0.443296896,,-0.435680534,,2.201666784,,4.500589124,,315.7295796,,34.80401506,,529.7496309,,123.9036803,,37.1035312,,4.275495528,,0.4822999999999995,,-3.7457000000000003,,0.6724999999999994,,4.8822536375,,-6.3738098425,,-0.34839672075,,1.10346804925,,4.500589124,,78.76032542500002,,11.501945784999997,,234.49561355000003,,55.9408704075,,34.326825735,,0.010402465500000346,
4,2018-03-17,2017-11-17,4.7425,,0.4673,,10.1478,,8.527591074,,0.604600764,,-0.795405286,,2.78432777,,8.280680906,,369.2464216,,41.68222685,,296.6692554,,91.9949363,,39.01467865,,3.224843316,,0.5215999999999994,,-3.7536000000000005,,0.9237000000000002,,7.6193067615,,-6.2125059745,,-0.70812147275,,1.68612903525,,8.280680906,,132.27716742500002,,18.380157575,,1.4152380499999708,,24.0321264075,,36.237973185,,-1.0402497465000002,
4,2018-07-25,2018-03-18,5.035866666666666,0.26476801795785915,0.4799,0.020179940535095742,10.491766666666667,0.22185703354487854,11.115937505666668,13.987105847723443,0.27805821333333336,0.2607915728429567,-0.9483652363333334,1.7435197041499366,3.774984047666667,3.5582661760355085,8.146833667333334,8.29594967800919,468.5151551,126.5669813123599,58.94812382333333,23.311704113249053,515.6353839,92.99259959200153,135.48913483333334,33.7180069789628,39.8445597,9.745245385909662,3.8818130513333333,0.6572600030593458,,,,,,,,,,,,,,,,,,,,,,,,,,,,
4,2018-09-17,2017-11-01,4.8802666666666665,0.7634532424014804,0.4677,0.03269174207655505,10.3942,0.8741918382140154,,,,,,,,,5.028724748666667,3.6896350656546937,531.8904205666666,110.94990429488496,62.7328669,15.445607149381487,454.5296805333333,43.705212204435554,131.41296243333335,12.065965478561052,25.572009458333333,17.13731951829176,3.491902553333333,0.5981492091458294,0.6593666666666665,0.7634532424014804,-3.7532000000000005,0.032691742076555015,1.1700999999999997,0.8741918382140154,,,,,,,,,5.028724748666667,3.6896350656546937,294.92116639166665,110.94990429488496,39.430797625,15.445607149381487,159.2756631833333,43.705212204435554,63.45015254083333,12.065965478561052,22.795303993333334,17.13731951829176,-0.773190509166667,0.5981492091458294
4,2018-09-25,2018-07-26,4.8251,,0.4946,,9.7546,,,,,,,,,,4.517615743,,373.7373096,,50.87645312,,546.6239106,,129.1775003,,22.11167748,,4.231572135,,,,,,,,,,,,,,,,,,,,,,,,,,,,,
4,2018-11-28,2018-09-27,4.926666666666667,0.16502525059315434,0.4766666666666666,0.005773502691896262,10.359133333333332,0.27499020588619727,,,4.677901879666667,5.670497420911627,,,1.3947125919999999,0.11390113164965629,5.635196422333333,1.3520469854280965,386.36499936666667,8.857296503333952,43.99470048333333,7.735430171909152,528.5744998333333,6.310536156043557,145.44948133333332,13.648225058492502,35.04930906333333,0.560514377785329,3.6527308153333333,0.2982207939834105,0.19576666666666664,0.16502525059315434,-4.2542333333333335,0.005773502691896647,0.5502333333333335,0.27499020588619727,,,,,,,,,3.2751029723333334,1.3520469854280965,-29.66756989999999,8.857296503333952,-5.293124130000001,7.735430171909152,-24.879409433333308,6.310536156043557,7.339672166666682,13.6482250584925,13.889707450000001,0.560514377785329,-0.34732596233333357,0.2982207939834105
4,2019-03-20,2018-03-28,4.343333333333334,0.2203028218914443,0.44666666666666666,0.01527525231651948,9.750766666666667,0.2284505271023316,2.6769913256666666,0.39841953899903015,1.3282504423333334,1.8097764921569235,-0.11907973533333334,0.17750174731629315,1.4764522513333334,0.18224413872450462,3.402582256,2.251459340283536,449.6964736666667,40.246388680622,51.878116059999996,7.1394903265417,367.15043463333336,106.68740095756138,114.57715559,21.94977712284175,31.055725043333332,6.214239892367038,3.159598768,0.3978135432200783,,,,,,,,,,,,,,,,,,,,,,,,,,,,
4,2019-11-25,2018-09-26,4.709666666666666,0.1782703938777649,0.472,0.015874507866387527,9.977066666666667,0.059229750407488,4.260123420333333,1.1065022200851868,0,0,,,,,8.610600086333333,1.9221143682777946,534.3232329666666,141.17803143759468,58.70753949666666,10.064754232103631,,,,,,,,,-0.021233333333333586,0.1782703938777649,-4.258900000000001,0.01587450786638764,0.16816666666666732,0.059229750407488006,,,,,,,,,6.250506636333333,1.9221143682777946,118.29066370000001,141.17803143759468,9.419714883333329,10.064754232103631,,,,,,,,
4,2020-03-10,2019-03-25,4.253,,0.435,,9.7746,,2.892329821,,0.113704827,,,,,,2.590182989,,458.8364172,,42.82854232,,,,,,,,,,-1.4569999999999999,,-5.275,,-0.410400000000001,,0.20166319533333343,,-6.8397030506666665,,,,,,0.6275454803333336,,-16.675059033333298,,-12.92575796333334,,,,,,,,,
4,2020-03-11,2019-03-25,4.201,,0.435,,9.6675,,2.557252269,,0.346860656,,,,,,4.307585152,,504.052468,,45.61812498,,,,,,,,,,-1.5090000000000003,,-5.275,,-0.5175000000000001,,-0.13341435666666657,,-6.606547221666667,,,,,,2.344947643333333,,28.54099176666665,,-10.136175303333339,,,,,,,,,
4,2020-03-12,2019-03-25,4.252,,0.45,,9.4378,,2.594139452,,0.409878192,,,,,,2.945523037,,472.2276643,,44.17780831,,,,,,,,,,-1.4580000000000002,,-5.26,,-0.7472000000000012,,-0.09652717366666685,,-6.543529685666667,,,,,,0.9828855283333335,,-3.283811933333311,,-11.576491973333333,,,,,,,,,
4,2020-03-17,2019-03-20,4.418,,0.445,,9.9343,,3.132240967,,0.453998342,,,,,,2.570557921,,441.3099589,,35.6792346,,,,,,,,,,-1.2919999999999998,,-5.265,,-0.25070000000000014,,0.4415743413333333,,-6.499409535666667,,,,,,0.6079204123333333,,-34.2015173333333,,-20.075065683333335,,,,,,,,,
4,2020-03-18,2019-03-20,4.201,,0.436,,9.6388,,3.075770391,,0.998436019,,,,,,3.984170101,,456.4622228,,39.79911343,,,,,,,,,,-1.5090000000000003,,-5.274,,-0.5462000000000007,,0.3851037653333331,,-5.954971858666667,,,,,,2.0215325923333336,,-19.04925343333332,,-15.955186853333338,,,,,,,,,
4,2020-03-19,2019-03-20,4.452,,0.46,,9.6827,,3.264977838,,0.103520748,,,,,,4.436276633,,489.8655618,,43.98344831,,,,,,,,,,-1.258,,-5.25,,-0.5023,,0.5743112123333334,,-6.849887129666667,,,,,,2.4736391243333338,,14.354085566666697,,-11.770851973333336,,,,,,,,,
4,2020-10-01,2019-11-25,3.172,,0.33,,9.6205,,2.408366534,,0,,,,,,1.831957883,,708.5289793,,68.09073231,,,,,,,,,,-0.19399999999999995,,-3.036,,0.14039999999999964,,0.321586544333333,,-2.037525132333333,,,,,,0.27323500750000007,,177.0187744333333,,5.725957666666673,,,,,,,,,
4,2020-10-02,2019-11-25,3.386,,0.351,,9.6451,,2.091082154,,0,,,,,,1.326181759,,472.3950495,,42.71303184,,,,,,,,,,0.020000000000000018,,-3.015,,0.16499999999999915,,0.004302164333333192,,-2.037525132333333,,,,,,-0.23254111649999998,,-59.11515536666661,,-19.651742803333335,,,,,,,,,
4,2020-10-03,2019-11-25,3.085,,0.329,,9.3741,,1.616529057,,0,,,,,,1.476813471,,519.1140985,,43.11881688,,,,,,,,,,-0.28100000000000014,,-3.037,,-0.10599999999999987,,-0.47025093266666684,,-2.037525132333333,,,,,,-0.08190940449999995,,-12.396106366666686,,-19.245957763333337,,,,,,,,,
4,2021-04-01,2020-03-10,4.254,,0.445,,9.5687,,2.738704607,,1.299205092,,,,,,2.013797369,,374.7669339,,33.11392858,,,,,,,,,,,,,,,,,,,,,,,,,,,,,,,,,,,,,
4,2021-04-02,2020-03-11,4.211,,0.437,,9.6403,,3.945706016,,0,,,,,,2.915936392,,401.2249603,,35.60458405,,,,,,,,,,,,,,,,,,,,,,,,,,,,,,,,,,,,,
4,2021-04-03,2020-03-12,4.477,,0.468,,9.5648,,2.347907708,,1.977513377,,,,,,1.335042732,,390.7359499,,36.07552038,,,,,,,,,,,,,,,,,,,,,,,,,,,,,,,,,,,,,
4,2022-01-26,2020-10-03,0.432,,4.298,,9.9479,,1.301807894,,0.169237919,,,,,,1.290186163,,535.1701169,,51.73556191,,160.037464,,67.36289739,,5.475575885,,2.375750899,,,,,,,,,,,,,,,,,,,,,,,,,,,,,
4,2022-01-27,2020-03-19,0.476,,4.836,,10.1621,,2.568336793,,0.352400683,,,,,,2.154536127,,438.7069122,,39.36475022,,246.978928,,85.33495951,,7.300768308,,2.894229158,,,,,,,,,,,,,,,,,,,,,,,,,,,,,
4,2022-01-28,2020-10-01,0.478,,4.679,,9.7951,,1.902846535,,0.217120263,,,,,,2.143414976,,299.5238795,,29.50316567,,459.7534643,,110.2217904,,5.390067166,,4.171166724,,,,,,,,,,,,,,,,,,,,,,,,,,,,,
4,2022-01-30,2020-03-17,0.494,,5.064,,10.2458,,1.840403748,,0.42255212,,,,,,2.445636144,,504.8423624,,44.21663903,,333.0323818,,98.94794419,,4.348416695,,3.36573321,,,,,,,,,,,,,,,,,,,,,,,,,,,,,
4,2022-02-02,2020-03-18,0.494,,4.806,,9.7259,,2.179545677,,2.906281178,,,,,,1.416166207,,386.9039859,,31.82645928,,437.1287522,,99.74514819,,5.968998539,,4.382456291,,,,,,,,,,,,,,,,,,,,,,,,,,,,,
4,2022-02-03,2021-04-02,0.378,,4.197,,11.1114,,1.335726337,,1.773046824,,,,,,0.34323618,,260.0779105,,20.69445363,,369.6423934,,82.77364029,,1.753448903,,4.465701787,,,,,,,,,,,,,,,,,,,,,,,,,,,,,
4,2022-02-07,2021-04-01,0.389,,4.25,,10.9381,,1.183031917,,0.34321096,,,,,,1.046384614,,325.3523442,,24.3399261,,493.5997064,,119.9947964,,3.318783926,,4.113509263,,,,,,,,,,,,,,,,,,,,,,,,,,,,,
4,2022-02-09,2020-10-02,0.467,,4.601,,9.8513,,1.291530935,,1.003116784,,,,,,2.182228916,,318.0607435,,31.37801607,,588.1805834,,134.8418661,,10.08578671,,4.362002695,,,,,,,,,,,,,,,,,,,,,,,,,,,,,
4,2022-02-11,2021-04-03,0.423,,4.578,,10.8148,,2.904624633,,0.101247986,,,,,,2.864081483,,214.6833034,,20.53291497,,361.1173224,,82.26924516,,0.738557813,,4.389457101,,,,,,,,,,,,,,,,,,,,,,,,,,,,,
5,2017-11-01,2017-07-26,4.4353,,0.4592,,9.6588,,4.567414965,,7.131695083,,-0.314423987,,0.963854807,,0.154352967,,349.0855794,,40.44882685,,414.7640734,,115.5252604,,2.283083305,,3.590245735,,-0.37239999999999984,,-4.3485,,-0.04370000000000118,,-0.2176824773333328,,2.425581740666667,,-0.47570131233333335,,-1.833520027,,-3.7589872123333334,,69.07408656666667,,5.891345083333334,,-71.92034160000003,,-2.6916523333333373,,-30.998040448333334,,-0.4919252306666664,
5,2017-11-02,2017-07-27,5.1409,,0.48,,10.7096,,2.171449317,,6.884341639,,-0.146977277,,0.628046093,,0.212147458,,382.8798329,,39.72112214,,508.0194036,,126.7777138,,5.664881426,,4.007166469,,0.3332000000000006,,-4.3277,,1.0070999999999994,,-2.613648125333333,,2.178228296666666,,-0.30825460233333335,,-2.169328741,,-3.7011927213333333,,102.86834006666669,,5.16364037333333,,21.334988599999974,,8.56080106666667,,-27.61624232733333,,-0.07500449666666587,
5,2017-11-03,2017-07-28,4.3064,,0.4177,,10.3086,,5.336817622,,1.653380436,,-0.593808094,,0.913796989,,0,,336.3301324,,35.33209605,,189.4165092,,76.67139785,,3.940697542,,2.470497664,,-0.5012999999999996,,-4.39,,0.6060999999999996,,0.5517201796666669,,-3.0527329063333335,,-0.7550854193333334,,-1.8835778450000003,,-3.9133401793333333,,56.31863956666672,,0.774614283333328,,-297.2679058,,-41.545514883333325,,-29.340426211333334,,-1.6116733016666664,
5,2018-03-04,2017-11-17,5.3607,,0.5181,,10.3476,,7.534067309,,0.883964126,,-0.611571928,,2.142198035,,3.839321183,,362.1657752,,44.16766537,,325.4793348,,100.3264058,,47.20196014,,3.244204077,,1.1397999999999993,,-3.7028000000000003,,1.1235,,6.6257829965,,-5.933142612499999,,-0.52428811475,,1.0439993002499999,,3.839321183,,125.19652102499998,,20.865596095,,30.225317449999977,,32.3635959075,,44.425254675,,-1.0208889855,
5,2018-03-08,2017-11-17,4.931,,0.4912,,10.0392,,3.753862743,,1.75778683,,9.396671116,,1.141428153,,5.501701046,,359.6589999,,40.03140487,,373.3715966,,97.43875461,,31.09964081,,3.831859285,,0.7100999999999997,,-3.7297000000000002,,0.8150999999999993,,2.8455784305,,-5.0593199085,,9.48395492925,,0.04322941824999993,,5.501701046,,122.68974572500002,,16.729335595000002,,78.11757924999995,,29.4759447175,,28.322935345,,-0.4332337774999999,
5,2018-03-16,2017-11-17,4.6193,,0.4437,,10.4102,,7.770181651,,2.099793429,,-0.769437494,,1.000504108,,4.270448495,,432.726359,,49.82452987,,205.4986262,,72.61242842,,5.858862665,,2.830075108,,0.39839999999999964,,-3.7772000000000006,,1.1860999999999997,,6.8618973384999995,,-4.7173133095,,-0.68215368075,,-0.09769462675000007,,4.270448495,,195.757104825,,26.522460595,,-89.75539115000004,,4.649618527499996,,3.0821572,,-1.4350179545000001,
5,2018-03-21,2017-11-17,4.2377,,0.4327,,9.7932,,5.780330632,,0.403909552,,-0.227923711,,2.800682833,,4.185211975,,465.6014282,,51.35521022,,282.6055174,,89.86351591,,20.62954389,,3.144830408,,0.016799999999999926,,-3.7882000000000002,,0.5691000000000006,,4.8720463195,,-6.4131971865,,-0.14063989775,,1.7024840982500002,,4.185211975,,228.63217402499998,,28.053140944999996,,-12.64849995000003,,21.9007060175,,17.852838425,,-1.1202626545000003,
5,2018-07-25,2018-03-18,5.1982,0.4791994574287411,0.5025333333333334,0.03215219017941599,10.333466666666666,0.3525136073023749,4.596870754666666,2.838156386060427,0.3520092693333334,0.3049697448419959,0.8095904006666668,1.2633884152164132,2.991825351666667,1.0129176356862981,4.6482629300000005,0.5000352584440337,348.9254259333333,19.213463451685602,34.800995406666665,5.73047535223195,485.1051290666667,48.88770530040642,139.9956641,5.7922905938552,33.236213623333335,13.699522283930001,3.462629162333333,0.26685666081572673,,,,,,,,,,,,,,,,,,,,,,,,,,,,
5,2018-09-17,2017-11-01,4.7894000000000005,0.01272792206135771,0.47545000000000004,0.0017677669529663704,10.07295,0.06484169183480601,,,,,,,,,3.6624855385,0.20751430958387154,408.23195495,51.997274001958736,48.708345495,5.175780932066145,551.6869802,16.67947785793971,148.4758715,16.53344022579204,30.67268282,1.0252042821362093,3.7451417345,0.5293759449907557,0.5684999999999998,0.01272792206135771,-3.74545,0.001767766952966331,0.8488500000000005,0.06484169183480601,,,,,,,,,3.6624855385,0.20751430958387154,171.26270077499998,51.997274001958736,25.406276220000002,5.175780932066145,256.43296284999997,16.67947785793971,80.5130616075,16.53344022579204,27.895977355,1.0252042821362093,-0.5199513279999999,0.5293759449907557
5,2018-09-25,2018-07-26,4.9675,,0.5064,,9.8098,,,,,,,,,,4.144962282,,458.9807527,,54.98923579,,549.2840633,,156.6699392,,29.70700448,,3.505995254,,,,,,,,,,,,,,,,,,,,,,,,,,,,,
5,2018-11-28,2018-09-27,4.906666666666667,0.2098412098071621,0.49,0.010000000000000009,10.0624,0.2082860773071495,,,5.161102378333334,2.6674306288147003,,,1.0270731113333333,0.21799276928206945,4.717850727,1.3231512748671301,431.8755487,13.541017903762453,50.94908802,2.388987161479615,497.18599746666666,17.432500720682906,142.30525336666668,4.2174160062515424,50.73816758666667,3.2297026037786245,3.497810786,0.217118672821909,0.17576666666666677,0.20984120980716212,-4.2409,0.009999999999999787,0.2535000000000007,0.2082860773071495,,,,,,,,,2.357757277,1.3231512748671301,15.842979433333369,13.541017903762453,1.6612634066666652,2.388987161479615,-56.2679118,17.432500720682906,4.195444200000016,4.2174160062515424,29.578565973333333,3.2297026037786227,-0.502245991666667,0.217118672821909
5,2019-03-20,2018-03-28,4.57,0.170880074906351,0.45666666666666667,0.015275252316519456,10.0205,0.2600028269077086,3.5875513846666665,1.3064945743701093,0.4195620766666667,0.21729869054723314,-0.258747503,0.19392453614829144,0.6076059566666667,0.13553783594666827,2.769291892,1.1988705474588683,491.64857936666664,46.35366965946558,50.002736563333336,2.9178912910246346,523.0324315,40.890965118106145,147.48373226666666,6.24681104202613,39.41362988,9.184620772994005,3.5521875703333334,0.3342526956800179,,,,,,,,,,,,,,,,,,,,,,,,,,,,
5,2019-11-25,2018-09-26,4.789666666666666,0.17876334449023226,0.47533333333333333,0.014742229591663979,10.074233333333334,0.19497223733991847,4.305402609666666,1.4222030640191297,1.4610241,0.8468541752499212,,,,,7.559432561333334,0.914251444814199,442.35265176666667,2.876844186119797,51.35124261,4.219474007979045,,,,,,,,,0.05876666666666648,0.17876334449023223,-4.255566666666667,0.01474222959166387,0.2653333333333337,0.19497223733991847,,,,,,,,,5.199339111333334,0.914251444814199,26.320082500000012,2.876844186119797,2.063417996666665,4.219474007979045,,,,,,,,
5,2020-03-10,2019-03-25,4.683,,0.467,,10.0364,,3.529081852,,0.488287992,,,,,,3.08928007,,425.3642053,,37.0253544,,,,,,,,,,-1.0270000000000001,,-5.243,,-0.14860000000000007,,0.8384152263333333,,-6.465119885666667,,,,,,1.1266425613333335,,-50.147270933333346,,-18.72894588333334,,,,,,,,,
5,2020-03-11,2019-03-25,4.592,,0.461,,9.9648,,4.215979773,,0.447272921,,,,,,2.908456837,,452.3127208,,43.99394244,,,,,,,,,,-1.1180000000000003,,-5.249,,-0.22020000000000017,,1.5253131473333332,,-6.506134956666667,,,,,,0.9458193283333336,,-23.198755433333304,,-11.760357843333338,,,,,,,,,
5,2020-03-12,2019-03-25,4.496,,0.452,,9.9392,,3.774250824,,0.702941453,,,,,,2.639545839,,497.1416648,,46.91716201,,,,,,,,,,-1.2139999999999995,,-5.258,,-0.2458000000000009,,1.0835841983333334,,-6.250466424666667,,,,,,0.6769083303333336,,21.630188566666675,,-8.837138273333338,,,,,,,,,
5,2020-03-17,2019-03-20,4.749,,0.466,,10.1908,,3.842731655,,0.481313391,,,,,,3.450968227,,479.0047484,,39.94778116,,,,,,,,,,-0.9610000000000003,,-5.244,,0.005799999999998917,,1.1520650293333334,,-6.472094486666667,,,,,,1.4883307183333336,,3.4932721666666566,,-15.806519123333338,,,,,,,,,
5,2020-03-18,2019-03-20,4.463,,0.452,,9.8828,,3.063654646,,0.141705955,,,,,,3.703939628,,454.2026198,,40.17940446,,,,,,,,,,-1.2469999999999999,,-5.258,,-0.3022000000000009,,0.3729880203333331,,-6.811701922666667,,,,,,1.7413021193333336,,-21.308856433333347,,-15.574895823333335,,,,,,,,,
5,2020-03-19,2019-03-20,4.462,,0.459,,9.7138,,3.531082326,,0.143566279,,,,,,3.547846695,,499.842206,,42.87101554,,,,,,,,,,-1.2480000000000002,,-5.251,,-0.4711999999999996,,0.8404157003333332,,-6.809841598666667,,,,,,1.5852091863333335,,24.33072976666665,,-12.883284743333334,,,,,,,,,
5,2020-10-01,2019-11-25,3.394,,0.352,,9.6301,,2.447219738,,0,,,,,,0.880592025,,540.2115195,,50.70100241,,,,,,,,,,0.028000000000000025,,-3.0140000000000002,,0.15000000000000036,,0.36043974833333303,,-2.037525132333333,,,,,,-0.6781308505,,8.701314633333368,,-11.663772233333333,,,,,,,,,
5,2020-10-02,2019-11-25,3.315,,0.341,,9.7125,,2.760786079,,0.176160258,,,,,,2.555405243,,554.7075608,,49.52880288,,,,,,,,,,-0.051000000000000156,,-3.025,,0.23240000000000016,,0.6740060893333331,,-1.8613648743333333,,,,,,0.9966823675,,23.19735593333337,,-12.835971763333333,,,,,,,,,
5,2020-10-03,2019-11-25,3.201,,0.332,,9.6344,,2.729329224,,0.502227238,,,,,,1.611016378,,564.5974034,,51.61136975,,,,,,,,,,-0.16500000000000004,,-3.0340000000000003,,0.15429999999999922,,0.6425492343333334,,-1.535297894333333,,,,,,0.05229350249999998,,33.08719853333332,,-10.753404893333332,,,,,,,,,
5,2021-04-01,2020-03-10,4.951,,0.482,,10.2715,,2.156842997,,0.958634289,,,,,,1.824741509,,411.0894043,,36.07484733,,,,,,,,,,,,,,,,,,,,,,,,,,,,,,,,,,,,,
5,2021-04-02,2020-03-11,4.511,,0.471,,9.5787,,2.69494045,,0.876288784,,,,,,1.52609723,,375.9765492,,34.267893719999996,,,,,,,,,,,,,,,,,,,,,,,,,,,,,,,,,,,,,
5,2021-04-03,2020-03-12,4.456,,0.457,,9.747,,2.679956151,,1.199019077,,,,,,4.697486469,,439.0392957,,38.54506306,,,,,,,,,,,,,,,,,,,,,,,,,,,,,,,,,,,,,
5,2022-01-26,2020-03-19,0.482,,4.861,,10.0857,,2.369936591,,0.370490948,,,,,,2.043961405,,529.0883167,,45.63534899,,365.8250738,,103.1221997,,7.817185656,,3.547490985,,,,,,,,,,,,,,,,,,,,,,,,,,,,,
5,2022-01-27,2020-03-18,0.476,,4.983,,10.4648,,1.643745881,,4.170930575,,,,,,3.076446076,,496.4877154,,47.58853457,,327.5575516,,90.42165695,,6.130255693,,3.622556395,,,,,,,,,,,,,,,,,,,,,,,,,,,,,
5,2022-01-28,2020-10-02,0.486,,5.09,,10.4825,,4.213794975,,18.00643699,,,,,,1.478467214,,381.7801858,,35.5121517,,304.6901261,,83.9551747,,2.096647042,,3.629200072,,,,,,,,,,,,,,,,,,,,,,,,,,,,,
5,2022-01-30,2021-04-03,0.433,,4.705,,10.8774,,2.144929056,,0.016257666,,,,,,2.201667535,,266.3640351,,22.20285088,,416.7478158,,99.32987786,,2.728157026,,4.19559376,,,,,,,,,,,,,,,,,,,,,,,,,,,,,
5,2022-02-02,2020-10-01,0.484,,4.728,,9.7674,,2.155120482,,1.9927897,,,,,,1.543301921,,447.6099398,,42.29028614,,414.6448831,,106.3412937,,6.013711849,,3.899189755,,,,,,,,,,,,,,,,,,,,,,,,,,,,,
5,2022-02-03,2020-03-17,0.503,,5.273,,10.4764,,2.994432526,,4.050056311,,,,,,2.782895747,,522.5316682,,46.11841097,,531.5940547,,120.8572531,,8.024796561,,4.398528356,,,,,,,,,,,,,,,,,,,,,,,,,,,,,
5,2022-02-07,2020-10-03,0.458,,4.672,,10.1965,,1.780612245,,0.22981576,,,,,,4.218023843,,441.5163387,,39.18372408,,447.4328039,,105.2737895,,5.635419526,,4.250182369,,,,,,,,,,,,,,,,,,,,,,,,,,,,,
5,2022-02-10,2021-04-01,0.452,,4.978,,11.0157,,2.652380952,,2.343553303,,,,,,0.881659595,,202.1647182,,20.52300162,,491.5614723,,104.0498555,,4.310139347,,4.724287889,,,,,,,,,,,,,,,,,,,,,,,,,,,,,
5,2022-02-10,2021-04-02,0.444,,4.9,,11.0341,,3.1265625,,1.820884772,,,,,,2.809737723,,183.2412802,,18.98140983,,435.6417566,,94.95408182,,2.3315627,,4.587920269,,,,,,,,,,,,,,,,,,,,,,,,,,,,,
6,2017-11-01,2017-07-26,4.175,,0.4409,,9.469,,0.186528649,,8.562513879,,0.178486243,,2.074653458,,0.20146152,,224.0332341,,34.53901157,,776.4848759,,122.5574937,,1.676690089,,6.335678487,,-0.6326999999999998,,-4.3668,,-0.23350000000000115,,-4.5985687933333335,,3.8564005366666674,,0.017208917666666657,,-0.7227213760000004,,-3.7118786593333333,,-55.97825873333332,,-0.01847019666666938,,289.8004609,,4.340580966666664,,-31.60443366433333,,2.2535075213333338,
6,2017-11-02,2017-07-27,4.3656,,0.4515,,9.669,,1.212344898,,11.95157108,,-0.05156692,,1.500426229,,0,,920.650441,,172.436828,,0,,2.271336659,,3.502435737,,,,-0.44209999999999994,,-4.356199999999999,,-0.033500000000000085,,-3.572752544333333,,7.245457737666667,,-0.21284424533333335,,-1.2969486050000003,,-3.9133401793333333,,640.6389481666668,,137.8793462333333,,-486.684415,,-115.94557607433333,,-29.778688016333334,,,
6,2017-11-03,2017-07-28,3.9715,,0.4289,,9.2598,,3.696734554,,1.144097351,,-0.432183912,,1.224825997,,0.353891156,,391.8428682,,44.68057575,,245.9914232,,86.38576997,,4.432694271,,2.847591951,,-0.8361999999999998,,-4.3788,,-0.4427000000000003,,-1.0883628883333332,,-3.5620159913333334,,-0.5934612373333333,,-1.5725488370000003,,-3.5594490233333334,,111.83137536666669,,10.123093983333334,,-240.6929918,,-31.831142763333332,,-28.848429482333334,,-1.2345790146666662,
6,2018-03-02,2017-11-17,4.3065,,0.4618,,9.325,,4.997682378,,0.912866732,,-0.21842178,,3.074760695,,3.011643872,,296.8001551,,37.38383892,,376.0617919,,95.63293263,,28.14057677,,3.932346123,,0.08559999999999945,,-3.7591,,0.10089999999999932,,4.0893980655,,-5.904240006499999,,-0.13113796675,,1.9765619602500002,,3.011643872,,59.83090092499998,,14.081769645000001,,80.80777454999998,,27.670122737499995,,25.363871305,,-0.3327469395000002,
6,2018-03-12,2017-11-17,4.013,,0.4239,,9.4676,,4.696768346,,0.593211538,,3.968687083,,1.349444473,,7.583979458,,260.4438257,,28.40584012,,389.1813758,,99.4530807,,14.18754904,,3.913215891,,-0.20790000000000042,,-3.797,,0.24349999999999916,,3.7884840334999996,,-6.2238952004999994,,4.05597089625,,0.25124573824999996,,7.583979458,,23.474571524999988,,5.103770845,,93.92735844999999,,31.490270807499996,,11.410843575000001,,-0.3518771715,
6,2018-03-15,2017-11-17,4.2034,,0.458,,9.1779,,4.008527898,,2.899813757,,-0.152581984,,1.408695346,,3.30579943,,381.0570047,,43.58831776,,271.7134227,,93.06038935,,36.12102163,,2.919753771,,-0.01750000000000007,,-3.7629,,-0.046200000000000685,,3.1002435854999995,,-3.9172929814999997,,-0.06529817075,,0.31049661125000005,,3.30579943,,144.087750525,,20.286248485,,-23.540594650000003,,25.09757945749999,,33.344316165,,-1.3453392915000002,
6,2018-07-25,2018-03-18,5.1856333333333335,0.38829114506170903,0.5057,0.022033837613997253,10.245933333333333,0.32573425262525474,3.178238011,2.010195728029197,0.4831210286666667,0.3476614139867013,0.7271980293333333,0.8280137173168728,1.6221344143333334,0.3820536886780907,2.8637706236666665,1.4074678449821225,299.04170346666666,38.4850579730936,28.034937106666668,5.287200578271897,569.5697379666667,110.62634264545821,127.45211556666666,23.476422651634373,33.56320548666667,3.847890267763273,4.5898409456666664,1.3510547110839306,,,,,,,,,,,,,,,,,,,,,,,,,,,,
6,2018-09-17,2017-11-01,4.278833333333333,0.06355480574538305,0.4484,0.010267911179982029,9.546366666666666,0.29350470751477464,,,,,,,,,2.9666441553333334,0.12999516722680393,440.24310383333335,42.24399248275319,46.581758603333334,1.4111227576098218,541.4460241,12.695928677014322,144.28007296666667,7.090922059039555,18.36137613,2.394405702850704,3.7570373596666666,0.14766079461178502,0.05793333333333302,0.06355480574538305,-3.7725000000000004,0.010267911179981944,0.3222666666666664,0.29350470751477464,,,,,,,,,2.9666441553333334,0.12999516722680393,203.27384965833332,42.24399248275319,23.27968932833333,1.4111227576098218,246.19200675,12.69592867701432,76.31726307416666,7.090922059039555,15.584670665,2.394405702850705,-0.5080557028333335,0.14766079461178502
6,2018-09-25,2018-07-26,4.8881,,0.501,,9.7559,,,,,,,,,,3.713986238,,440.1203892,,54.82842948,,628.0210058,,154.931745,,28.99601839,,4.053533419,,,,,,,,,,,,,,,,,,,,,,,,,,,,,
6,2018-11-28,2018-09-27,4.72,0.026457513110645845,0.47333333333333333,0.005773502691896263,9.908199999999999,0.13649274706005485,,,3.521643400666667,1.0200560212804135,,,1.196839348,0.1656226755880698,3.7001053643333335,0.9251583699235055,374.7592934,55.628659571086594,44.53768941333333,5.070280288242,538.4685448,57.56575551165911,149.16489416666667,13.075686785181432,41.4073257,6.341710215220777,3.6147218526666665,0.3124883101422933,-0.010900000000000059,0.026457513110645845,-4.2575666666666665,0.005773502691896647,0.09930000000000008,0.13649274706005485,,,,,,,,,1.3400119143333336,0.9251583699235055,-41.27327586666665,55.628659571086594,-4.7501352000000026,5.070280288242,-14.985364466666663,57.56575551165911,11.05508500000002,13.075686785181432,20.24772408666667,6.341710215220777,-0.3853349250000003,0.3124883101422933
6,2019-03-20,2018-03-28,4.39,0.15716233645501734,0.44,0.020000000000000018,9.921166666666666,0.05201868254130722,1.8358129653333333,0.6377349437381513,2.7662893163333333,0.87200337298653,0.23776111833333333,0.2871381822333318,0.6596494753333333,0.40281165756540366,3.761239467,2.0433307588904976,477.73954613333336,10.379220519723395,53.784407716666664,1.9596081935926286,422.05353786666666,58.724776810624036,128.40522953333334,8.29312095694946,30.540343743999998,18.021674229721985,3.2795201146666666,0.31939421192547185,,,,,,,,,,,,,,,,,,,,,,,,,,,,
6,2019-11-25,2018-09-26,4.772333333333333,0.18722268381083876,0.462,0.008888194417315575,10.328533333333333,0.2725623842963901,3.4525447236666666,0.9814367576480947,0.2254573973333333,0.3227782830663283,,,,,4.871263865666666,1.6058143429124205,434.1326683666667,51.64998043323753,49.550563090000004,3.0669922377444063,,,,,,,,,0.04143333333333299,0.18722268381083876,-4.2689,0.008888194417315708,0.5196333333333337,0.2725623842963901,,,,,,,,,2.5111704156666663,1.6058143429124205,18.1000991,51.64998043323753,0.26273847666666683,3.0669922377444063,,,,,,,,
6,2020-03-10,2019-03-25,4.628,,0.463,,10.0026,,3.976501351,,0.484152956,,,,,,3.627625932,,395.1799309,,37.92630212,,,,,,,,,,-1.0819999999999999,,-5.247,,-0.18240000000000123,,1.2858347253333333,,-6.469254921666667,,,,,,1.6649884233333334,,-80.33154533333334,,-17.827998163333334,,,,,,,,,
6,2020-03-11,2019-03-25,4.795,,0.479,,10.0141,,3.696273879,,0.122305935,,,,,,1.63855356,,424.8835785,,38.74591891,,,,,,,,,,-0.915,,-5.231,,-0.17090000000000138,,1.0056072533333333,,-6.831101942666667,,,,,,-0.32408394866666645,,-50.62789773333333,,-17.008381373333336,,,,,,,,,
6,2020-03-12,2019-03-25,4.305,,0.425,,10.1359,,3.065709291,,0.260159362,,,,,,4.146997415,,499.2313798,,42.28553412,,,,,,,,,,-1.4050000000000002,,-5.285,,-0.04910000000000103,,0.3750426653333334,,-6.693248515666667,,,,,,2.184359906333334,,23.719903566666687,,-13.468766163333335,,,,,,,,,
6,2020-03-17,2019-03-20,4.651,,0.434,,10.7165,,4.445648325,,1.107508115,,,,,,1.446619142,,428.4859009,,38.81376143,,,,,,,,,,-1.0590000000000002,,-5.276,,0.5314999999999994,,1.754981699333333,,-5.845899762666667,,,,,,-0.5160183666666665,,-47.025575333333336,,-16.940538853333337,,,,,,,,,
6,2020-03-18,2019-03-20,4.527,,0.448,,10.1169,,3.197700129,,0.506938064,,,,,,1.193666383,,415.1100823,,35.37872646,,,,,,,,,,-1.1829999999999998,,-5.262,,-0.06810000000000116,,0.5070335033333331,,-6.446469813666667,,,,,,-0.7689711256666665,,-60.40139393333334,,-20.375573823333333,,,,,,,,,
6,2020-03-19,2019-03-20,4.506,,0.44,,10.2349,,3.148633514,,0.154941905,,,,,,1.54185005,,493.2529102,,43.0450131,,,,,,,,,,-1.2039999999999997,,-5.27,,0.04989999999999917,,0.45796688833333343,,-6.7984659726666665,,,,,,-0.42078745866666645,,17.741433966666648,,-12.709287183333338,,,,,,,,,
6,2020-10-01,2019-11-25,3.588,,0.356,,10.076,,2.045601388,,0,,,,,,1.375858006,,473.6057402,,42.63444109,,,,,,,,,,0.22199999999999998,,-3.0100000000000002,,0.5959000000000003,,-0.04117860166666665,,-2.037525132333333,,,,,,-0.18286486949999992,,-57.90446466666663,,-19.73033355333333,,,,,,,,,
6,2020-10-02,2019-11-25,3.686,,0.379,,9.7257,,3.182864011,,0,,,,,,1.078846154,,3.882692308,,0.186923077,,,,,,,,,,0.31999999999999984,,-2.987,,0.2455999999999996,,1.0960840213333332,,-2.037525132333333,,,,,,-0.47987672149999994,,-527.6275125586667,,-62.17785156633333,,,,,,,,,
6,2020-10-03,2019-11-25,3.437,,0.351,,9.7939,,2.944335226,,0,,,,,,1.387133989,,507.9046527,,43.68719965,,,,,,,,,,0.07099999999999973,,-3.015,,0.3138000000000005,,0.8575552363333334,,-2.037525132333333,,,,,,-0.17158888649999993,,-23.605552166666655,,-18.677574993333337,,,,,,,,,
6,2021-04-01,2020-03-10,4.403,,0.458,,9.6126,,3.457028021,,0,,,,,,2.606921297,,308.325566,,28.29139622,,,,,,,,,,,,,,,,,,,,,,,,,,,,,,,,,,,,,
6,2021-04-02,2020-03-11,4.562,,0.478,,9.5408,,3.803188577,,0,,,,,,2.116986984,,308.6401834,,29.08519585,,,,,,,,,,,,,,,,,,,,,,,,,,,,,,,,,,,,,
6,2021-04-03,2020-03-12,4.47,,0.457,,9.772,,2.952005833,,2.196450935,,,,,,2.28493932,,315.2635263,,28.8684268,,,,,,,,,,,,,,,,,,,,,,,,,,,,,,,,,,,,,
6,2022-01-26,2020-03-18,0.495,,4.999,,10.1042,,2.839710695,,1.283799635,,,,,,3.451609062,,471.9431718,,42.63507302,,502.7595329,,123.6747998,,7.839514066,,4.065173613,,,,,,,,,,,,,,,,,,,,,,,,,,,,,
6,2022-01-27,2020-10-02,0.473,,4.577,,9.6845,,2.179245283,,1.17313144,,,,,,1.871967655,,374.7574124,,36.50518868,,484.9201011,,116.5135803,,3.925876011,,4.161919149,,,,,,,,,,,,,,,,,,,,,,,,,,,,,
6,2022-01-28,2020-10-03,0.445,,4.286,,9.6205,,2.147638834,,0.385637995,,,,,,3.505369105,,366.2374782,,35.49182743,,352.6753466,,91.59851356,,3.027638766,,3.85023002,,,,,,,,,,,,,,,,,,,,,,,,,,,,,
6,2022-01-30,2021-04-02,0.437,,4.891,,11.1873,,5.272739414,,2.070164164,,,,,,1.994390516,,301.8777948,,32.51400244,,525.6751368,,92.52003664,,4.717859368,,5.681743716,,,,,,,,,,,,,,,,,,,,,,,,,,,,,
6,2022-02-02,2020-10-01,0.484,,4.817,,9.9618,,1.709377466,,0.35891236,,,,,,1.141781768,,271.0743143,,24.43483006,,803.1147159,,155.79995160000001,,3.691069061,,5.15478155,,,,,,,,,,,,,,,,,,,,,,,,,,,,,
6,2022-02-03,2020-03-17,0.488,,5.041,,10.3266,,3.470597291,,3.268116585,,,,,,1.455080049,,373.5956589,,37.01070659,,755.4000308,,138.5425693,,6.050628152,,5.452475977,,,,,,,,,,,,,,,,,,,,,,,,,,,,,
6,2022-02-07,2021-04-01,0.451,,5.062,,11.2322,,3.370477979,,1.290781504,,,,,,1.3746788,,181.7285503,,17.67803254,,355.6198225,,79.60140533,,2.238258958,,4.467506836,,,,,,,,,,,,,,,,,,,,,,,,,,,,,
6,2022-02-10,2020-03-19,0.479,,4.763,,9.9377,,2.102876958,,0.420586607,,,,,,1.86849711,,278.183146,,26.72147211,,564.9490795,,127.571736,,8.708973988,,4.428481553,,,,,,,,,,,,,,,,,,,,,,,,,,,,,
6,2022-02-11,2021-04-03,0.45,,5.104,,11.3343,,3.553648621,,0.555299403,,,,,,0.425406546,,144.1634031,,16.27051127,,443.9032903,,94.5133186,,4.382032037,,4.69672737,,,,,,,,,,,,,,,,,,,,,,,,,,,,,
