date,plot,tc_g.g.soil_mean_nutrient.cores,tc_g.g.soil_SD_nutrient.cores,tn_g.g.soil_mean_nutrient.cores,tn_g.g.soil_SD_nutrient.cores,tc.tn_ratio_mean_nutrient.cores,tc.tn_ratio_SD_nutrient.cores,nh4_ug.g.soil_mean_nutrient.cores,nh4_ug.g.soil_SD_nutrient.cores,no3_ug.g.soil_mean_nutrient.cores,no3_ug.g.soil_SD_nutrient.cores,nh4.min_ug.g.soil.day_mean_nutrient.cores,nh4.min_ug.g.soil.day_SD_nutrient.cores,no3.min_ug.g.soil.day_mean_nutrient.cores,no3.min_ug.g.soil.day_SD_nutrient.cores,po4_ug.g.soil_mean_nutrient.cores,po4_ug.g.soil_SD_nutrient.cores,ext.c_ug.g.soil_mean_nutrient.cores,ext.c_ug.g.soil_SD_nutrient.cores,ext.n_ug.g.soil_mean_nutrient.cores,ext.n_ug.g.soil_SD_nutrient.cores,ubial.c_ug.g.soil_mean_nutrient.cores,ubial.c_ug.g.soil_SD_nutrient.cores,ubial.n_ug.g.soil_mean_nutrient.cores,ubial.n_ug.g.soil_SD_nutrient.cores,ubial.p_ug.g.soil_mean_nutrient.cores,ubial.p_ug.g.soil_SD_nutrient.cores,ubial.c.n_ratio_mean_nutrient.cores,ubial.c.n_ratio_SD_nutrient.cores
2016-03-10,1,3.892666666666667,0.38425247342513424,0.41233333333333333,0.03748990975360347,9.435966666666667,0.11333147547496879,,0.6984817711602992,,0.3287201910984204,,0.434055660703337,,0.3347268525008472,,2.443689713244519,88.97281116,11.840441117280998,11.621166839999999,1.631264294797159,12.838661985333333,14.978733685374683,2.2752884516666665,2.588356216298162,,2.3348907487745154,,
2016-03-10,2,3.7628333333333335,0.5344868224131751,0.36543333333333333,0.06684372321567171,10.358466666666667,0.5515131941606959,,0.34284694652920994,,0.8528463120796762,,0.15136036413144124,,0.5465976507703422,,0.5859569472513209,96.90438469333333,44.70641489705798,10.981391946666667,2.707821358353017,18.249958633333332,18.459209857225723,1.9426744386666668,2.7498340272949893,,8.474390265319567,,
2016-03-10,3,3.5410333333333335,0.5207676001186454,0.3415666666666667,0.0374713668463446,10.337100000000001,0.405716637568636,,0.8729792984492722,,0.726799151594437,,0.5274837980128196,,0.5984750267986236,,11.801446368533226,78.23220749333333,26.129501721007497,8.750639598000001,1.8626006362611334,8.459600933333334,14.652458628290427,2.0325133706666665,2.469251564962061,,7.615556511110305,,
2016-03-10,4,4.265,0.7226701944870841,0.41273333333333334,0.06405469017436065,10.3282,0.4702004785195357,,2.2031863587653953,,1.326343173234134,,2.9385729886842342,,1.3608123037010686,,17.806447240438377,90.42096093666667,23.849501960887206,12.279037401333333,3.3131180377786418,34.74679318333333,31.53937487275856,2.383050219,2.8050395367701553,,0,,
2016-03-10,5,6.026066666666667,2.7388490143367403,0.5241666666666667,0.14712193355626255,11.163833333333333,1.8292816468038304,,1.9615659971321937,,0.7017382880143345,,0.2154994745044222,,0.5440330633297527,,21.23607615584523,124.12783707333332,75.59090048303236,9.304633412,2.466461023899803,10.257843593333334,17.767106279748234,4.3532678229999995,2.7252818941618684,,1.6676860900254706,,
2016-03-10,6,4.422233333333333,0.23153562000982353,0.43603333333333333,0.01918914623773902,10.1397,0.13284490957503767,,0.40325774346193316,,0.5157259637062115,,0.1117535775553331,,0.5201925248374187,,1.5350239659656197,113.54783101333334,27.511537690594253,15.552661813333334,3.0668679125854745,1.0578554213333333,1.4927496535523657,0.22540255766666667,0.3904086820346404,,2.2085176840440237,,
2017-03-07,1,3.3017,,0.3495,,9.4482,,,,,,,,,,,,308.1819293,,27.28640688,,235.8195071,,61.41817113,,,,,
2017-03-07,2,3.6456,,0.3555,,10.2538,,,,,,,,,,,,286.00375,,28.9168341,,294.2575039,,76.23574015,,,,,
2017-03-07,3,3.5486,,0.3391,,10.4658,,,,,,,,,,,,262.4114358,,29.79810912,,174.9785636,,49.29898112,,,,,
2017-03-07,4,5.6723,,0.4417,,12.8433,,,,,,,,,,,,415.1185255,,34.43681601,,235.0034656,,70.01329418,,,,,
2017-03-07,5,4.0438,,0.4022,,10.0541,,,,,,,,,,,,365.0099888,,35.92124365,,516.1998875,,117.3879695,,,,,
2017-03-07,6,6.505,,0.5158,,12.6112,,,,,,,,,,,,187.3821835,,18.39231975,,591.5974343,,123.057285,,,,,
2017-03-08,1,3.7246,,0.3866,,9.6349,,,,,,,,,,,,242.9745086,,24.80520528,,380.2798559,,87.72306613,,,,,
2017-03-08,2,3.1179,,0.3168,,9.8407,,,,,,,,,,,,218.8516201,,24.24814631,,414.6144267,,94.95512427,,,,,
2017-03-08,3,3.1525,,0.321,,9.8216,,,,,,,,,,,,315.6427215,,34.86277556,,296.6824038,,78.83071764,,,,,
2017-03-08,4,4.6782,,0.4318,,10.8353,,,,,,,,,,,,452.9977918,,44.57962503,,364.4193613,,90.30673728,,,,,
2017-03-08,5,4.0151,,0.3881,,10.3447,,,,,,,,,,,,280.2623373,,28.74159007,,355.2477486,,87.64192221,,,,,
2017-03-08,6,4.619,,0.4184,,11.0396,,,,,,,,,,,,254.9987014,,23.81241526,,500.4580887,,119.4538149,,,,,
2017-03-09,1,3.9151,,0.4003,,9.7814,,,,,,,,,,,,242.7061853,,24.00675871,,120.5275651,,38.48738925,,,,,
2017-03-09,2,3.2245,,0.3217,,10.0229,,,,,,,,,,,,186.5120139,,20.1009188,,679.6092619,,64.78812459,,,,,
2017-03-09,3,3.1925,,0.3066,,10.4123,,,,,,,,,,,,237.2133923,,24.23830826,,217.1671423,,40.63069559,,,,,
2017-03-09,4,4.9312,,0.4413,,11.1747,,,,,,,,,,,,341.0157553,,31.8814949,,566.4857718,,114.9338855,,,,,
2017-03-09,5,4.9511,,0.4612,,10.7345,,,,,,,,,,,,306.5244679,,28.93166092,,269.8959043,,69.46378699,,,,,
2017-03-09,6,3.3724,,0.3382,,9.9718,,,,,,,,,,,,419.6563255,,38.61378331,,301.3224278,,84.34764085,,,,,
2017-09-20,1,5.365966666666667,0.6499950333143577,0.5026999999999999,0.03723989795904385,10.649366666666667,0.565738361200063,,0.6443725007887694,,1.8212609371039306,,0.07927299223180499,,0.26775099046617734,,0.08605591586467544,262.30529286666666,23.97342583135525,26.65665316,3.182020691025282,502.8470989333333,225.8071877404668,90.41667924000001,11.49972543457154,,1.0294612849689,,1.967799962578976
2017-09-20,2,4.3979333333333335,0.4861365274625363,0.4046,0.024818742917400174,10.848366666666667,0.5818288522695773,,0.33335290268977874,,0.9143567242690709,,0.014923622496829794,,0.45631292351771663,,0.19720492411082716,258.82768733333336,87.08518310305423,22.919742183333334,5.923636844262485,308.8811361,74.03003762014309,77.84438992333332,9.147274622590267,,1.2626660386993134,,0.475526528712183
2017-09-20,3,4.5063,0.6941244196828118,0.41806666666666664,0.05173068077392114,10.7533,0.3083822465707125,,1.3274156314195455,,2.553772545631695,,0.14103902339181337,,0.6102489435847653,,0.340953027962825,418.6031341,120.41261805949291,33.88225853666667,3.709989501442073,148.60130789,59.664753136014134,57.72406520333333,8.038984023934285,,1.1696506463860756,,1.2449689619194018
2017-09-20,4,5.235833333333333,0.18422704289363537,0.45156666666666667,0.003971565602295078,11.594133333333334,0.3713921422611601,,2.8602971486773563,,3.4576378858810815,,0.19513154807343328,,0.7761943409065051,,0.41129348875890004,426.4606677333333,36.0314302635767,40.99686088333333,6.630499508936268,479.88501003333334,110.37927209513649,104.75632926,15.392323590388324,,1.6709174879506705,,0.7228892152967646
2017-09-20,5,5.481033333333333,0.7006665493181,0.48546666666666666,0.03633322629953652,11.261333333333333,0.6818965415173576,,1.7578615710597112,,3.3116074408222262,,0.18322078511819223,,0.0486591895444284,,0.3839065584908909,334.0301502666667,18.74240164324781,30.87347933,2.1486389031352138,462.92518383333334,38.494309809619196,100.47397105666667,10.277901737242223,,0.6637799208365747,,0.3908436538790475
2017-09-20,6,5.737833333333334,1.3529394714226255,0.49533333333333335,0.06187684003998045,11.484066666666667,1.237149588098922,,1.0514225413494742,,2.378984057401197,,0.2402556272203808,,0.17757070697818003,,0.05864891989664956,314.26858343333333,32.5896896481961,22.18625722,5.749196620863909,497.2556204,324.9815295648805,90.39433228333333,13.388589684610158,,1.3430681209118156,,3.688769859659333
2017-11-21,1,4.040533333333333,0.6958890021643777,0.4023,0.052916632545920744,10.004933333333334,0.4443391985109274,,1.1116720041209691,,0.18098236184694894,,,,,,0.038291501444516714,215.35432816666668,11.689565214599826,23.106183603333335,3.0978985760579563,432.08791626666664,36.75995291455351,87.35757341333334,7.371238114258934,,0.8296768209144116,,0.4788744785945485
2017-11-21,2,4.9619,0.846171619708437,0.41009999999999996,0.04815516587034044,12.060533333333334,0.8590069984192994,,1.566165053348603,,1.745825433426383,,,,,,0.12411217645110309,269.76877303333333,115.69453271819461,22.553784026666666,6.398736976342749,334.2189163766667,284.4504618798515,77.53673099333334,29.683145238169836,,1.0907469763493602,,2.639038416494374
2017-11-21,3,3.4761,0.166804436391842,0.32846666666666663,0.016081459303599697,10.5917,0.5595737306200141,,0.18846176262952988,,0.821055526410221,,,,,,0.05044683829029384,234.83373973333335,48.39211495880774,22.03533634,2.892299240603431,327.10820390000003,174.40099655191815,55.00805209,11.647025497943433,,0.8395254432020843,,1.8355268740754231
2017-11-21,4,3.932166666666667,0.7227719935544451,0.3714166666666667,0.03836557919107525,10.522683333333333,0.8518733906318863,,2.426551578563752,,2.754537370091226,,,,,,0.10538565712785719,398.33273865,122.28232227703435,36.06318591666667,9.087563076783749,368.79691088333334,98.65939369632314,72.20705886666667,5.0492543357162685,,0.7502039317838421,,1.1354398251715703
2017-11-21,5,5.547066666666667,0.9289877412180065,0.4893,0.08197859476717077,11.339033333333333,0.3297390533942457,,4.170106435897697,,1.6393287166698494,,,,,,0.14801641150583764,305.27547453333335,72.15399839623907,25.47196117,5.820683696052731,493.10985949999997,238.37771650784146,98.28659870999999,32.78397897972811,,2.9675566335334325,,0.9702577411512852
2017-11-21,6,4.5279,0.6820653854286993,0.4166666666666667,0.031009084690350557,10.8263,0.8265966610143062,,0.8367204499186983,,0.7726351269424754,,,,,,0.03720829880877336,283.93018946666666,45.079365250395036,26.880473693333332,1.0515823368821295,490.3964266333333,122.94938158279489,78.40451376333333,20.389687151185193,,0.7036309112925337,,1.553263071139173
2018-01-11,1,3.0423,,0.3324,,9.1532,,,,,,,,,,,,240.1304812,,19.74815597,,380.6271215,,60.08225784,,,,,
2018-01-11,2,4.281,,0.4101,,10.4388,,,,,,,,,,,,318.7809109,,22.82676472,,549.9222988,,92.32088005,,,,,
2018-01-11,3,4.2736,,0.38,,11.2453,,,,,,,,,,,,276.8498795,,17.06697111,,309.5202098,,53.37800964,,,,,
2018-01-11,4,3.8391,,0.3936,,9.7543,,,,,,,,,,,,225.5816288,,14.51796552,,450.3048716,,76.0659634,,,,,
2018-01-11,5,4.8517,,0.4555,,10.6511,,,,,,,,,,,,162.6528157,,12.61207359,,612.9031141,,92.94302693,,,,,
2018-01-11,6,4.9327,,0.4861,,10.1469,,,,,,,,,,,,278.3307736,,19.82672959,,481.5878245,,87.25757382,,,,,
2018-03-16,1,4.7082999999999995,0.43391585589835285,0.46536666666666665,0.029928303215072737,10.108133333333333,0.41532146986802115,,22.800724605537418,,0.30656822471288114,,3.6899417287110348,,0.4946377884944315,,2.1888623136182974,342.0614923333333,69.46219849030493,36.65079224666667,7.623459904720405,294.17695263333337,106.10266293332651,59.31561812333334,10.441954714551795,,10.680940477780995,,1.8411614194386805
2018-03-16,2,4.833333333333333,0.7132612027394547,0.4309,0.029754159373102784,11.1775,0.8813143139652272,,0.5111431245135438,,1.7326630454999679,,0.015852094451078574,,0.6497120718607104,,5.57132175369739,339.6736315333333,33.77446203518465,30.429244836666665,6.628017928368236,353.3344275333333,55.756204925658245,72.82469314666666,11.694096097921138,,7.5304251815929115,,0.4968144419305449
2018-03-16,3,4.1027000000000005,0.31568572980101606,0.3839666666666667,0.026405365616354065,10.6807,0.09289305679112986,,0.5666755101579484,,0.8318846364015543,,0.09490966918190424,,0.4794578393082496,,0.2972190884443692,427.0369670666667,77.42628896024871,43.98326287333333,1.5823577468627938,208.91261392,152.38266629869634,33.15730064666667,1.913184816037817,,4.90647727237437,,4.605521495799353
2018-03-16,4,5.463566666666667,1.5846274020517672,0.4765666666666667,0.1016426255728045,11.320933333333333,1.0726548202163333,,3.59287362295386,,0.9280145306608519,,0.5577009048676609,,2.340736989775245,,3.249424242747473,616.0502545666667,178.74484430046328,62.53194294,14.748334726766627,290.86715933333335,146.6381784573043,66.31873838,12.388685537910577,,28.1101867027149,,1.3543867077375837
2018-03-16,5,5.4925,1.532606045270604,0.5111,0.10772311729614956,10.653566666666666,0.7003200006663627,,2.949745034687823,,1.2139955057212264,,0.5956629411836057,,0.8736087307493406,,2.499884457261423,462.6733606,109.3133264136688,45.99461226,12.330899070638244,385.26412213333333,58.45396428146717,98.99082504333333,30.163609650024902,,17.782486816737276,,1.7001869755458523
2018-03-16,6,4.7287333333333335,0.13329427344538614,0.45213333333333333,0.01472560128936448,10.4601,0.06085811367434969,,1.235711740891065,,2.268577792676136,,0.23253662369327927,,0.7565458871410289,,4.514611755523486,371.2688188,83.30274718655028,40.21560546,17.140614181330903,361.91273966666665,32.82466577283121,93.27508812,21.116961575430864,,14.055325802059594,,0.6714368964261194
2018-07-23,1,4.827333333333334,0.7874511688564146,0.4648,0.05303423422658237,10.347233333333334,0.5038376855033107,,1.7645137868562164,,1.4894163226710655,,4.429674554101165,,2.3498221938133854,,0.830607253829685,411.28090783333334,120.11589211240819,51.42915491,15.045773167321627,387.86978493333334,61.60677409927434,102.19142486333334,5.934668335783583,,5.712301509675394,,0.41525360121224625
2018-07-23,2,5.449166666666667,1.4504040862233303,0.45476666666666665,0.06455550583283609,11.8503,1.3932044394129675,,2.3968905001277885,,1.8666138533166776,,2.7307977081060892,,1.379331373597225,,3.3511750038861217,470.52027053333336,33.19321460138355,52.80678600333333,9.0343141949721,435.35846683333335,102.93259936888687,115.34959232,17.890122407444867,,16.49553575559791,,0.3347909011871392
2018-07-23,3,4.7961,0.41608273215792074,0.42483333333333334,0.027112051440887564,11.2783,0.27746698902752365,,1.1143963762169844,,0.7141205397459077,,0.48224894791820433,,0.37740710196761645,,0.931413682127038,397.45951333333335,83.75974835858936,49.275569499999996,12.781980755462582,388.60531883333334,110.42152892798367,94.47296396666667,20.042143683770863,,20.589578790690997,,0.3321587202694733
2018-07-23,4,6.634533333333333,2.909431735465421,0.5254333333333333,0.13425979790441117,12.249,2.2693891050236403,,3.678842206649064,,0.9086100103556601,,0.5292349700740059,,0.7397685151439514,,1.845297433484383,562.433835,120.77500470650115,60.171804286666664,14.85768632282995,465.4025615,135.3852302555913,124.03084609999999,23.52572806426511,,7.847940297813314,,0.42101397019534265
2018-07-23,5,6.996966666666667,0.9126793595416373,0.6073666666666666,0.0827468629818275,11.526933333333334,0.23354434982104214,,5.894309978425166,,0.3475289468106965,,0.9738682186364426,,0.11992488929702526,,2.573118084567525,436.0778107666667,79.67429595444355,51.09582853333333,8.77399995750453,552.0530472,131.5530256516635,135.8879654,32.04809106256398,,6.009959650887204,,0.08841055894787067
2018-07-23,6,5.561766666666666,1.0766069493242802,0.5243333333333333,0.07896621640507626,10.560066666666666,0.5251619781870475,,3.0831932384281364,,0.3975092835827949,,0.5108297301723226,,0.3835995603817138,,1.9910269963475808,346.4174782333333,42.59969897468453,42.19357474,3.5832072761263203,592.5042302333334,178.76026317044017,143.78879573333333,22.28572276350989,,7.740226554060238,,0.5939791794224278
2018-09-11,1,5.3387,0.39597732258299884,0.5104333333333333,0.030650013594341732,10.453000000000001,0.14534232005854317,,1.1456837022948607,,0.3429337957258441,,0.3365132823385228,,1.0372441538602557,,1.3024446681078996,467.89258256666665,37.92238774112839,53.32547454,1.2148228294132208,490.992504,71.30464566923163,120.02702506666667,6.7611352511292555,,4.715319137307008,,0.6368234671314469
2018-09-11,2,4.6838,0.7344412365873798,0.42113333333333336,0.045614727153994186,11.0844,0.5171877415407298,,2.1659395173886677,,1.1295907164160137,,0.27729627045269895,,1.1417089629446089,,0.8509819939347426,444.5298671,105.62421084206927,44.78993522333333,12.883111221017916,495.7237669,112.8281729484888,129.74662303333332,25.141206656008418,,3.59290598337794,,0.4454328873718266
2018-09-11,3,3.785066666666667,0.381451364309178,0.3541666666666667,0.03729696144906893,10.692733333333333,0.23782149468316183,,1.7464634625145246,,0.4626852847504748,,0.3360234867048979,,0.9096507313752491,,1.6716609467867187,485.6523431,8.245839907877537,53.212061606666666,3.3829337267509834,544.8041656333334,123.37775144468245,98.60898728000001,10.6909376257959,,1.7454067400862077,,1.8924704636001068
2018-09-11,4,5.1179,0.6896793385334957,0.4561,0.05644076540940955,11.211666666666666,0.11953218534492367,,2.224322586337785,,0.059781845965919816,,0.4544275357323885,,1.148093722847918,,2.6846618602765506,771.6062234999999,35.46162378677234,72.4912705,7.219516033731771,291.37520384333334,207.4314970032408,107.69021968333334,22.38096067959459,,4.455103187913626,,1.6034503412929597
2018-09-11,5,5.0301,0.5048882648665939,0.46643333333333337,0.0344500120948213,10.7713,0.2895533802254774,,0.7735003303316604,,0.7855195273685865,,0.23282209446273863,,0.5238163891789543,,0.818749585441951,567.2111782666667,88.93770577509403,62.17247886,11.482436961622499,483.08885646666664,71.85850056915194,119.22964927666666,19.308490009017643,,6.2905188206239515,,0.3288011226118406
2018-09-11,6,4.631333333333333,0.6604738172958359,0.43176666666666663,0.038819110413987265,10.692866666666667,0.5545510105782273,,1.8536897399733037,,1.4769327389017617,,0.4995206519951321,,0.7916072779827248,,0.42011438222262637,541.1999869666666,52.08835424234166,54.78206898333333,11.328299241318975,455.1637748,96.08575930569233,115.4538761,3.150619921492015,,10.281049379213682,,0.756682809341302
2018-09-26,1,4.350133333333333,0.294268012759344,0.4403,0.027292306608273316,9.877666666666666,0.15007805746788327,,,,,,,,,,0.7174092907617995,421.7325183,45.27679472746551,47.88185122,1.6689055431785025,438.39090053333337,41.23246754842977,107.60844613,10.845194618587662,,12.341718259987834,,0.4815578638549871
2018-09-26,2,4.7339,0.6623270415738737,0.41126666666666667,0.01565641508562332,11.5092,1.5381592765380314,,,,,,,,,,2.0565665249663416,549.441983,104.57952361735421,60.234577386666665,4.708769114307032,614.1170563999999,111.02898090576915,137.34425606666667,20.017348085894103,,4.381938227486044,,0.5453557307250292
2018-09-26,3,3.8461333333333334,0.45677544081674687,0.34386666666666665,0.04968826152456266,11.2211,0.6123647279195626,,,,,,,,,,0.5436522292162845,451.5522761666667,83.72800625605169,50.097262916666665,6.352407803683421,355.3225008,55.185423000574474,78.44111681333332,5.18243282441498,,8.113653692847617,,0.6720019837137526
2018-09-26,4,4.539899999999999,0.21622102117971784,0.4160333333333333,0.014718808828615617,10.9101,0.2706648665785788,,,,,,,,,,0.6007117699418572,620.7430075333333,53.40853142329795,64.85443298999999,4.355015847130772,547.0334574,55.59428123132135,125.77540746666666,19.46738748746616,,3.195233468674747,,0.5234091928321392
2018-09-26,5,5.1018,0.7298227456033416,0.46826666666666666,0.051822035210259125,10.870566666666667,0.3630860274553862,,,,,,,,,,2.607356091923141,578.9459232,57.828926782436476,61.64467647,8.051943844265507,494.6593185,107.97376077842287,131.2928015,31.548357548865596,,6.202832857467876,,0.08170711117568026
2018-09-26,6,4.761433333333334,0.2715651180349442,0.4452,0.02030344798303974,10.693533333333333,0.340028018453381,,,,,,,,,,1.978249629503409,483.44903393333334,88.51509695734309,45.8866028,8.154306449538216,538.1620113666667,25.008236696757436,129.0438765,1.4809195174494654,,3.5455819991082653,,0.16044207641317723
2018-12-05,1,4.1433333333333335,0.17616280348965085,0.41666666666666663,0.011547005383792525,9.962200000000001,0.2004164913374145,,2.8344055685118223,,0.443351158247087,,0.8595936340789421,,0.0593221539525403,,0.9460690110339123,404.62511440000003,85.88101690832278,46.87144627333333,8.792194459512828,425.59059590000004,119.68909978151181,113.0472223,16.681280625320174,,16.0157396433039,,0.790959976726379
2018-12-05,2,4.883333333333334,0.2516611478423584,0.41666666666666663,0.011547005383792526,11.787833333333333,0.32008507202513053,,2.7885834995200764,,0.6264898999123346,,0.8503302815976732,,0.14532188889721048,,1.506899087278551,364.3456237666667,78.24548964025115,38.337828413333334,4.4656955589535166,545.3099267,89.90812164155986,140.3324399,5.460388386218289,,6.102370938203895,,0.7553496705370061
2018-12-05,3,3.123333333333333,0.37018013633004865,0.29333333333333333,0.035118845842842465,10.669966666666667,0.042227045046194234,,4.8218921010825335,,0.3422506434944773,,0.5138748956056542,,0.2683374754890081,,1.5884795432444156,429.7423874333333,33.892480459878115,46.55733429,1.0113048700913552,240.90239110000002,89.35379856433593,61.450314553333335,12.498842596765114,,4.356991410764032,,0.868267112461965
2018-12-05,4,5.023333333333333,1.1700569786695576,0.44,0.0721110255092798,11.378833333333333,0.8713233976735236,,2.897878859018633,,0.4755226490774252,,1.4182445777594517,,0.37829796551045286,,2.7548445530337005,691.2926087999999,143.3453810921642,80.27868273333334,9.403104744261029,611.7328597333334,181.53791441945916,143.57526246999998,44.46629178753313,,14.333553756039338,,0.07460786388710325
2018-12-05,5,5.263333333333334,0.38888730158406215,0.4766666666666667,0.030550504633038936,11.019966666666667,0.164692966860559,,4.132621449860011,,2.8846273352751686,,,,0.6817752229699608,,2.3656163348441677,506.95056236666665,31.061412761697902,59.228693406666665,13.190852500968804,577.3010182666667,194.8278978434918,163.8587343,52.13130591809284,,13.51562647403043,,0.08411226888394753
2018-12-05,6,5.26,0.42567593307585516,0.4766666666666667,0.02886751345948128,11.110433333333333,0.40762262367701463,,0.5295444016017697,,1.0652599147417132,,0.12561446502147278,,0.4148217053383315,,1.3827498422884308,413.63707853333335,57.631705459137194,48.57628049666667,5.219806036205696,525.82112299999994,27.18170298748338,134.05742800000002,9.947192086574718,,4.540286687965616,,0.3479742725511541
2019-03-25,1,4.41,0.7470609078247905,0.43333333333333335,0.06429100507328636,10.1189,0.29263736945236435,,11.810816537970775,,0.12521506716471262,,1.724958361879616,,0.6675127062415911,,1.5876629805951048,439.38479383333333,106.89268598448493,43.918186463333335,14.707702813020806,387.93701716666664,91.14714554019272,79.29425712,6.695768875807169,,7.471801116531929,,1.3226488091118986
2019-03-25,2,4.823333333333333,0.18502252115170562,0.43333333333333335,0.023094010767585053,11.1752,0.3781470481175285,,15.158084745253687,,0.0811310511464261,,2.154910794726234,,0.3766271577655242,,0.6622051024983677,424.7579581,19.38842677957166,41.20035965666667,10.887957668337242,451.5509693,23.913717643929484,120.06802392,41.6194531114073,,10.864796352766552,,1.6641357171126547
2019-03-25,3,4.566666666666666,0.5108163401197471,0.42,0.052915026221291794,10.9018,0.5058041221658834,,0.7416575339759143,,0.14059548630017651,,0.07297191569329851,,0.26407411040326884,,1.0909333045501943,418.86725343333336,47.20044570572571,42.75208225,10.872145138248413,378.04109063333334,20.99409532998587,73.98522716000001,22.29456752691019,,8.49236788212167,,1.6877693772686575
2019-03-25,4,4.133333333333333,0.6078102774166732,0.37666666666666665,0.04509249752822893,10.9455,0.4835191102738341,,0.48709041064349473,,9.032971680913997,,0.09142009947784968,,0.18342874535972956,,0.6751534337584798,678.4977815333333,84.3516712449735,57.78442544666667,5.567082950591079,370.11383286666666,121.33602522982041,68.91640256,22.320788520354306,,6.47492462107688,,1.6858679019861078
2019-03-25,5,4.256666666666667,0.9641749495466749,0.4066666666666667,0.08082903768654762,10.466933333333333,0.3171488189057831,,0.07396606124390345,,0.9662911178900894,,0.06489072812277369,,0.17688345830868418,,0.4121375075063599,402.31566623333333,70.16307838158191,39.163691363333335,9.434646806419524,467.6102289,70.82717575607154,103.93929368666667,20.53760519863799,,5.612683262500106,,1.028063846376865
2019-03-25,6,4.933333333333334,0.6321655901212384,0.4533333333333333,0.049328828623162485,10.788766666666666,0.220005848407112,,1.7920287344779058,,0.40687559314590294,,0.2481371208111798,,0.31029072577343286,,0.5396006456137596,468.5868985,82.6679522402517,45.002673963333336,2.949304433705835,466.9713575,108.42710324589501,104.56549073666667,17.081261976852467,,0.6929604021431254,,1.6197854068481712
2019-03-28,1,5.023333333333333,1.018544713467864,0.4766666666666667,0.07505553499465135,10.524266666666668,0.48124590734190564,,1.4033190631791477,,0.28580619198045765,,0.14037575229294696,,0.07752651690444468,,2.999197010328757,399.4655856666667,34.20277645244558,47.05551003,7.256005295047924,447.37500066666666,40.847871734557266,120.04610526,18.347916381224863,,26.87273136306006,,0.30144772877985165
2019-03-28,2,5.04,0.8478797084492586,0.43,0.03605551275463987,11.678166666666668,0.8496276968963128,,26.848537019505947,,0.5495015081718942,,4.423285820917706,,0.06126462344027063,,1.2886531898996412,439.5697598333333,32.78369273823519,46.86194585333333,3.080415095710507,336.13313743333333,33.28377965416987,119.23037883333333,21.989715141578362,,10.910168251592793,,0.3793983689151713
2019-03-28,3,4.183333333333334,0.4409459528483433,0.37666666666666665,0.03055050463303893,11.0721,0.13852165895628038,,1.0053156625222415,,0.4957348294196533,,1.0737607982173574,,0.045429489541148504,,0.78536372377635,451.4022012,42.0840256106878,47.25978548333333,4.825650314043511,232.62880847333335,186.81364490160817,66.20522632333333,56.767194518089816,,1.256426671072186,,1.8410311520795506
2019-03-28,4,4.216666666666667,0.2956912804486012,0.38666666666666666,0.02309401076758505,10.9021,0.4865761708098743,,0.5180227718044652,,1.9679238117238635,,3.9819245453004393,,0.362592754811997,,1.1252590126432676,662.9673139,72.05238643799554,69.58879857666666,4.5069420807833325,314.74128593333336,76.94597083466319,100.5496645,23.7484631000415,,13.686565171460076,,0.12020421590575472
2019-03-28,5,4.6866666666666665,0.6073988255942991,0.43666666666666665,0.05033222956847166,10.710066666666666,0.1128262971710646,,3.9727794623779804,,4.43469241318284,,0.4874822296364906,,0.04233069776679011,,1.6919865091725708,667.2868222,111.80501152769209,106.17429651666666,74.95690479692112,210.5888187,182.98041727728193,82.38907113333333,72.50670154317226,,11.581723048282118,,
2019-03-28,6,5.193333333333333,0.3763420430052074,0.46,0.01999999999999999,11.2226,0.33754218995556684,,2.1856583706211663,,1.010798849604276,,0.3084192122283717,,1.1111369228833536,,0.6676645619228986,639.6371886666667,249.84158897848238,98.00732824,67.33291797391021,369.8366078333333,320.6783017892812,87.27926696666667,75.64079100324494,,15.357663869069842,,
2019-10-16,1,3.993333333333333,0.0696945717637557,0.403,0.005999999999999978,9.9121,0.03775168870395109,,0.3862782291720411,,0.24674685271233543,,0.15365307871109005,,0.10822560794111437,,0.12895518442136775,435.60008200000004,75.42152353558059,46.72530899666667,3.9764185327265267,450.6579150333333,84.108046265484,111.9147735,8.052371479234237,,7.22982022211945,,0.7873613798894927
2019-10-16,2,4.2780000000000005,0.36496712180688284,0.38166666666666665,0.022678918257565423,11.1967,0.3034411145510774,,3.1621291754067307,,0.9075990951704573,,0.49629242041850324,,0.17820006839705357,,1.6145910812837379,596.0818591333333,163.84544482397936,58.77980485666667,16.00134634559644,342.73152699999997,105.00221478405005,111.4719771,12.688983324638151,,23.24579964829303,,0.8388010167524088
2019-10-16,3,3.877666666666667,0.6065594227553743,0.35100000000000003,0.042461747491124295,11.012766666666668,0.4101038567647633,,1.1791216571947416,,0.9926050927048322,,0.2681694660712521,,0.15258197490472827,,1.0565795146851784,450.0402246333333,28.832304059276332,49.40625297,3.5103366032821772,480.0039466333333,84.24216142932097,97.01956027666667,6.348604159169189,,14.281447888866056,,0.9799815121556327
2019-10-16,4,5.105333333333333,1.3350596740720369,0.44766666666666666,0.0662293993127926,11.282766666666666,1.272235356894837,,1.885322433231207,,1.0737228118063493,,0.8470285593536242,,0.6713616774982242,,3.640649929829308,673.2177553333333,25.18690129873225,69.69569936333333,3.681205403681859,517.0465588666667,24.3641995359034,138.21691853333334,12.114607517696317,,5.75279373015661,,0.15031495228552325
2019-10-16,5,4.791666666666667,0.254366533438134,0.45266666666666666,0.017473789896108195,10.578833333333334,0.18075431760633934,,1.3428128731260909,,1.3594059792851174,,0.08308783298283012,,0.2574161859053467,,1.8268849582469484,607.2988695,32.56355682005115,61.06419495,4.069936137967822,491.0548078333333,33.50285851797565,131.14368396666666,13.542316446105671,,0.29485897317380455,,0.16156878864720314
2019-10-16,6,4.224666666666667,0.2520760467266443,0.40066666666666667,0.021455380055672116,10.5466,0.10341029929363944,,3.178267921930301,,0.46563685833544316,,0.3172062206382002,,0.12445989749652601,,0.4445742116205393,570.2622812666666,134.77619398720915,53.21926021666666,4.8704191730038255,380.665049,159.3841994470981,120.88195866666666,6.375885833715941,,6.204126774820113,,1.3546350860730192
2020-03-06,1,4.048666666666667,0.2854581113461891,0.4056666666666667,0.02272296928953901,9.972366666666666,0.14426345113483624,,0.3009970022807064,,13.890880168859113,,3.1887109192724927,,2.61038136152047,,1.3164210570350976,420.46697886666664,28.135733164980124,40.427883183333336,2.1835562877974417,465.34997366666664,43.812410086450065,107.58717173333334,5.101646992338727,,1.6828577737932777,,0.1972112976875227
2020-03-06,2,3.889333333333333,0.3787048102854426,0.3626666666666667,0.040054130040900075,10.727133333333333,0.27610165398514636,,0.2638983436586815,,0.13359731958680185,,1.1116007542604318,,0.08516134296340473,,0.1671451156906617,535.7548401333333,66.81098050525576,49.26708421,7.9066403907905665,431.4587842,51.445036104120014,106.48317415333332,11.288431630680403,,1.4924800675613792,,0.1502018598819767
2020-03-06,3,3.4776666666666665,0.148665171890841,0.33,0.015524174696260011,10.5413,0.16207445819745986,,1.8641273943293657,,0.5856869452573009,,1.9109578007074663,,0.19541767771276816,,0.43933524816748554,450.4437678,39.161242384841266,42.204816316666665,7.681310984153565,288.9941648,31.427713142688866,69.39539212666666,6.262827855469983,,0.5521128998212038,,0.24727323037389606
2020-03-06,4,4.234333333333334,0.31333102836031607,0.384,0.019157244060668033,11.019566666666666,0.3601701033308198,,2.2950766874063335,,1.324926042197938,,1.3830950470153565,,0.32852348380021323,,1.081339058078454,739.6472001333333,123.4286155018063,67.62142817333333,9.05087416486402,579.9924238333333,72.26184711643235,141.62632796666668,23.291532970054725,,4.220886849546921,,0.1928184023597204
2020-03-06,5,4.195,0.20320433066251326,0.39966666666666667,0.025579940057266225,10.506466666666666,0.1926931325536357,,0.8534510169631999,,1.3369501179630507,,1.0635559031308857,,0.42835339014926255,,0.7841536699027845,465.72039286666666,47.185495862522735,43.56994186666667,2.0571634056050345,427.2920962333333,33.75381738900061,102.99772299666667,14.072806749103739,,1.6695691353779194,,0.28244763538148715
2020-03-06,6,4.074666666666667,0.4032385563575655,0.37266666666666665,0.017387735140993316,10.922333333333334,0.5858612833541175,,0.9758278061492124,,0.5285473074440377,,0.671724586598367,,0.2579333649985522,,0.8421764474693483,534.9514308666667,81.57258017711465,49.767504986666665,6.844717459469922,432.0710256666667,32.24735527151981,111.31667193333334,4.782663880243177,,1.5235410263576301,,0.17461295052150014
2020-10-08,1,3.353333333333333,0.4084291044151155,0.341,0.038742741255621035,9.8367,0.09136963390536305,,0.8240966339199387,,0.28378075471044323,,0.03374649546974089,,0.2231085079519482,,1.1238251884165276,467.54162786666666,23.260547044452036,49.08931978333333,4.297806710828642,336.72004773333333,38.49428335315161,93.93285579666667,9.278362008488969,,0.6861512996424001,,0.12307998574958644
2020-10-08,2,3.8433333333333333,0.3410781924036384,0.3436666666666667,0.01960442127004347,11.172466666666667,0.6268853669797481,,0.17866565326860928,,12.981690160943455,,0.030087760268039276,,1.9169889348856064,,0.2659671515745458,350.9833832,58.521555574077354,32.57304241666667,7.206195763610397,514.5107120666667,79.44736365611823,114.4071222,8.142084537811899,,2.211798182067328,,0.39677391254942385
2020-10-08,3,3.570666666666667,0.793550460483348,0.31933333333333336,0.04606878914550861,11.113366666666666,0.8501775128367799,,0.576955853056329,,0.05332852625249866,,0.06150517215607644,,0.10771324783664958,,0.5089090224975952,297.87651587333335,210.8355863941741,30.735390666333334,20.10790637922013,413.8231537333333,215.6097717294505,81.07447048333333,19.11207076997789,,1.9541619557389098,,1.3632254552418843
2020-10-08,4,3.474333333333333,0.8418160923463824,0.33199999999999996,0.07450503338701353,10.437533333333333,0.22833084183555571,,0.4052384657532436,,1.7913018962792795,,0.07420148582824736,,0.14452509305650194,,1.0491542369697016,538.8329877,317.93866441484414,42.18518757166667,33.89885383528641,429.22959893333336,428.22269218427556,105.62866718,67.16482065919607,,1.6598328491522643,,1.4346231319487839
2020-10-08,5,4.329666666666667,0.7610219006923082,0.41233333333333333,0.056500737458314056,10.457666666666666,0.42093716078927207,,1.8406490412740981,,1.2185413563798413,,0.46926155739792774,,0.3010393804081275,,0.25969007658316906,573.3937553333334,42.867238549718024,49.23068571333334,4.112674081449211,345.0495213666667,63.37297088650417,96.98210008333334,7.0665703681442915,,1.668080667425062,,0.43938701553957704
2020-10-08,6,3.451,0.5091443803087686,0.3313333333333333,0.034847285881878,10.389433333333333,0.46999890780014975,,0.5200722219870172,,0.10473299493581999,,0.06799596286436824,,0.058539559646137065,,0.2218646298217579,381.0664533333333,245.74369772927614,37.39067961666667,23.8398213940784,271.10861896666665,237.03842164055905,68.59930915,60.670552261235926,,1.0428212770559713,,
2021-10-08,1,3.377333333333333,0.3605555897962662,0.3393333333333333,0.02720906711619002,9.937999999999999,0.2889774558681003,,1.0422869401460668,,0.24809281770867014,,0.08299203030143201,,0.3815508551796869,,0.21901493749221648,405.1318114666667,41.99727049992428,38.565307716666666,4.007769916904029,363.22963676666666,45.337501497378724,84.52887509,5.636666401744367,,0.9494843340943088,,0.25841883278844086
2021-10-08,2,3.8836666666666666,0.3980368492154129,0.3456666666666667,0.006806859285554021,11.224333333333332,0.9613937036060374,,0.6924588848627784,,0.6038895204449425,,0.14504291098905203,,0.09654138316536759,,0.060227233418111405,428.5484798333333,19.96289809549567,37.02294704,2.794847143255319,443.05195553333334,101.97298931979063,97.04708692666667,23.90386324486299,,4.553402549164207,,0.29178125501492513
2021-10-08,3,3.638,0.37285519977599885,0.324,0.024062418831031926,11.219033333333334,0.33027195359783945,,1.618904574353061,,0.41007640340678647,,0.1560457205751719,,0.17227070104035772,,0.21032263839340315,430.00886933333334,28.04799979016979,36.37117862,6.106599482905895,203.21399713333332,57.33968570055707,56.24220055333333,6.282572033690983,,3.0316615288831192,,0.724123817179269
2021-10-08,4,3.514666666666667,0.2904347316237047,0.3263333333333333,0.020550750189064455,10.767866666666666,0.1968468016842886,,0.3985144487262478,,0.8118201572804087,,0.1638372175283997,,0.12468537560843071,,0.286255016290526,657.4649138,102.15236617563794,58.31539373333334,8.093432185550652,179.31669993666665,103.6379674278956,59.42890971,22.675961870279234,,0.47144761567539334,,0.8255480437514494
2021-10-08,5,3.9026666666666667,0.256689176502114,0.371,0.01442220510185597,10.507533333333333,0.2803985972385261,,0.4558748123806305,,0.21826850968799516,,0.0583148623194215,,0.18566545785284633,,0.18584659191067526,502.59564183333333,65.69263227870903,42.858261070000005,5.357023536434108,456.4249529,49.42673182526755,103.79555221,4.297969940417292,,0.19805161170492616,,0.33251081719879544
2021-10-08,6,3.9513333333333334,0.07864689016949959,0.36,0.013228756555322966,10.9734,0.2667786910530904,,0.5836171301169175,,0.0702195471125403,,0.1084366093742169,,0.5655787863149996,,0.39851750465497615,576.7340067666667,44.216966384364234,50.178816893333334,5.781722350798827,367.03617223333333,48.6352394611903,92.27686546666666,8.719241744821014,,1.0283147118848825,,0.5451064255247616
2022-11-16,1,3.7013333333333334,0.5035398031271544,0.3783333333333333,0.04259499188089292,9.765366666666667,0.2198941184600742,,0.3095681469532323,,0.3927455385587052,,0.054094524374810375,,0.23362566084689715,,0.3462982826263898,336.00588216666665,17.43446066685074,37.67610032666667,2.4408596331911676,348.7959557,37.01351723174684,88.87143385333333,9.195665257617533,,0.8476524459359279,,0.05219648733842754
2022-11-16,2,3.82,0.34364662081853803,0.3576666666666667,0.02720906711619003,10.6708,0.23500904237922435,,4.846316850353957,,0.24800534349005868,,0.6294852400502748,,0.0994213066228438,,0.27321748725362094,408.63740310000003,98.71495420935969,43.48660545333333,11.886604259812495,353.0505046,103.89257879670996,92.7793149,24.21969555176044,,4.418597740858203,,0.8054458166095573
2022-11-16,3,3.7463333333333333,0.17928283055924035,0.3453333333333333,0.01457166199626291,10.840233333333334,0.13058469792947938,,4.957759402985681,,0.0846772993306982,,0.7430261597471427,,0.3196630239234241,,0.8585648443150079,388.36785736666667,14.84811683052873,40.19883779333333,2.33713866833235,280.88011233333333,34.69615588231751,58.217918106666666,10.632490095376466,,3.4700503250642933,,0.5060272413652848
2022-11-16,4,3.892333333333333,0.5953254012162871,0.35633333333333334,0.022052966542697443,10.891266666666667,1.0758831550560375,,0.36234791706316927,,0.310323840517621,,0.021905149013286176,,0.223132609294593,,0.30934881622642535,588.1161430333333,45.81594531933348,57.621228366666664,6.590246007933865,259.13693183333334,62.68665964129868,74.098459449999993,8.47697390143316,,0.2627347603581419,,1.2739694295146191
2022-11-16,5,4.224,0.1208345976945347,0.397,0.013000000000000012,10.643033333333333,0.05028969410657969,,0.4242556304120982,,0.25079813641965965,,0.08119653391813478,,0.06845704987047017,,0.6559358954790396,514.7210288666666,60.37951293439165,51.01499758333333,11.78990511724739,330.4265432,77.26436077226072,89.78022123333334,25.17765712042347,,1.0176680430600828,,0.1798940419651409
2022-11-16,6,3.8899999999999997,0.17242679606140102,0.37233333333333335,0.01750238079043345,10.4494,0.055319526389874855,,1.5096951508465988,,0.2761974885564104,,0.2013045333488304,,0.10441620865167536,,0.0931126020917907,450.8712911,53.763440217958305,46.84726640666667,2.4115895365511215,301.3863409,30.03763430046132,76.90775290666667,7.825918238410338,,5.011159054636198,,0.22906499327117044
2023-10-05,1,4.171666666666667,0.2205568709728475,0.4076666666666667,0.013576941236277517,10.226333333333333,0.20214203752147497,,0.8177541162699001,,0.27363919000844056,,0.20955808752515762,,0.2884410982984985,,0.8714365009651048,292.34598093333335,74.53057519593163,37.4286562,3.750625915356769,412.3485050333333,120.0232850202878,91.55430085,26.019627774729685,,0.41929259850306394,,0.4855201464842716
2023-10-05,2,3.9086666666666665,0.3611098632457073,0.35933333333333334,0.02948445918332797,10.880633333333334,0.3746878211702821,,0.805004018718878,,0.41314319089500395,,0.1421128679213571,,0.12609640126478092,,0.4179066566809812,654.7580318666667,270.9396996134428,45.21118023333333,10.9284966416741,120.95952886333333,153.27401910191028,74.00553689666667,11.073065189204057,,4.901698702391934,,
2023-10-05,3,3.662,0.16928083175599076,0.33066666666666666,0.02635020556529556,11.1009,0.5956223383990898,,1.21669784810058,,0.6186858083103585,,0.12517659327918076,,0.2292903955000746,,0.9614603995739486,233.22855816666666,18.170594641325167,32.87130208333333,3.715132209804528,318.12503253333335,83.35733745126873,56.02540125666666,14.729128571293236,,2.457882664191714,,0.16429024704154457
2023-10-05,4,4.158333333333333,0.47124339075825056,0.37766666666666665,0.02768272626265941,11.000866666666667,0.4390971001194761,,0.34312655022019667,,0.3274927739323649,,0.09727616335975721,,0.059381080745000814,,0.2660261322322413,904.0049298666667,225.39355144591704,45.821583833333335,3.4512057464930344,46.55621825433333,74.88725280253482,87.65857035,20.500581188190754,,0.637633747204868,,
2023-10-05,5,3.85,0.11396051947933553,0.36733333333333335,0.013576941236277546,10.494533333333333,0.2603915769247029,,1.077776708006705,,0.17424822818623936,,0.18717483778767946,,0.28485417028322285,,0.47985933862984853,291.31606476666667,15.169893416353055,39.761235283333335,1.7953975687808412,391.10840906666664,102.42282056330752,72.42561107666667,19.0482661765719,,1.1003199949635738,,0.4550183051300997
2023-10-05,6,4.858666666666666,0.815284817308242,0.424,0.04413615298142783,11.4121,0.775664998565747,,1.3074945223898757,,0.40109896514227067,,0.20405011058556496,,0.23985867739314773,,1.030392206099675,394.9815596,113.7642404717004,40.975810476666666,4.739450586423651,357.16994539,294.27529228602117,84.07166057666667,40.84830591026795,,0.4126354331784516,,2.7701842712694655
