date,plot,lai_m2.m2_mean_lai.canopy,lai_m2.m2_SD_lai.canopy,canopy.open_percent_densiometer,plantheight_cm_mean_plant.height,plantheight_cm_max_plant.height,n.plants_count_plant.height,plantheight_cm_SD_plant.height,plantheight_cm_se_plant.height,foliar.apparency.cm.0_count_apparency,foliar.apparency.cm.050_count_apparency,foliar.apparency.cm.100_count_apparency,foliar.apparency.cm.150_count_apparency,foliar.apparency.cm.200_count_apparency,foliar.apparency.cm.250_count_apparency,foliar.apparency.cm.300_count_apparency,foliar.apparency.cm.0_count_SD_apparency,foliar.apparency.cm.050_count_SD_apparency,foliar.apparency.cm.100_count_SD_apparency,foliar.apparency.cm.150_count_SD_apparency,foliar.apparency.cm.200_count_SD_apparency,foliar.apparency.cm.250_count_SD_apparency,foliar.apparency.cm.300_count_SD_apparency,foliar.apparency.cm.0_count_SE_apparency,foliar.apparency.cm.050_count_SE_apparency,foliar.apparency.cm.100_count_SE_apparency,foliar.apparency.cm.150_count_SE_apparency,foliar.apparency.cm.200_count_SE_apparency,foliar.apparency.cm.250_count_SE_apparency,foliar.apparency.cm.300_count_SE_apparency
2017-08-04,1,6.97,,,,,,,,,,,,,,,,,,,,,,,,,,,,
2017-08-04,2,6.38,,,,,,,,,,,,,,,,,,,,,,,,,,,,
2017-08-04,3,6.33,,,,,,,,,,,,,,,,,,,,,,,,,,,,
2017-08-04,4,6.06,,,,,,,,,,,,,,,,,,,,,,,,,,,,
2017-08-04,5,6.5,,,,,,,,,,,,,,,,,,,,,,,,,,,,
2017-08-04,6,6.59,,,,,,,,,,,,,,,,,,,,,,,,,,,,
2018-01-11,1,0.6,,,,,,,,,,,,,,,,,,,,,,,,,,,,
2018-01-11,2,0.35,,,,,,,,,,,,,,,,,,,,,,,,,,,,
2018-01-11,3,0.38,,,,,,,,,,,,,,,,,,,,,,,,,,,,
2018-01-11,4,0.47,,,,,,,,,,,,,,,,,,,,,,,,,,,,
2018-01-11,5,0.28,,,,,,,,,,,,,,,,,,,,,,,,,,,,
2018-01-11,6,0.27,,,,,,,,,,,,,,,,,,,,,,,,,,,,
2018-01-29,1,0.56,,,,,,,,,,,,,,,,,,,,,,,,,,,,
2018-01-29,2,0.46,,,,,,,,,,,,,,,,,,,,,,,,,,,,
2018-01-29,3,0.56,,,,,,,,,,,,,,,,,,,,,,,,,,,,
2018-01-29,4,0.58,,,,,,,,,,,,,,,,,,,,,,,,,,,,
2018-01-29,5,0.38,,,,,,,,,,,,,,,,,,,,,,,,,,,,
2018-01-29,6,0.67,,,,,,,,,,,,,,,,,,,,,,,,,,,,
2018-08-27,1,1.98,,,,,,,,,,,,,,,,,,,,,,,,,,,,
2018-08-27,2,1.23,,,,,,,,,,,,,,,,,,,,,,,,,,,,
2018-08-27,3,1.1,,,,,,,,,,,,,,,,,,,,,,,,,,,,
2018-08-27,4,2.16,,,,,,,,,,,,,,,,,,,,,,,,,,,,
2018-08-27,5,1.04,,,,,,,,,,,,,,,,,,,,,,,,,,,,
2018-08-27,6,1.88,,,,,,,,,,,,,,,,,,,,,,,,,,,,
2018-12-13,1,4.35,,,,,,,,,,,,,,,,,,,,,,,,,,,,
2018-12-13,2,3.92,,,,,,,,,,,,,,,,,,,,,,,,,,,,
2018-12-13,3,4.79,,,,,,,,,,,,,,,,,,,,,,,,,,,,
2018-12-13,4,3,,,,,,,,,,,,,,,,,,,,,,,,,,,,
2018-12-13,5,3.54,,,,,,,,,,,,,,,,,,,,,,,,,,,,
2018-12-13,6,3.77,,,,,,,,,,,,,,,,,,,,,,,,,,,,
2019-02-07,1,3.91,,,,,,,,,,,,,,,,,,,,,,,,,,,,
2019-02-07,2,2.95,,,,,,,,,,,,,,,,,,,,,,,,,,,,
2019-02-07,3,4.7,,,,,,,,,,,,,,,,,,,,,,,,,,,,
2019-02-07,4,3.67,,,,,,,,,,,,,,,,,,,,,,,,,,,,
2019-02-07,5,3.78,,,,,,,,,,,,,,,,,,,,,,,,,,,,
2019-02-07,6,4.26,,,,,,,,,,,,,,,,,,,,,,,,,,,,
2019-03-07,1,3.53,,,,,,,,,,,,,,,,,,,,,,,,,,,,
2019-03-07,2,3.89,,,,,,,,,,,,,,,,,,,,,,,,,,,,
2019-03-07,3,4.86,,,,,,,,,,,,,,,,,,,,,,,,,,,,
2019-03-07,4,3.74,,,,,,,,,,,,,,,,,,,,,,,,,,,,
2019-03-07,5,4.64,,,,,,,,,,,,,,,,,,,,,,,,,,,,
2019-03-07,6,4.69,,,,,,,,,,,,,,,,,,,,,,,,,,,,
2019-04-10,1,4.37,,,,,,,,,,,,,,,,,,,,,,,,,,,,
2019-04-10,2,4.09,,,,,,,,,,,,,,,,,,,,,,,,,,,,
2019-04-10,3,5.2,,,,,,,,,,,,,,,,,,,,,,,,,,,,
2019-04-10,4,3.58,,,,,,,,,,,,,,,,,,,,,,,,,,,,
2019-04-10,5,3.79,,,,,,,,,,,,,,,,,,,,,,,,,,,,
2019-04-10,6,4.3,,,,,,,,,,,,,,,,,,,,,,,,,,,,
2019-05-22,1,4.58,,,,,,,,,,,,,,,,,,,,,,,,,,,,
2019-05-22,2,3.55,,,,,,,,,,,,,,,,,,,,,,,,,,,,
2019-05-22,3,5.7,,,,,,,,,,,,,,,,,,,,,,,,,,,,
2019-05-22,4,3.37,,,,,,,,,,,,,,,,,,,,,,,,,,,,
2019-05-22,5,4.39,,,,,,,,,,,,,,,,,,,,,,,,,,,,
2019-05-22,6,4.17,,,,,,,,,,,,,,,,,,,,,,,,,,,,
2019-07-11,1,4.58,0.4101219330881976,,,,,,,,,,,,,,,,,,,,,,,,,,,
2019-07-11,2,4.07,0.1414213562373093,,,,,,,,,,,,,,,,,,,,,,,,,,,
2019-07-11,3,5.5600000000000005,0.6929646455628162,,,,,,,,,,,,,,,,,,,,,,,,,,,
2019-07-11,4,3.2649999999999997,0.2757716446627536,,,,,,,,,,,,,,,,,,,,,,,,,,,
2019-07-11,5,4.62,0.39597979746446693,,,,,,,,,,,,,,,,,,,,,,,,,,,
2019-07-11,6,3.9050000000000002,0.07778174593052015,,,,,,,,,,,,,,,,,,,,,,,,,,,
2019-07-11,,2.66,0.36769552621700474,,,,,,,,,,,,,,,,,,,,,,,,,,,
2019-08-23,1,4.720000000000001,0.08485281374238578,,,,,,,,,,,,,,,,,,,,,,,,,,,
2019-08-23,2,4.54,0.1131370849898477,,,,,,,,,,,,,,,,,,,,,,,,,,,
2019-08-23,3,6.775,0.06363961030678918,,,,,,,,,,,,,,,,,,,,,,,,,,,
2019-08-23,4,3.545,0.5444722215136416,,,,,,,,,,,,,,,,,,,,,,,,,,,
2019-08-23,5,4.970000000000001,0.1555634918610403,,,,,,,,,,,,,,,,,,,,,,,,,,,
2019-08-23,6,4.3100000000000005,0.3252691193458119,,,,,,,,,,,,,,,,,,,,,,,,,,,
2019-08-23,,3.065,0.36062445840513907,,,,,,,,,,,,,,,,,,,,,,,,,,,
2019-09-19,1,6,0.1131370849898477,,,,,,,,,,,,,,,,,,,,,,,,,,,
2019-09-19,2,5.57,0.1555634918610403,,,,,,,,,,,,,,,,,,,,,,,,,,,
2019-09-19,3,6.965,0.5020458146424487,,,,,,,,,,,,,,,,,,,,,,,,,,,
2019-09-19,4,4.765000000000001,0.3181980515339465,,,,,,,,,,,,,,,,,,,,,,,,,,,
2019-09-19,5,5.655,0.6010407640085651,,,,,,,,,,,,,,,,,,,,,,,,,,,
2019-09-19,6,4.62,0.1555634918610409,,,,,,,,,,,,,,,,,,,,,,,,,,,
2019-10-30,1,6.42,0.09899494936611705,0.78,260.1538462,302,13,30.99420955,8.59624706,1.5,1.333333333,1,1,1.666666667,0.166666667,0.833333333,0,0.763762616,1,0.866025404,1.527525232,0.288675135,1.443375673,0,0.440958552,0.577350269,0.5,0.881917104,0.166666667,0.833333333
2019-10-30,2,6.835,0.12020815280171303,1.56,234.3846154,293,13,34.73839965,9.634698551,2.833333333,0.5,1.166666667,0.833333333,1,1,0.166666667,1.040833,0.866025404,1.607275127,0.288675135,0.5,0.866025404,0.288675135,0.600925213,0.5,0.927960727,0.166666667,0.288675135,0.5,0.166666667
2019-10-30,3,7.245,0.30405591591021525,1.82,235.2307692,296,13,39.33436548,10.90939012,0.666666667,1.333333333,1.666666667,0.333333333,1.333333333,0.833333333,0.166666667,0.763762616,1.258305739,2.020725942,0.288675135,0.288675135,0.288675135,0.288675135,0.440958552,0.726483157,1.166666667,0.166666667,0.166666667,0.166666667,0.166666667
2019-10-30,4,5.31,0,2.6,192.5384615,270,13,64.21398522,17.8097551,2.666666667,0.166666667,0.666666667,0.666666667,0.5,0.333333333,1.166666667,0.577350269,0.288675135,0.763762616,0.288675135,0.5,0.577350269,1.258305739,0.333333333,0.166666667,0.440958552,0.166666667,0.288675135,0.333333333,0.726483157
2019-10-30,5,6.045,0.6151828996322964,1.56,194.6153846,263,13,48.76053469,13.52373908,3,0.666666667,0.666666667,0.5,0,0.166666667,0.666666667,0.5,0.577350269,0.763762616,0.5,0,0.288675135,1.154700538,0.288675135,0.333333333,0.440958552,0.288675135,0,0.166666667,0.666666667
2019-10-30,6,5.135,0.007071067811865324,1.3,193.1538462,255,13,44.94041639,12.4642289,2,1.166666667,0.833333333,1.666666667,0.833333333,0.5,0.333333333,0.5,1.258305739,0.288675135,0.288675135,1.443375673,0.5,0.577350269,0.288675135,0.726483157,0.166666667,0.166666667,0.833333333,0.288675135,0.333333333
2019-10-30,,6.640000000000001,0.5798275605729686,,,,,,,,,,,,,,,,,,,,,,,,,,,
2020-02-27,1,3.67,0,,,,,,,,,,,,,,,,,,,,,,,,,,,
2020-02-27,2,3.065,0.0919238815542511,,,,,,,,,,,,,,,,,,,,,,,,,,,
2020-02-27,3,3.805,0.14849242404917495,,245.7272727,295,11,38.18400427,11.51291047,,,,,,,,,,,,,,,,,,,,,
2020-02-27,4,2.925,0.2616295090390223,,,,,,,,,,,,,,,,,,,,,,,,,,,
2020-02-27,5,2.125,0.03535533905932725,,155.3076923,216,13,42.66416259,11.83290968,,,,,,,,,,,,,,,,,,,,,
2020-02-27,6,2.2800000000000002,0.05656854249492354,,,,,,,,,,,,,,,,,,,,,,,,,,,
2020-02-27,,3.385,0.12020815280171335,,,,,,,,,,,,,,,,,,,,,,,,,,,
2020-05-21,1,5.99,0.268700576850888,2.6,245.3846154,297,13,30.97724558,8.5915421,1.5,1.333333333,0.833333333,0.666666667,1.166666667,0.666666667,0.333333333,0.5,0.288675135,0.288675135,0.763762616,1.040833,0.288675135,0.288675135,0.288675135,0.166666667,0.166666667,0.440958552,0.600925213,0.166666667,0.166666667
2020-05-21,2,5.3100000000000005,0.18384776310850284,4.16,224.1538462,267,13,38.85838853,10.77737787,1.333333333,0.333333333,0.666666667,0.166666667,1,0.333333333,0,0.577350269,0.577350269,0.577350269,0.288675135,0.5,0.577350269,0,0.333333333,0.333333333,0.333333333,0.166666667,0.288675135,0.333333333,0
2020-05-21,3,6.415,0.27577164466275395,4.16,246.9230769,302,13,47.93304625,13.29423508,0.5,1.666666667,0.666666667,1.333333333,1.166666667,0.833333333,0.166666667,0.5,1.040833,0.288675135,0.763762616,1.607275127,0.763762616,0.288675135,0.288675135,0.600925213,0.166666667,0.440958552,0.927960727,0.440958552,0.166666667
2020-05-21,4,5.35,0.3959797974644663,4.16,187.1538462,277,13,50.10130762,13.89560259,2,0.166666667,1,0.5,0,0.333333333,0.666666667,0.5,0.288675135,0.866025404,0.5,0,0.577350269,0.763762616,0.288675135,0.166666667,0.5,0.288675135,0,0.333333333,0.440958552
2020-05-21,5,4.685,0.23334523779156074,7.28,145.1538462,246,13,62.8222972,17.42377029,2.5,1.166666667,0.833333333,0.333333333,0,0,0,1,0.763762616,0.763762616,0.288675135,0,0,0,0.577350269,0.440958552,0.440958552,0.166666667,0,0,0
2020-05-21,6,4.79,0.39597979746446693,7.02,166,231,13,51.82663408,14.37412205,2.666666667,1.166666667,0.5,1.166666667,0.666666667,0,0.166666667,1.443375673,1.154700538,0.5,0.763762616,1.154700538,0,0.288675135,0.833333333,0.666666667,0.288675135,0.440958552,0.666666667,0,0.166666667
2020-05-21,,6.095000000000001,0.33234018715767716,,,,,,,,,,,,,,,,,,,,,,,,,,,
2020-07-02,1,5.6899999999999995,0.18384776310850284,,,,,,,,,,,,,,,,,,,,,,,,,,,
2020-07-02,2,5.285,0.10606601717798238,,,,,,,,,,,,,,,,,,,,,,,,,,,
2020-07-02,3,5.9,0.1555634918610403,,,,,,,,,,,,,,,,,,,,,,,,,,,
2020-07-02,4,4.9,0.21213203435596414,,,,,,,,,,,,,,,,,,,,,,,,,,,
2020-07-02,5,4.48,0.042426406871192576,,,,,,,,,,,,,,,,,,,,,,,,,,,
2020-07-02,6,4.105,0.26162950903902266,,,,,,,,,,,,,,,,,,,,,,,,,,,
2020-07-02,,5.5649999999999995,0.21920310216782946,,,,,,,,,,,,,,,,,,,,,,,,,,,
2020-08-21,1,6.1,0.014142135623731277,,,,,,,,,,,,,,,,,,,,,,,,,,,
2020-08-21,2,5.645,0.1767766952966369,,,,,,,,,,,,,,,,,,,,,,,,,,,
2020-08-21,3,6.345000000000001,0.19091883092036815,,,,,,,,,,,,,,,,,,,,,,,,,,,
2020-08-21,4,5.57,0.21213203435596414,,,,,,,,,,,,,,,,,,,,,,,,,,,
2020-08-21,5,3.8049999999999997,0.5868986283848342,,,,,,,,,,,,,,,,,,,,,,,,,,,
2020-08-21,6,4.11,0,,,,,,,,,,,,,,,,,,,,,,,,,,,
2020-08-21,,5.45,0.2969848480983499,,,,,,,,,,,,,,,,,,,,,,,,,,,
2020-09-23,1,6.33,0.0424264068711932,,,,,,,,,,,,,,,,,,,,,,,,,,,
2020-09-23,2,5.42,0.014142135623730649,,,,,,,,,,,,,,,,,,,,,,,,,,,
2020-09-23,3,6.585,0.26162950903902205,,,,,,,,,,,,,,,,,,,,,,,,,,,
2020-09-23,4,5.395,0.5020458146424487,,,,,,,,,,,,,,,,,,,,,,,,,,,
2020-09-23,5,4.045,0.21920310216782976,,,,,,,,,,,,,,,,,,,,,,,,,,,
2020-09-23,6,4.195,0.049497474683058526,,,,,,,,,,,,,,,,,,,,,,,,,,,
2020-09-23,,5.3149999999999995,0.6010407640085658,,,,,,,,,,,,,,,,,,,,,,,,,,,
2020-10-21,1,6.425,0.12020815280171303,,,,,,,,,,,,,,,,,,,,,,,,,,,
2020-10-21,2,5.800000000000001,0.028284271247461926,,,,,,,,,,,,,,,,,,,,,,,,,,,
2020-10-21,3,6.7,0.1838477631085022,,,,,,,,,,,,,,,,,,,,,,,,,,,
2020-10-21,4,5.449999999999999,0.4384062043356595,,,,,,,,,,,,,,,,,,,,,,,,,,,
2020-10-21,5,4.85,0.042426406871192576,,,,,,,,,,,,,,,,,,,,,,,,,,,
2020-10-21,6,4.57,0.07071067811865513,,,,,,,,,,,,,,,,,,,,,,,,,,,
2020-10-21,,6.115,0.06363961030678918,,,,,,,,,,,,,,,,,,,,,,,,,,,
2020-11-24,1,6.62,0.0424264068711932,,,,,,,,,,,,,,,,,,,,,,,,,,,
2020-11-24,2,6.0600000000000005,0.127279220613579,,,,,,,,,,,,,,,,,,,,,,,,,,,
2020-11-24,3,6.585,0.23334523779156074,,,,,,,,,,,,,,,,,,,,,,,,,,,
2020-11-24,4,6,0.2969848480983499,,,,,,,,,,,,,,,,,,,,,,,,,,,
2020-11-24,5,5.23,0.08485281374238578,,,,,,,,,,,,,,,,,,,,,,,,,,,
2020-11-24,6,4.78,0,,,,,,,,,,,,,,,,,,,,,,,,,,,
2020-11-24,,6.51,0.08485281374238578,,,,,,,,,,,,,,,,,,,,,,,,,,,
2020-12-22,1,6.755000000000001,0.03535533905932725,,,,,,,,,,,,,,,,,,,,,,,,,,,
2020-12-22,2,6.05,0.0424264068711932,,,,,,,,,,,,,,,,,,,,,,,,,,,
2020-12-22,3,6.23,0.127279220613579,,,,,,,,,,,,,,,,,,,,,,,,,,,
2020-12-22,4,6.115,0.5586143571373725,,,,,,,,,,,,,,,,,,,,,,,,,,,
2020-12-22,5,5.255,0.5303300858899106,,,,,,,,,,,,,,,,,,,,,,,,,,,
2020-12-22,6,4.98,0,,,,,,,,,,,,,,,,,,,,,,,,,,,
2020-12-22,,6.795,0.36062445840513907,,,,,,,,,,,,,,,,,,,,,,,,,,,
2021-01-21,1,6.045,0.16263455967290624,,,,,,,,,,,,,,,,,,,,,,,,,,,
2021-01-21,2,5.6899999999999995,0.07071067811865513,,,,,,,,,,,,,,,,,,,,,,,,,,,
2021-01-21,3,5.79,0.12727922061357835,,,,,,,,,,,,,,,,,,,,,,,,,,,
2021-01-21,4,5.79,0.4242640687119283,,,,,,,,,,,,,,,,,,,,,,,,,,,
2021-01-21,5,5.050000000000001,0.5656854249492379,,,,,,,,,,,,,,,,,,,,,,,,,,,
2021-01-21,6,4.664999999999999,0.14849242404917495,,,,,,,,,,,,,,,,,,,,,,,,,,,
2021-01-21,,5.949999999999999,0.08485281374238578,,,,,,,,,,,,,,,,,,,,,,,,,,,
2021-02-21,1,6.07,0.05656854249492385,,,,,,,,,,,,,,,,,,,,,,,,,,,
2021-02-21,2,5.78,0.12727922061357835,,,,,,,,,,,,,,,,,,,,,,,,,,,
2021-02-21,3,5.84,0.05656854249492385,,,,,,,,,,,,,,,,,,,,,,,,,,,
2021-02-21,4,5.6899999999999995,0.5091168824543141,,,,,,,,,,,,,,,,,,,,,,,,,,,
2021-02-21,5,5.09,0.3394112549695431,,,,,,,,,,,,,,,,,,,,,,,,,,,
2021-02-21,6,4.555,0.049497474683058526,,,,,,,,,,,,,,,,,,,,,,,,,,,
2021-02-21,,5.865,0.0919238815542511,,,,,,,,,,,,,,,,,,,,,,,,,,,
2021-03-31,1,5.43,0.15556349186104027,,,,,,,,,,,,,,,,,,,,,,,,,,,
2021-03-31,2,5.33,0.2828427124746193,,,,,,,,,,,,,,,,,,,,,,,,,,,
2021-03-31,3,5.465,0.049497474683058526,,,,,,,,,,,,,,,,,,,,,,,,,,,
2021-03-31,4,5.279999999999999,0.4525483399593902,,,,,,,,,,,,,,,,,,,,,,,,,,,
2021-03-31,5,4.715,0.33234018715767716,,,,,,,,,,,,,,,,,,,,,,,,,,,
2021-03-31,6,4.18,0.014142135623731277,,,,,,,,,,,,,,,,,,,,,,,,,,,
2021-03-31,,5.470000000000001,0.09899494936611643,,,,,,,,,,,,,,,,,,,,,,,,,,,
2021-04-22,1,5.3,0.2969848480983499,2.34,,,,,,,,,,,,,,,,,,,,,,,,,,
2021-04-22,2,5.465,0.12020815280171303,3.38,195.1538462,284,13,54.76745712,15.1897596,1.333333333,0.333333333,1,1,0.5,0.5,0.5,1.040833,0.288675135,0.5,0.5,0.5,0.5,0.866025404,0.600925213,0.166666667,0.288675135,0.288675135,0.288675135,0.288675135,0.5
2021-04-22,3,5.54,0.21213203435596475,2.86,243.4615385,410,13,78.50543016,21.77348876,1.333333333,1,1.166666667,1.166666667,1.166666667,1.166666667,0.833333333,1.154700538,0.866025404,0.763762616,0.763762616,0.763762616,0.577350269,0.763762616,0.666666667,0.5,0.440958552,0.440958552,0.440958552,0.333333333,0.440958552
2021-04-22,4,5.005,0.34648232278140845,3.6400000000000006,170.4615385,226,13,43.56913163,12.08390293,0.833333333,0.833333333,1.833333333,1.5,0.333333333,0.5,0.333333333,0.763762616,0.763762616,0.763762616,0,0.577350269,0.866025404,0.577350269,0.440958552,0.440958552,0.440958552,0,0.333333333,0.5,0.333333333
2021-04-22,5,4.795,0.26162950903902266,4.94,165.4615385,216,13,49.80062815,13.8122091,,,,,,,,,,,,,,,,,,,,,
2021-04-22,6,4.16,0.0424264068711932,4.68,119.3076923,217,13,68.65418732,19.04124559,1,1.166666667,1.333333333,0.666666667,0.5,0,0.5,0.5,1.154700538,0.763762616,0.577350269,0.866025404,0,0.5,0.288675135,0.666666667,0.440958552,0.333333333,0.5,0,0.288675135
2021-04-22,,5.445,0.19091883092036815,,,,,,,,,,,,,,,,,,,,,,,,,,,
2021-05-20,1,5.470000000000001,0.09899494936611643,,,,,,,,,,,,,,,,,,,,,,,,,,,
2021-05-20,2,5.57,0.07071067811865513,,,,,,,,,,,,,,,,,,,,,,,,,,,
2021-05-20,3,5.6899999999999995,0.07071067811865513,,,,,,,,,,,,,,,,,,,,,,,,,,,
2021-05-20,4,4.865,0.03535533905932725,,,,,,,,,,,,,,,,,,,,,,,,,,,
2021-05-20,5,4.84,0.2262741699796954,,,,,,,,,,,,,,,,,,,,,,,,,,,
2021-05-20,6,4.16,0.0424264068711932,,,,,,,,,,,,,,,,,,,,,,,,,,,
2021-05-20,,5.455,0.2050609665440988,,,,,,,,,,,,,,,,,,,,,,,,,,,
2021-07-22,1,6.01,0.12727922061357835,,,,,,,,,,,,,,,,,,,,,,,,,,,
2021-07-22,2,5.380000000000001,0.14142135623730964,,,,,,,,,,,,,,,,,,,,,,,,,,,
2021-07-22,3,6.05,0.0707106781186545,,,,,,,,,,,,,,,,,,,,,,,,,,,
2021-07-22,4,5.225,0.0919238815542511,,,,,,,,,,,,,,,,,,,,,,,,,,,
2021-07-22,5,5.47,0.636396103067893,,,,,,,,,,,,,,,,,,,,,,,,,,,
2021-07-22,6,4.27,0.18384776310850284,,,,,,,,,,,,,,,,,,,,,,,,,,,
2021-07-22,,6.17,0.141421356237309,,,,,,,,,,,,,,,,,,,,,,,,,,,
2021-09-23,1,6.435,0.23334523779156074,,,,,,,,,,,,,,,,,,,,,,,,,,,
2021-09-23,2,5.93,0.08485281374238578,,,,,,,,,,,,,,,,,,,,,,,,,,,
2021-09-23,3,6.015000000000001,0.10606601717798175,,,,,,,,,,,,,,,,,,,,,,,,,,,
2021-09-23,4,4.89,0.1838477631085022,,,,,,,,,,,,,,,,,,,,,,,,,,,
2021-09-23,5,5.465,0.26162950903902266,,,,,,,,,,,,,,,,,,,,,,,,,,,
2021-09-23,6,4.225,0.007071067811865952,,,,,,,,,,,,,,,,,,,,,,,,,,,
2021-09-23,,6.055,0.1626345596729056,,,,,,,,,,,,,,,,,,,,,,,,,,,
2021-12-09,1,6.965,0.0919238815542511,,,,,,,,,,,,,,,,,,,,,,,,,,,
2021-12-09,2,6.34,0.09899494936611705,,,,,,,,,,,,,,,,,,,,,,,,,,,
2021-12-09,3,6.555,0.12020815280171303,,,,,,,,,,,,,,,,,,,,,,,,,,,
2021-12-09,4,6.15,0.2969848480983499,,,,,,,,,,,,,,,,,,,,,,,,,,,
2021-12-09,5,6.25,0.3818376618407351,,,,,,,,,,,,,,,,,,,,,,,,,,,
2021-12-09,6,5.125,0.16263455967290624,,,,,,,,,,,,,,,,,,,,,,,,,,,
2021-12-09,,6.99,0.05656854249492385,,,,,,,,,,,,,,,,,,,,,,,,,,,
2022-02-18,1,5.855,0.0212132034355966,,,,,,,,,,,,,,,,,,,,,,,,,,,
2022-02-18,2,5.495,0.07778174593051983,,,,,,,,,,,,,,,,,,,,,,,,,,,
2022-02-18,3,5.305,0.0212132034355966,,,,,,,,,,,,,,,,,,,,,,,,,,,
2022-02-18,4,4.995,0.37476659402886975,,,,,,,,,,,,,,,,,,,,,,,,,,,
2022-02-18,5,5.199999999999999,0.09899494936611643,,,,,,,,,,,,,,,,,,,,,,,,,,,
2022-02-18,6,4.52,0.15556349186104027,,,,,,,,,,,,,,,,,,,,,,,,,,,
2022-02-18,,5.43,0.24041630560342606,,,,,,,,,,,,,,,,,,,,,,,,,,,
2022-04-14,1,5.52,0.2404163056034267,,,,,,,,,,,,,,,,,,,,,,,,,,,
2022-04-14,2,5.295,0.049497474683058526,,,,,,,,,,,,,,,,,,,,,,,,,,,
2022-04-14,3,5.34,0.014142135623730649,,,,,,,,,,,,,,,,,,,,,,,,,,,
2022-04-14,4,5.055,0.07778174593052045,,,,,,,,,,,,,,,,,,,,,,,,,,,
2022-04-14,5,5.325,0.16263455967290624,,,,,,,,,,,,,,,,,,,,,,,,,,,
2022-04-14,6,4.619999999999999,0.268700576850888,,,,,,,,,,,,,,,,,,,,,,,,,,,
2022-04-14,,5.46,0.19798989873223286,,,,,,,,,,,,,,,,,,,,,,,,,,,
2022-06-08,1,4.835,0.16263455967290624,,,,,,,,,,,,,,,,,,,,,,,,,,,
2022-06-08,2,4.73,0.014142135623731277,,,,,,,,,,,,,,,,,,,,,,,,,,,
2022-06-08,3,4.85,0.08485281374238578,,,,,,,,,,,,,,,,,,,,,,,,,,,
2022-06-08,4,4.385,0.10606601717798238,,,,,,,,,,,,,,,,,,,,,,,,,,,
2022-06-08,5,4.79,0.014142135623730649,,,,,,,,,,,,,,,,,,,,,,,,,,,
2022-06-08,6,3.75,0.1131370849898477,,,,,,,,,,,,,,,,,,,,,,,,,,,
2022-06-08,,5.03,0.16970562748477155,,,,,,,,,,,,,,,,,,,,,,,,,,,
2022-08-16,1,5.845,0.24748737341529137,,,,,,,,,,,,,,,,,,,,,,,,,,,
2022-08-16,2,4.975,0.07778174593052045,,,,,,,,,,,,,,,,,,,,,,,,,,,
2022-08-16,3,5.42,0.21213203435596475,,,,,,,,,,,,,,,,,,,,,,,,,,,
2022-08-16,4,4.875,0.10606601717798238,,,,,,,,,,,,,,,,,,,,,,,,,,,
2022-08-16,5,5.425,0.12020815280171303,,,,,,,,,,,,,,,,,,,,,,,,,,,
2022-08-16,6,3.75,0.14142135623730964,,,,,,,,,,,,,,,,,,,,,,,,,,,
2022-08-16,,5.495,0.021213203435595972,,,,,,,,,,,,,,,,,,,,,,,,,,,
2022-10-18,1,5.9399999999999995,0.19798989873223347,,,,,,,,,,,,,,,,,,,,,,,,,,,
2022-10-18,2,5.109999999999999,0.08485281374238578,,,,,,,,,,,,,,,,,,,,,,,,,,,
2022-10-18,3,5.705,0.007071067811865324,,,,,,,,,,,,,,,,,,,,,,,,,,,
2022-10-18,4,5.115,0.03535533905932725,,,,,,,,,,,,,,,,,,,,,,,,,,,
2022-10-18,5,5.3149999999999995,0.27577164466275333,,,,,,,,,,,,,,,,,,,,,,,,,,,
2022-10-18,6,4.055,0.17677669529663656,,,,,,,,,,,,,,,,,,,,,,,,,,,
2022-10-18,,5.1,0.042426406871192576,,,,,,,,,,,,,,,,,,,,,,,,,,,
2022-12-08,1,5.875,0.03535533905932788,,,,,,,,,,,,,,,,,,,,,,,,,,,
2022-12-08,2,5.335,0.07778174593051983,,,,,,,,,,,,,,,,,,,,,,,,,,,
2022-12-08,3,5.71,0.0424264068711932,,,,,,,,,,,,,,,,,,,,,,,,,,,
2022-12-08,4,5.359999999999999,0.2545584412271574,,,,,,,,,,,,,,,,,,,,,,,,,,,
2022-12-08,5,5.395,0.0494974746830579,,,,,,,,,,,,,,,,,,,,,,,,,,,
2022-12-08,6,4.445,0.19091883092036815,,,,,,,,,,,,,,,,,,,,,,,,,,,
2022-12-08,,5.77,0.014142135623731277,,,,,,,,,,,,,,,,,,,,,,,,,,,
2023-02-08,1,5.6899999999999995,0.042426406871192576,,,,,,,,,,,,,,,,,,,,,,,,,,,
2023-02-08,2,5.475,0.23334523779156074,,,,,,,,,,,,,,,,,,,,,,,,,,,
2023-02-08,3,5.445,0.049497474683058526,,,,,,,,,,,,,,,,,,,,,,,,,,,
2023-02-08,4,5.1899999999999995,0.07071067811865513,,,,,,,,,,,,,,,,,,,,,,,,,,,
2023-02-08,5,5.145,0.03535533905932725,,,,,,,,,,,,,,,,,,,,,,,,,,,
2023-02-08,6,4.45,0.1131370849898477,,,,,,,,,,,,,,,,,,,,,,,,,,,
2023-02-08,,5.77,0.014142135623731277,,,,,,,,,,,,,,,,,,,,,,,,,,,
2023-04-13,1,5.17,0.0424264068711932,,,,,,,,,,,,,,,,,,,,,,,,,,,
2023-04-13,2,4.744999999999999,0.2050609665440988,,,,,,,,,,,,,,,,,,,,,,,,,,,
2023-04-13,3,4.949999999999999,0.028284271247461926,,,,,,,,,,,,,,,,,,,,,,,,,,,
2023-04-13,4,4.81,0,,,,,,,,,,,,,,,,,,,,,,,,,,,
2023-04-13,5,4.725,0.0212132034355966,,,,,,,,,,,,,,,,,,,,,,,,,,,
2023-04-13,6,4.175000000000001,0.26162950903902266,,,,,,,,,,,,,,,,,,,,,,,,,,,
2023-04-13,,4.890000000000001,0.042426406871192576,,,,,,,,,,,,,,,,,,,,,,,,,,,
2023-06-27,1,5.645,0.3181980515339465,,,,,,,,,,,,,,,,,,,,,,,,,,,
2023-06-27,2,4.965,0.0212132034355966,,,,,,,,,,,,,,,,,,,,,,,,,,,
2023-06-27,3,5.07,0.014142135623731277,,,,,,,,,,,,,,,,,,,,,,,,,,,
2023-06-27,4,4.79,0.09899494936611705,,,,,,,,,,,,,,,,,,,,,,,,,,,
2023-06-27,5,5.385,0.14849242404917495,,,,,,,,,,,,,,,,,,,,,,,,,,,
2023-06-27,6,4.42,0.3252691193458119,,,,,,,,,,,,,,,,,,,,,,,,,,,
2023-06-27,,5.5,0.08485281374238515,,,,,,,,,,,,,,,,,,,,,,,,,,,
2023-09-08,1,5.78,0.5232590180780453,,,,,,,,,,,,,,,,,,,,,,,,,,,
2023-09-08,2,5.625,0.48790367901871745,,,,,,,,,,,,,,,,,,,,,,,,,,,
2023-09-08,3,5.48,0,,,,,,,,,,,,,,,,,,,,,,,,,,,
2023-09-08,4,5.555,0.3181980515339465,,,,,,,,,,,,,,,,,,,,,,,,,,,
2023-09-08,5,5.37,0.3535533905932738,,,,,,,,,,,,,,,,,,,,,,,,,,,
2023-09-08,6,5.27,0.7495331880577402,,,,,,,,,,,,,,,,,,,,,,,,,,,
2023-09-08,,5.0649999999999995,1.0111626970967635,,,,,,,,,,,,,,,,,,,,,,,,,,,
2023-11-14,1,5.785,0.44547727214752486,,,,,,,,,,,,,,,,,,,,,,,,,,,
2023-11-14,2,5.705,0.2192031021678301,,,,,,,,,,,,,,,,,,,,,,,,,,,
2023-11-14,3,5.715,0.33234018715767716,,,,,,,,,,,,,,,,,,,,,,,,,,,
2023-11-14,4,5.505,0.10606601717798238,,,,,,,,,,,,,,,,,,,,,,,,,,,
2023-11-14,5,5.18,0.3818376618407357,,,,,,,,,,,,,,,,,,,,,,,,,,,
2023-11-14,6,5.17,0,,,,,,,,,,,,,,,,,,,,,,,,,,,
2023-11-14,,5.79,0.014142135623730649,,,,,,,,,,,,,,,,,,,,,,,,,,,
2024-01-17,1,5.455,0.16263455967290624,,,,,,,,,,,,,,,,,,,,,,,,,,,
2024-01-17,2,5.675,0.007071067811865324,,,,,,,,,,,,,,,,,,,,,,,,,,,
2024-01-17,3,5.265,0.06363961030678918,,,,,,,,,,,,,,,,,,,,,,,,,,,
2024-01-17,4,5.635,0.4737615433949868,,,,,,,,,,,,,,,,,,,,,,,,,,,
2024-01-17,5,5.01,0.05656854249492385,,,,,,,,,,,,,,,,,,,,,,,,,,,
2024-01-17,6,5.0600000000000005,0.19798989873223347,,,,,,,,,,,,,,,,,,,,,,,,,,,
2024-01-17,,5.535,0.23334523779156074,,,,,,,,,,,,,,,,,,,,,,,,,,,
2024-03-15,1,5.65,0.05656854249492385,,,,,,,,,,,,,,,,,,,,,,,,,,,
2024-03-15,2,5.34,0.028284271247461926,,,,,,,,,,,,,,,,,,,,,,,,,,,
2024-03-15,3,5.22,0.1838477631085022,,,,,,,,,,,,,,,,,,,,,,,,,,,
2024-03-15,4,5.550000000000001,0.028284271247461926,,,,,,,,,,,,,,,,,,,,,,,,,,,
2024-03-15,5,4.92,0.014142135623730649,,,,,,,,,,,,,,,,,,,,,,,,,,,
2024-03-15,6,5.025,0.06363961030678918,,,,,,,,,,,,,,,,,,,,,,,,,,,
2024-03-15,,5.6899999999999995,0.268700576850888,,,,,,,,,,,,,,,,,,,,,,,,,,,
2024-05-10,1,5.48,0.2262741699796948,,,,,,,,,,,,,,,,,,,,,,,,,,,
2024-05-10,2,5.029999999999999,0.014142135623731277,,,,,,,,,,,,,,,,,,,,,,,,,,,
2024-05-10,3,5.135,0.0212132034355966,,,,,,,,,,,,,,,,,,,,,,,,,,,
2024-05-10,4,5.16,0.014142135623730649,,,,,,,,,,,,,,,,,,,,,,,,,,,
2024-05-10,5,5.27,0.3818376618407357,,,,,,,,,,,,,,,,,,,,,,,,,,,
2024-05-10,6,4.705,0.14849242404917495,,,,,,,,,,,,,,,,,,,,,,,,,,,
2024-05-10,,5.265,0.1767766952966369,,,,,,,,,,,,,,,,,,,,,,,,,,,
2024-08-09,1,6.035,0.03535533905932725,,,,,,,,,,,,,,,,,,,,,,,,,,,
2024-08-09,2,5.365,0.03535533905932725,,,,,,,,,,,,,,,,,,,,,,,,,,,
2024-08-09,3,5.41,0.05656854249492385,,,,,,,,,,,,,,,,,,,,,,,,,,,
2024-08-09,4,5.470000000000001,0.08485281374238578,,,,,,,,,,,,,,,,,,,,,,,,,,,
2024-08-09,5,5.675,0.36062445840513907,,,,,,,,,,,,,,,,,,,,,,,,,,,
2024-08-09,6,4.53,0.2262741699796954,,,,,,,,,,,,,,,,,,,,,,,,,,,
2024-08-09,,5.37,0.19798989873223286,,,,,,,,,,,,,,,,,,,,,,,,,,,
2024-10-22,1,5.99,0.0707106781186545,,,,,,,,,,,,,,,,,,,,,,,,,,,
2024-10-22,2,5.4399999999999995,0.09899494936611643,,,,,,,,,,,,,,,,,,,,,,,,,,,
2024-10-22,3,5.035,0.0919238815542511,,,,,,,,,,,,,,,,,,,,,,,,,,,
2024-10-22,4,5.045,0.049497474683058526,,,,,,,,,,,,,,,,,,,,,,,,,,,
2024-10-22,5,5,0.19798989873223286,,,,,,,,,,,,,,,,,,,,,,,,,,,
2024-10-22,6,4.83,0.09899494936611705,,,,,,,,,,,,,,,,,,,,,,,,,,,
2024-10-22,,5.37,0.16970562748477155,,,,,,,,,,,,,,,,,,,,,,,,,,,
2015-06-01,1,,,18.75,,,,,,,,,,,,,,,,,,,,,,,,,,
2015-06-01,2,,,14.58335,,,,,,,,,,,,,,,,,,,,,,,,,,
2015-06-01,3,,,14.583325,,,,,,,,,,,,,,,,,,,,,,,,,,
2015-06-01,4,,,16.66665,,,,,,,,,,,,,,,,,,,,,,,,,,
2015-06-01,5,,,14.583325,,,,,,,,,,,,,,,,,,,,,,,,,,
2015-06-01,6,,,15.624975000000001,,,,,,,,,,,,,,,,,,,,,,,,,,
2017-06-01,1,,,13.541675,,,,,,,,,,,,,,,,,,,,,,,,,,
2017-06-01,2,,,11.458325,,,,,,,,,,,,,,,,,,,,,,,,,,
2017-06-01,3,,,8.333325,,,,,,,,,,,,,,,,,,,,,,,,,,
2017-06-01,4,,,16.666674999999998,,,,,,,,,,,,,,,,,,,,,,,,,,
2017-06-01,5,,,11.45835,,,,,,,,,,,,,,,,,,,,,,,,,,
2017-06-01,6,,,8.333325,,,,,,,,,,,,,,,,,,,,,,,,,,
2017-09-18,1,,,17.94,,,,,,,,,,,,,,,,,,,,,,,,,,
2017-09-18,2,,,22.62,,,,,,,,,,,,,,,,,,,,,,,,,,
2017-09-18,3,,,24.439999999999998,,,,,,,,,,,,,,,,,,,,,,,,,,
2017-09-18,4,,,23.659999999999997,,,,,,,,,,,,,,,,,,,,,,,,,,
2017-09-18,5,,,50.18000000000001,,,,,,,,,,,,,,,,,,,,,,,,,,
2017-09-18,6,,,28.34,,,,,,,,,,,,,,,,,,,,,,,,,,
2017-10-17,1,,,59.8,,,,,,,,,,,,,,,,,,,,,,,,,,
2017-10-17,2,,,67.08000000000001,,,,,,,,,,,,,,,,,,,,,,,,,,
2017-10-17,3,,,63.96,,,,,,,,,,,,,,,,,,,,,,,,,,
2017-10-17,4,,,70.97999999999999,,,,,,,,,,,,,,,,,,,,,,,,,,
2017-10-17,5,,,77.74000000000001,,,,,,,,,,,,,,,,,,,,,,,,,,
2017-10-17,6,,,55.12,,,,,,,,,,,,,,,,,,,,,,,,,,
2018-01-30,1,,,46.8,,,,,,,,,,,,,,,,,,,,,,,,,,
2018-01-30,2,,,62.92,,,,,,,,,,,,,,,,,,,,,,,,,,
2018-01-30,3,,,64.22,,,,,,,,,,,,,,,,,,,,,,,,,,
2018-01-30,4,,,66.56,,,,,,,,,,,,,,,,,,,,,,,,,,
2018-01-30,5,,,55.64,,,,,,,,,,,,,,,,,,,,,,,,,,
2018-01-30,6,,,43.94,,,,,,,,,,,,,,,,,,,,,,,,,,
2018-05-21,1,,,43.94,,,,,,,,,,,,,,,,,,,,,,,,,,
2018-05-21,2,,,50.7,,,,,,,,,,,,,,,,,,,,,,,,,,
2018-05-21,3,,,40.04,,,,,,,,,,,,,,,,,,,,,,,,,,
2018-05-21,4,,,52.260000000000005,,,,,,,,,,,,,,,,,,,,,,,,,,
2018-05-21,5,,,60.58,,,,,,,,,,,,,,,,,,,,,,,,,,
2018-05-21,6,,,36.14,,,,,,,,,,,,,,,,,,,,,,,,,,
2018-09-07,1,,,26.000000000000004,,,,,,,,,,,,,,,,,,,,,,,,,,
2018-09-07,2,,,23.4,,,,,,,,,,,,,,,,,,,,,,,,,,
2018-09-07,3,,,35.36,,,,,,,,,,,,,,,,,,,,,,,,,,
2018-09-07,4,,,30.160000000000004,,,,,,,,,,,,,,,,,,,,,,,,,,
2018-09-07,5,,,29.9,,,,,,,,,,,,,,,,,,,,,,,,,,
2018-09-07,6,,,24.959999999999997,,,,,,,,,,,,,,,,,,,,,,,,,,
2019-01-30,1,,,5.46,,,,,,,,,,,,,,,,,,,,,,,,,,
2019-01-30,2,,,13.52,,,,,,,,,,,,,,,,,,,,,,,,,,
2019-01-30,3,,,1.56,,,,,,,,,,,,,,,,,,,,,,,,,,
2019-01-30,4,,,34.580000000000005,,,,,,,,,,,,,,,,,,,,,,,,,,
2019-01-30,5,,,6.24,,,,,,,,,,,,,,,,,,,,,,,,,,
2019-01-30,6,,,5.459999999999999,,,,,,,,,,,,,,,,,,,,,,,,,,
2019-01-30,1,,,12.739999999999998,,,,,,,,,,,,,,,,,,,,,,,,,,
2019-01-30,2,,,5.199999999999999,,,,,,,,,,,,,,,,,,,,,,,,,,
2019-01-30,3,,,23.400000000000002,,,,,,,,,,,,,,,,,,,,,,,,,,
2019-01-30,4,,,4.68,,,,,,,,,,,,,,,,,,,,,,,,,,
2019-01-30,5,,,3.12,,,,,,,,,,,,,,,,,,,,,,,,,,
2019-01-30,6,,,2.34,,,,,,,,,,,,,,,,,,,,,,,,,,
2019-04-26,1,,,10.920000000000002,,,,,,,,,,,,,,,,,,,,,,,,,,
2019-04-26,2,,,11.7,,,,,,,,,,,,,,,,,,,,,,,,,,
2019-04-26,3,,,2.08,,,,,,,,,,,,,,,,,,,,,,,,,,
2019-04-26,4,,,27.040000000000003,,,,,,,,,,,,,,,,,,,,,,,,,,
2019-04-26,5,,,5.199999999999999,,,,,,,,,,,,,,,,,,,,,,,,,,
2019-04-26,6,,,3.9000000000000004,,,,,,,,,,,,,,,,,,,,,,,,,,
2019-04-26,1,,,14.82,,,,,,,,,,,,,,,,,,,,,,,,,,
2019-04-26,2,,,4.16,,,,,,,,,,,,,,,,,,,,,,,,,,
2019-04-26,3,,,22.88,,,,,,,,,,,,,,,,,,,,,,,,,,
2019-04-26,4,,,6.5,,,,,,,,,,,,,,,,,,,,,,,,,,
2019-04-26,5,,,2.08,,,,,,,,,,,,,,,,,,,,,,,,,,
2019-04-26,6,,,2.6,,,,,,,,,,,,,,,,,,,,,,,,,,
2019-04-26,1,,,1.82,,,,,,,,,,,,,,,,,,,,,,,,,,
2019-04-26,2,,,14.04,,,,,,,,,,,,,,,,,,,,,,,,,,
2019-04-26,3,,,1.82,,,,,,,,,,,,,,,,,,,,,,,,,,
2019-04-26,4,,,6.760000000000001,,,,,,,,,,,,,,,,,,,,,,,,,,
2019-04-26,5,,,4.16,,,,,,,,,,,,,,,,,,,,,,,,,,
2019-04-26,6,,,1.56,,,,,,,,,,,,,,,,,,,,,,,,,,
2019-12-04,1,,,2.6,249.3846154,300,13,40.76260227,11.30551174,1.333333333,1,0.666666667,0.833333333,1,0,0.5,0.577350269,0.5,0.288675135,0.288675135,0.5,0,0.5,0.333333333,0.288675135,0.166666667,0.166666667,0.288675135,0,0.288675135
2019-12-04,2,,,1.56,226,276,13,33.68976106,9.343858534,1.333333333,0.666666667,1,0.666666667,0.333333333,0.666666667,0.166666667,0.288675135,0.288675135,0.5,0.763762616,0.577350269,0.763762616,0.288675135,0.166666667,0.166666667,0.288675135,0.440958552,0.333333333,0.440958552,0.166666667
2019-12-04,3,,,2.5999999999999996,230.5384615,276,13,38.77201608,10.75342246,2,1.333333333,1.5,0.333333333,0.833333333,0.833333333,0.5,1,1.040833,1.5,0.288675135,0.288675135,1.443375673,0,0.577350269,0.600925213,0.866025404,0.166666667,0.166666667,0.833333333,0
2019-12-04,4,,,1.82,206.6923077,300,13,73.68557595,20.43670172,2.333333333,0.5,1.333333333,1,0.333333333,0.333333333,0.833333333,0.763762616,0.866025404,1.040833,1,0.288675135,0.577350269,1.443375673,0.440958552,0.5,0.600925213,0.577350269,0.166666667,0.333333333,0.833333333
2019-12-04,5,,,4.42,172.1538462,242,13,38.88411448,10.78451297,2.666666667,1.333333333,0.333333333,0.5,0,0.166666667,0,0.288675135,1.154700538,0.288675135,0,0,0.288675135,0,0.166666667,0.666666667,0.166666667,0,0,0.166666667,0
2019-12-04,6,,,6.5,190.3846154,246,13,43.4655773,12.05518213,2.166666667,1,1.666666667,1,0.666666667,0.666666667,0.5,0.763762616,1,0.577350269,0.5,0.763762616,0.288675135,0.5,0.440958552,0.577350269,0.333333333,0.288675135,0.440958552,0.166666667,0.288675135
2020-01-29,1,,,3.64,227.9230769,271,13,27.91791999,7.743037848,1.333333333,1,0.833333333,1,1,0.333333333,0,0.577350269,1,0.577350269,0.5,0.866025404,0.577350269,0,0.333333333,0.577350269,0.333333333,0.288675135,0.5,0.333333333,0
2020-01-29,2,,,3.64,208.2307692,268,13,41.8731295,11.61351658,1.666666667,0.5,1.166666667,0.833333333,1,0.666666667,0.166666667,0.288675135,0.5,0.577350269,0.577350269,0.5,0.288675135,0.288675135,0.166666667,0.288675135,0.333333333,0.333333333,0.288675135,0.166666667,0.166666667
2020-01-29,3,,,7.279999999999999,258.0769231,320,13,38.84683929,10.77417469,1.166666667,1,0.833333333,0.666666667,1.5,1.333333333,0,1.040833,0.5,0.288675135,0.288675135,0.5,1.443375673,0,0.600925213,0.288675135,0.166666667,0.166666667,0.288675135,0.833333333,0
2020-01-29,4,,,3.6399999999999997,178.7692308,241,13,55.91981439,15.50936601,1.166666667,0.5,0.666666667,1.5,0.5,0.333333333,0.333333333,0.577350269,0.866025404,1.154700538,1.322875656,0.866025404,0.288675135,0.577350269,0.333333333,0.5,0.666666667,0.763762616,0.5,0.166666667,0.333333333
2020-01-29,5,,,10.4,166.8461538,223,13,30.12431508,8.354981743,2.166666667,0.833333333,0,0.666666667,0,0.333333333,0.166666667,0.288675135,0.577350269,0,0.288675135,0,0.288675135,0.288675135,0.166666667,0.333333333,0,0.166666667,0,0.166666667,0.166666667
2020-01-29,6,,,5.46,191.1538462,247,13,36.333745,10.07716774,2.5,0.666666667,1,1.5,1,0,0.666666667,1.322875656,0.288675135,0.5,1.322875656,1.732050808,0,0.577350269,0.763762616,0.166666667,0.288675135,0.763762616,1,0,0.333333333
2020-02-26,1,,,2.08,232.9230769,253,13,16.06995923,4.45700477,1,0.666666667,0.5,1.333333333,1.333333333,0.833333333,0,0.5,0.763762616,0.5,0.288675135,0.763762616,0.763762616,0,0.288675135,0.440958552,0.288675135,0.166666667,0.440958552,0.440958552,0
2020-02-26,2,,,2.34,224,264,13,25.40013123,7.04472889,1,0.5,0.666666667,1.5,1,0,0,0.866025404,0.5,0.763762616,1.322875656,1.322875656,0,0,0.5,0.288675135,0.440958552,0.763762616,0.763762616,0,0
2020-02-26,3,,,3.3799999999999994,262.5,320,2,81.31727984,57.5,0.833333333,0.5,0.833333333,0.5,0.666666667,1,0.166666667,1.040833,0.866025404,0.288675135,0.5,0.288675135,1.322875656,0.288675135,0.600925213,0.5,0.166666667,0.288675135,0.166666667,0.763762616,0.166666667
2020-02-26,4,,,5.2,193,300,13,70.15102755,19.45639437,1.5,0.333333333,0.833333333,0.833333333,1.166666667,0.666666667,0.5,1.5,0.288675135,1.040833,0.763762616,1.258305739,0.763762616,0.5,0.866025404,0.166666667,0.600925213,0.440958552,0.726483157,0.440958552,0.288675135
2020-02-26,5,,,5.98,,,,,,1.333333333,0,0,0.166666667,0.166666667,0.333333333,0,1.443375673,0,0,0.288675135,0.288675135,0.288675135,0,0.833333333,0,0,0.166666667,0.166666667,0.166666667,0
2020-02-26,6,,,4.68,181.0769231,237,13,39.09062449,10.84178854,1,0.666666667,0.833333333,0.833333333,0.333333333,0.333333333,0,0.866025404,0.288675135,0.288675135,1.443375673,0.577350269,0.288675135,0,0.5,0.166666667,0.166666667,0.833333333,0.333333333,0.166666667,0
2020-07-01,1,,,2.5999999999999996,243.9230769,278,13,25.97261872,7.20350835,1.666666667,0.833333333,1.333333333,1,1.166666667,0.833333333,0.333333333,1.040833,0.288675135,0.288675135,0.5,0.577350269,0.763762616,0.577350269,0.600925213,0.166666667,0.166666667,0.288675135,0.333333333,0.440958552,0.333333333
2020-07-01,2,,,2.8600000000000003,214.4615385,293,13,46.60582114,12.92612907,1.333333333,0.333333333,0.833333333,0.833333333,1,0,0,1.443375673,0.288675135,0.577350269,0.288675135,0.866025404,0,0,0.833333333,0.166666667,0.333333333,0.166666667,0.5,0,0
2020-07-01,3,,,0.52,236.7692308,355,13,51.10471904,14.17389884,0.833333333,1.166666667,1.333333333,1.166666667,1.166666667,1,0.333333333,0.763762616,0.763762616,0.288675135,0.288675135,0.577350269,0.866025404,0.577350269,0.440958552,0.440958552,0.166666667,0.166666667,0.333333333,0.5,0.333333333
2020-07-01,4,,,3.8999999999999995,167.9230769,276,13,50.52798159,14.01394065,4.5,0.666666667,1.666666667,1,0.666666667,0,0.166666667,3.5,0.763762616,1.258305739,0.5,0.577350269,0,0.288675135,2.020725942,0.440958552,0.726483157,0.288675135,0.333333333,0,0.166666667
2020-07-01,5,,,5.46,142.2307692,233,13,52.60569336,14.59019422,2.5,1,0.833333333,0.666666667,0.166666667,0,0,1.802775638,1,0.577350269,0.288675135,0.288675135,0,0,1.040833,0.577350269,0.333333333,0.166666667,0.166666667,0,0
2020-07-01,6,,,7.54,144.1538462,224,13,53.27733438,14.77647392,2.666666667,0.833333333,2.166666667,0.666666667,0.833333333,0.166666667,0.666666667,1.040833,1.040833,1.154700538,0.763762616,0.577350269,0.288675135,0.577350269,0.600925213,0.600925213,0.666666667,0.440958552,0.333333333,0.166666667,0.333333333
2020-09-03,1,,,2.8600000000000003,235.3846154,296,13,30.81000503,8.545157919,1.5,1,1,1.833333333,2,0.833333333,0.5,0,0,1,0.288675135,0.5,0.577350269,0.866025404,0,0,0.577350269,0.166666667,0.288675135,0.333333333,0.5
2020-09-03,2,,,5.2,215.6923077,272,13,46.00250829,12.75880019,1.666666667,0.166666667,1.666666667,1.166666667,1.666666667,0.166666667,0.333333333,1.040833,0.288675135,1.040833,0.577350269,1.527525232,0.288675135,0.577350269,0.600925213,0.166666667,0.600925213,0.333333333,0.881917104,0.166666667,0.333333333
2020-09-03,3,,,3.9000000000000004,,,,,,,,,,,,,,,,,,,,,,,,,,
2020-09-03,4,,,3.3800000000000003,177.2307692,256,13,42.40706279,11.76160303,2.5,0.5,1.333333333,1.166666667,0.333333333,0,0.333333333,1,0.866025404,0.577350269,0.577350269,0.288675135,0,0.288675135,0.577350269,0.5,0.333333333,0.333333333,0.166666667,0,0.166666667
2020-09-03,5,,,2.6,142.7692308,197,13,40.27851753,11.17125079,3.5,1.5,2,0.166666667,0,0,0,1,1,1,0.288675135,0,0,0,0.577350269,0.577350269,0.577350269,0.166666667,0,0,0
2020-09-03,6,,,5.72,139.5384615,226,13,61.12911934,16.95416725,1.666666667,0.666666667,1.5,0.333333333,0.5,0.166666667,0.333333333,0.288675135,0.763762616,1.5,0.577350269,0.5,0.288675135,0.577350269,0.166666667,0.440958552,0.866025404,0.333333333,0.288675135,0.166666667,0.333333333
2020-10-05,1,,,1.82,228.3846154,297,13,35.40842287,9.820529557,1,1,1,1.166666667,2,1.333333333,0.833333333,0,0.5,0.5,0.288675135,0.5,0.577350269,0.763762616,0,0.288675135,0.288675135,0.166666667,0.288675135,0.333333333,0.440958552
2020-10-05,2,,,1.56,206.2307692,264,13,43.76291018,12.13764743,1.5,0.666666667,1.166666667,0.833333333,1.666666667,0.5,0.166666667,0.866025404,0.288675135,0.577350269,0.763762616,0.288675135,0.5,0.288675135,0.5,0.166666667,0.333333333,0.440958552,0.166666667,0.288675135,0.166666667
2020-10-05,3,,,1.04,219.0769231,334,13,62.99399646,17.4713911,1.333333333,1.333333333,1,2.166666667,1.666666667,0.5,0.333333333,1.040833,1.040833,0.866025404,0.288675135,1.607275127,0.5,0.577350269,0.600925213,0.600925213,0.5,0.166666667,0.927960727,0.288675135,0.333333333
2020-10-05,4,,,2.8600000000000003,165.6923077,217,13,32.93525116,9.134595142,2.5,1.333333333,0.833333333,1.833333333,1,0.5,0.333333333,0.866025404,1.040833,0.288675135,0.577350269,0.5,0.5,0.288675135,0.5,0.600925213,0.166666667,0.333333333,0.288675135,0.288675135,0.166666667
2020-10-05,5,,,3.9,147.3846154,204,13,36.86357385,10.22411582,2.833333333,2,2.333333333,0.166666667,0,0,0,1.607275127,0.5,1.040833,0.288675135,0,0,0,0.927960727,0.288675135,0.600925213,0.166666667,0,0,0
2020-10-05,6,,,6.499999999999999,136.9230769,229,13,58.53269961,16.23404998,1.833333333,1.5,1.5,0.833333333,0.666666667,0,0.166666667,1.040833,0.866025404,0.5,1.040833,0.577350269,0,0.288675135,0.600925213,0.5,0.288675135,0.600925213,0.333333333,0,0.166666667
2020-11-06,1,,,0.52,,,,,,2,0.833333333,0.666666667,1,1.833333333,0.833333333,1.166666667,0.5,0.577350269,0.288675135,0.5,0.763762616,0.288675135,1.040833,0.288675135,0.333333333,0.166666667,0.288675135,0.440958552,0.166666667,0.600925213
2020-11-06,2,,,1.56,,,,,,1.666666667,0.833333333,1.833333333,0.833333333,1.166666667,0.333333333,0.166666667,0.763762616,0.577350269,0.288675135,0.763762616,0.577350269,0.288675135,0.288675135,0.440958552,0.333333333,0.166666667,0.440958552,0.333333333,0.166666667,0.166666667
2020-11-06,3,,,1.3,,,,,,0.666666667,1,1.5,2,2.5,0.666666667,0.333333333,0.288675135,0,0,1.322875656,0.5,0.288675135,0.288675135,0.166666667,0,0,0.763762616,0.288675135,0.166666667,0.166666667
2020-11-06,4,,,3.1199999999999997,,,,,,1.5,1.166666667,1.666666667,2.5,0.5,0.333333333,0.333333333,0.5,1.040833,0.763762616,0.5,0,0.577350269,0.288675135,0.288675135,0.600925213,0.440958552,0.288675135,0,0.333333333,0.166666667
2020-11-06,5,,,3.9000000000000004,,,,,,3.166666667,2.333333333,2.333333333,0.5,0,0.333333333,0,1.527525232,0.577350269,0.288675135,0.5,0,0.577350269,0,0.881917104,0.333333333,0.166666667,0.288675135,0,0.333333333,0
2020-11-06,6,,,9.36,,,,,,1.333333333,0.833333333,1.666666667,1.333333333,0.166666667,0,0,0.288675135,0.763762616,1.154700538,1.258305739,0.288675135,0,0,0.166666667,0.440958552,0.666666667,0.726483157,0.166666667,0,0
2020-12-14,1,,,0.52,240.6923077,293,13,28.48503881,7.900328308,2,1.333333333,0.666666667,1.5,2.333333333,0.833333333,1,1,0.288675135,0.288675135,0.866025404,0.577350269,0.288675135,0.866025404,0.577350269,0.166666667,0.166666667,0.5,0.333333333,0.166666667,0.5
2020-12-14,2,,,2.08,200.2307692,283,13,43.76291018,12.13764743,1.5,0.5,2.5,1.166666667,1.333333333,0.333333333,0.333333333,1.322875656,0.5,0.5,0.288675135,0.288675135,0.288675135,0.577350269,0.763762616,0.288675135,0.288675135,0.166666667,0.166666667,0.166666667,0.333333333
2020-12-14,3,,,2.8600000000000003,249.5384615,310,13,40.3084263,11.17954599,0.5,0.833333333,1.166666667,1.166666667,1.666666667,1,0.5,0.5,0.577350269,0.288675135,0.577350269,1.527525232,1,0.5,0.288675135,0.333333333,0.166666667,0.333333333,0.881917104,0.577350269,0.288675135
2020-12-14,4,,,4.42,184.9230769,224,13,33.44762458,9.276701958,1.833333333,1,1.333333333,2,0.833333333,0.5,0.333333333,1.154700538,0,0.288675135,0.5,0.288675135,0.866025404,0.577350269,0.666666667,0,0.166666667,0.288675135,0.166666667,0.5,0.333333333
2020-12-14,5,,,5.46,147.5384615,203,13,39.71065219,11.01375328,2.666666667,1.333333333,2.166666667,0.666666667,0,0,0.166666667,0.763762616,1.040833,0.288675135,0.288675135,0,0,0.288675135,0.440958552,0.600925213,0.166666667,0.166666667,0,0,0.166666667
2020-12-14,6,,,4.42,151.6923077,231,13,55.03996217,15.26533891,2.333333333,0.833333333,1.833333333,1,0.666666667,0,0.333333333,0.577350269,1.040833,1.040833,0.5,1.154700538,0,0.288675135,0.333333333,0.600925213,0.600925213,0.288675135,0.666666667,0,0.166666667
2021-01-13,1,,,1.82,244.2307692,306,13,25.91381178,7.18719824,2.166666667,1.333333333,0.5,1.666666667,1.833333333,1.166666667,0.833333333,1.258305739,0.763762616,0.5,1.040833,0.288675135,0.763762616,0.763762616,0.726483157,0.440958552,0.288675135,0.600925213,0.166666667,0.440958552,0.440958552
2021-01-13,2,,,2.86,199.2307692,290,13,44.22321006,12.26531165,2.166666667,0.833333333,1.5,1.166666667,1.333333333,0.333333333,0.333333333,2.020725942,0.288675135,0.5,0.577350269,0.763762616,0.288675135,0.577350269,1.166666667,0.166666667,0.288675135,0.333333333,0.440958552,0.166666667,0.333333333
2021-01-13,3,,,1.56,,,,,,,,,,,,,,,,,,,,,,,,,,
2021-01-13,4,,,2.86,,,,,,,,,,,,,,,,,,,,,,,,,,
2021-01-13,5,,,3.38,,,,,,,,,,,,,,,,,,,,,,,,,,
2021-01-13,6,,,5.98,,,,,,,,,,,,,,,,,,,,,,,,,,
2021-02-19,1,,,1.04,,,,,,1.833333333,0.833333333,0.333333333,0.666666667,1.666666667,0.833333333,1,0.763762616,0.577350269,0.288675135,0.288675135,0.763762616,1.040833,1,0.440958552,0.333333333,0.166666667,0.166666667,0.440958552,0.600925213,0.577350269
2021-02-19,2,,,1.3,218.3846154,307,13,49.78711088,13.80846009,1.333333333,0.333333333,1.166666667,1.333333333,0.833333333,0.333333333,0.333333333,0.763762616,0.288675135,0.577350269,0.763762616,0.577350269,0.288675135,0.577350269,0.440958552,0.166666667,0.333333333,0.440958552,0.333333333,0.166666667,0.333333333
2021-02-19,3,,,2.6,251.8461538,400,13,62.66690535,17.38067235,,,,,,,,,,,,,,,,,,,,,
2021-02-19,4,,,5.2,,,,,,2,0.666666667,1.5,1.333333333,0.666666667,0.5,0.333333333,0.5,0.763762616,1.322875656,0.288675135,0.288675135,0.866025404,0.577350269,0.288675135,0.440958552,0.763762616,0.166666667,0.166666667,0.5,0.333333333
2021-02-19,5,,,2.34,,,,,,,,,,,,,,,,,,,,,,,,,,
2021-02-19,6,,,5.46,,,,,,,,,,,,,,,,,,,,,,,,,,
2021-06-07,1,,,2.08,232.3846154,275,13,22.85293001,6.338262382,1.333333333,0.666666667,0,1,1.166666667,0.666666667,0.666666667,0.763762616,0.288675135,0,0.866025404,0.577350269,0.763762616,0.763762616,0.440958552,0.166666667,0,0.5,0.333333333,0.440958552,0.440958552
2021-06-07,2,,,4.42,193.3076923,318,13,48.87805338,13.5563329,0.833333333,0.666666667,2,0.833333333,0.666666667,0.5,0.166666667,0.288675135,0.288675135,2,1.040833,0.763762616,0.5,0.288675135,0.166666667,0.166666667,1.154700538,0.600925213,0.440958552,0.288675135,0.166666667
2021-06-15,3,,,2.08,,,,,,1,0.833333333,1,1,1.666666667,1.166666667,1,0.5,0.288675135,0.5,0.866025404,1.040833,1.607275127,0.866025404,0.288675135,0.166666667,0.288675135,0.5,0.600925213,0.927960727,0.5
2021-06-15,4,,,3.1199999999999997,162.3076923,216,13,57.49693414,15.94678033,1.5,1,1.5,1.666666667,1.166666667,0.833333333,0.333333333,0.866025404,0.5,0.866025404,0.288675135,0.763762616,1.443375673,0.288675135,0.5,0.288675135,0.5,0.166666667,0.440958552,0.833333333,0.166666667
2021-06-15,5,,,3.12,173.2307692,269,13,42.56006314,11.80403769,1.5,0.5,1.166666667,0.833333333,0.5,0.166666667,0,0.5,0.5,0.288675135,0.288675135,0.5,0.288675135,0,0.288675135,0.288675135,0.166666667,0.166666667,0.288675135,0.166666667,0
2021-06-07,6,,,7.0200000000000005,130.4615385,226,13,67.46927126,18.712609,1.333333333,1,1.166666667,0.833333333,0,0,1,0.577350269,0.866025404,0.577350269,0.763762616,0,0,1.322875656,0.333333333,0.5,0.333333333,0.440958552,0,0,0.763762616
2021-08-26,1,,,0.52,243.3076923,291,13,25.17069929,6.981095917,1.833333333,0.833333333,0.5,1.5,1.666666667,1.333333333,1,0.763762616,0.288675135,0.5,0.5,0.577350269,1.154700538,0.866025404,0.440958552,0.166666667,0.288675135,0.288675135,0.333333333,0.666666667,0.5
2021-08-26,2,,,2.08,169.7692308,253,13,53.11489723,14.73142196,1,1.166666667,1.833333333,0.5,0.833333333,0.333333333,0.166666667,0.5,0.577350269,0.763762616,0.5,0.288675135,0.288675135,0.288675135,0.288675135,0.333333333,0.440958552,0.288675135,0.166666667,0.166666667,0.166666667
2021-08-26,3,,,0.26,260.1538462,400,13,70.64446918,19.59325046,1.5,1.166666667,1.166666667,2.5,2.166666667,1.666666667,1.166666667,0.866025404,0.577350269,0.577350269,1,1.258305739,0.577350269,1.258305739,0.5,0.333333333,0.333333333,0.577350269,0.726483157,0.333333333,0.726483157
2021-08-26,4,,,5.46,174.9230769,230,13,49.8522175,13.82651741,2.5,1,1.333333333,1.166666667,0.666666667,0.5,0,0,0.5,1.040833,0.288675135,0.763762616,0.866025404,0,0,0.288675135,0.600925213,0.166666667,0.440958552,0.5,0
2021-08-26,5,,,1.56,185.4615385,276,13,34.66173535,9.6134357,2.166666667,0.833333333,1,1.166666667,0.333333333,0,0,0.577350269,0.288675135,0,0.763762616,0.288675135,0,0,0.333333333,0.166666667,0,0.440958552,0.166666667,0,0
2021-08-26,6,,,5.98,108.6153846,196,13,53.98385324,14.97242699,1.833333333,1.166666667,1.166666667,0.833333333,0.166666667,0.166666667,1.166666667,0.288675135,0.577350269,0.763762616,0.763762616,0.288675135,0.288675135,1.607275127,0.166666667,0.333333333,0.440958552,0.440958552,0.166666667,0.166666667,0.927960727
2021-10-26,1,,,1.3,238.9230769,276,13,25.30962116,7.019625911,1.833333333,0.5,0.666666667,1.5,1.666666667,1,1,0.763762616,0,0.288675135,0.5,0.763762616,1,1,0.440958552,0,0.166666667,0.288675135,0.440958552,0.577350269,0.577350269
2021-10-26,2,,,2.5999999999999996,189.3846154,270,13,36.88165411,10.22913039,1,0.833333333,2.166666667,1,0.833333333,0.5,0.333333333,0.866025404,0.288675135,1.040833,0.5,0.763762616,0.866025404,0.577350269,0.5,0.166666667,0.600925213,0.288675135,0.440958552,0.5,0.333333333
2021-10-26,3,,,0.78,234,288,13,52.84411036,14.65631919,1,0.833333333,1,1,1.166666667,1,0.666666667,0.5,0.577350269,0.5,0.5,1.040833,0.5,0.763762616,0.288675135,0.333333333,0.288675135,0.288675135,0.600925213,0.288675135,0.440958552
2021-10-26,4,,,3.64,158.6153846,206,13,58.92302671,16.34230724,1.833333333,1.5,2,1,0.833333333,0.333333333,0.833333333,0.288675135,0.5,0.866025404,0,0.288675135,0.577350269,1.040833,0.166666667,0.288675135,0.5,0,0.166666667,0.333333333,0.600925213
2021-10-26,5,,,2.08,171.1538462,221,13,30.44625361,8.444271426,2.166666667,0.833333333,1.666666667,1.5,0,0,0.5,0.763762616,0.288675135,1.040833,0.5,0,0,0.866025404,0.440958552,0.166666667,0.600925213,0.288675135,0,0,0.5
2021-10-26,6,,,2.86,132.7692308,230,13,54.11585388,15.00903738,1.833333333,1.166666667,1.166666667,0.833333333,0.333333333,0.5,0.333333333,0.577350269,1.154700538,1.154700538,0.763762616,0.577350269,0.5,0.577350269,0.333333333,0.666666667,0.666666667,0.440958552,0.333333333,0.288675135,0.333333333
2021-12-17,1,,,0.26,247.9230769,300,13,33.08439093,9.17595907,1.333333333,0.833333333,1.166666667,1.5,1.166666667,1.166666667,0.833333333,1.258305739,0.577350269,0.288675135,0.866025404,0.288675135,0.288675135,0.763762616,0.726483157,0.333333333,0.166666667,0.5,0.166666667,0.166666667,0.440958552
2021-12-17,2,,,1.56,192.5384615,310,13,50.20560292,13.92452889,1,0.5,1.333333333,1,0.833333333,0.5,0.666666667,0.5,0.5,1.040833,0.5,0.288675135,0.866025404,0.763762616,0.288675135,0.288675135,0.600925213,0.288675135,0.166666667,0.5,0.440958552
2021-12-17,3,,,2.6,226.4615385,298,13,51.63270182,14.32033492,2.333333333,1.166666667,1.5,1.5,1.333333333,1.166666667,0.833333333,1.258305739,0.577350269,0.5,1,0.763762616,0.288675135,1.040833,0.726483157,0.333333333,0.288675135,0.577350269,0.440958552,0.166666667,0.600925213
2021-12-17,4,,,3.9,175.6153846,223,13,36.46353992,10.11316637,2.333333333,0.833333333,1.333333333,0.833333333,0.333333333,0.166666667,0.166666667,1.258305739,0.763762616,0.577350269,0.577350269,0.288675135,0.288675135,0.288675135,0.726483157,0.440958552,0.333333333,0.333333333,0.166666667,0.166666667,0.166666667
2021-12-17,5,,,3.6399999999999997,174.9230769,206,13,20.08507546,5.570597651,1.833333333,1,1.166666667,1.833333333,0.833333333,0.166666667,0.166666667,0.763762616,0,0.288675135,1.258305739,0.577350269,0.288675135,0.288675135,0.440958552,0,0.166666667,0.726483157,0.333333333,0.166666667,0.166666667
2021-12-17,6,,,4.94,131.7692308,247,13,65.42954716,18.14689132,1.666666667,0.666666667,1,1.166666667,0.333333333,0.333333333,0.5,0.763762616,0.288675135,0.5,1.154700538,0.577350269,0.577350269,0.866025404,0.440958552,0.166666667,0.288675135,0.666666667,0.333333333,0.333333333,0.5
2022-02-25,1,,,1.82,240.6153846,275,13,24.46609375,6.785673503,1.666666667,1,0.666666667,1.166666667,2,1,0.666666667,0.288675135,1,0.577350269,0.577350269,0.5,0.866025404,0.763762616,0.166666667,0.577350269,0.333333333,0.333333333,0.288675135,0.5,0.440958552
2022-02-25,2,,,3.64,177.7692308,269,13,49.13782292,13.62838001,0.5,0.166666667,1.833333333,1,0.666666667,0.5,0.333333333,0.5,0.288675135,0.763762616,0,0.288675135,0.866025404,0.577350269,0.288675135,0.166666667,0.440958552,0,0.166666667,0.5,0.333333333
2022-02-25,3,,,0.78,219.5384615,269,13,41.55040189,11.52400804,0.833333333,1.5,1.5,1.833333333,1.333333333,1.166666667,0.666666667,0.288675135,1,0.866025404,0.763762616,0.288675135,0.763762616,0.763762616,0.166666667,0.577350269,0.5,0.440958552,0.166666667,0.440958552,0.440958552
2022-02-25,4,,,2.34,167,207,13,40.4310112,11.21354492,1.5,0.5,1.333333333,0.666666667,0.333333333,0,0,0.5,0.5,0.288675135,0.288675135,0.288675135,0,0,0.288675135,0.288675135,0.166666667,0.166666667,0.166666667,0,0
2022-02-25,5,,,3.38,172.9230769,211,13,32.02202767,8.881312517,1.666666667,1.166666667,1.333333333,1.833333333,0.5,0,0,0.288675135,0.288675135,0.763762616,0.763762616,0.5,0,0,0.166666667,0.166666667,0.440958552,0.440958552,0.288675135,0,0
2022-02-25,6,,,6.76,132.6153846,261,13,82.02696555,22.75018694,1.333333333,1,1,2.166666667,0.5,0.5,0.5,0.577350269,0.866025404,1,1.892969449,0.866025404,0.5,0.5,0.333333333,0.5,0.577350269,1.092906421,0.5,0.288675135,0.288675135
2022-04-26,1,,,1.82,236.8461538,297,13,34.97819834,9.701206741,0.833333333,1.166666667,0.5,1.166666667,1.5,1,0.666666667,0.577350269,0.763762616,0.5,0.763762616,0.5,0.5,1.154700538,0.333333333,0.440958552,0.288675135,0.440958552,0.288675135,0.288675135,0.666666667
2022-04-26,2,,,4.42,164.1538462,241,13,55.69836346,15.44794657,0.5,0.666666667,1.333333333,0.666666667,0.666666667,0.5,0.333333333,0.5,0.288675135,1.040833,0.288675135,0.577350269,0.866025404,0.577350269,0.288675135,0.166666667,0.600925213,0.166666667,0.333333333,0.5,0.333333333
2022-04-26,3,,,3.38,224.6153846,277,13,62.16984594,17.24281287,1.166666667,0.666666667,1,2.166666667,0.666666667,1.166666667,0.833333333,0.288675135,0.763762616,0.5,1.040833,0.577350269,0.577350269,1.040833,0.166666667,0.440958552,0.288675135,0.600925213,0.333333333,0.333333333,0.600925213
2022-04-26,4,,,3.12,144.6923077,211,13,56.2929608,15.6128582,0.5,0.5,0.5,0.666666667,0.666666667,0.333333333,0.166666667,0.5,0,0.866025404,0.577350269,0.288675135,0.577350269,0.288675135,0.288675135,0,0.5,0.333333333,0.166666667,0.333333333,0.166666667
2022-04-26,5,,,5.720000000000001,168.6153846,210,13,34.42271164,9.547142452,1.166666667,0.833333333,1.333333333,1.666666667,0.333333333,0,0.5,0.288675135,0.577350269,0.763762616,0.577350269,0.288675135,0,0.866025404,0.166666667,0.333333333,0.440958552,0.333333333,0.166666667,0,0.5
2022-04-26,6,,,8.58,119.0769231,190,13,61.07299122,16.93860011,1,0.833333333,1.666666667,0.5,0.166666667,0.166666667,0.833333333,0.5,0.577350269,0.288675135,0.866025404,0.288675135,0.288675135,1.040833,0.288675135,0.333333333,0.166666667,0.5,0.166666667,0.166666667,0.600925213
2022-06-29,1,,,2.8600000000000003,239.5384615,273,13,27.49731922,7.626384183,0.833333333,0.5,0.666666667,1.166666667,1.5,0.5,0.166666667,0.763762616,0.5,0.763762616,0.288675135,0.5,0.5,0.288675135,0.440958552,0.288675135,0.440958552,0.166666667,0.288675135,0.288675135,0.166666667
2022-06-29,2,,,6.76,175.6923077,330,13,60.85006795,16.87677232,0.333333333,0.166666667,0.666666667,0.5,0.333333333,0.5,0.666666667,0.288675135,0.288675135,0.763762616,0.5,0.577350269,0.866025404,1.154700538,0.166666667,0.166666667,0.440958552,0.288675135,0.333333333,0.5,0.666666667
2022-06-29,3,,,2.08,227.1538462,298,13,72.28974818,20.04956875,1,0.666666667,0.833333333,1.666666667,1.166666667,0.833333333,0.666666667,0.5,0.577350269,0.288675135,1.040833,0.577350269,0.763762616,0.577350269,0.288675135,0.333333333,0.166666667,0.600925213,0.333333333,0.440958552,0.333333333
2022-06-29,4,,,8.32,155.6923077,231,13,55.09444106,15.28044863,2.5,0.5,1.333333333,1.5,0.166666667,0,0,0.5,0.5,0.577350269,0.866025404,0.288675135,0,0,0.288675135,0.288675135,0.333333333,0.5,0.166666667,0,0
2022-06-29,5,,,8.58,164.8461538,211,13,29.091368,8.06849377,0.5,0.5,1.166666667,1.5,0.333333333,0.166666667,0.166666667,0.5,0.5,0.288675135,0,0.288675135,0.288675135,0.288675135,0.288675135,0.288675135,0.166666667,0,0.166666667,0.166666667,0.166666667
2022-06-29,6,,,8.84,131.3076923,234,13,61.93731322,17.1783199,0.666666667,1.166666667,1.166666667,0.833333333,0,0.333333333,0.333333333,0.288675135,1.040833,0.763762616,1.443375673,0,0.577350269,0.577350269,0.166666667,0.600925213,0.440958552,0.833333333,0,0.333333333,0.333333333
2022-08-29,1,,,0.78,233.2307692,279,13,34.6486023,9.609793246,1.666666667,0.833333333,1,1,1.5,0.666666667,0.666666667,0.577350269,0.288675135,1.322875656,1.322875656,0.866025404,0.577350269,0.763762616,0.333333333,0.166666667,0.763762616,0.763762616,0.5,0.333333333,0.440958552
2022-08-29,2,,,0.78,157.6923077,271,13,48.08566074,13.33656273,0.5,0.333333333,1,0.5,0,0,0.5,0.5,0.577350269,0.866025404,0.866025404,0,0,0.866025404,0.288675135,0.333333333,0.5,0.5,0,0,0.5
2022-08-29,3,,,0.78,231.6153846,296,13,57.21529292,15.8686671,1,0.5,1,1.333333333,1.833333333,1.5,0.166666667,0.5,0.5,0.5,1.040833,1.755942292,1.322875656,0.288675135,0.288675135,0.288675135,0.288675135,0.600925213,1.013793755,0.763762616,0.166666667
2022-08-29,4,,,2.34,146.6923077,210,13,54.63879058,15.15407393,1.166666667,0.333333333,1.333333333,0.5,0.166666667,0,0,0.577350269,0.288675135,0.763762616,0.866025404,0.288675135,0,0,0.333333333,0.166666667,0.440958552,0.5,0.166666667,0,0
2022-08-29,5,,,1.56,182.5384615,260,13,38.27448102,10.61543107,1,0.833333333,0.833333333,1.5,0.333333333,0,0.166666667,0.5,0.577350269,0.763762616,1.322875656,0.288675135,0,0.288675135,0.288675135,0.333333333,0.440958552,0.763762616,0.166666667,0,0.166666667
2022-08-29,6,,,3.9000000000000004,96,184,13,54.53592088,15.12554301,1.666666667,0.833333333,1.333333333,0.333333333,0,0.333333333,0.166666667,0.288675135,0.577350269,0.763762616,0.577350269,0,0.577350269,0.288675135,0.166666667,0.333333333,0.440958552,0.333333333,0,0.333333333,0.166666667
2022-11-17,1,,,3.9000000000000004,241.9230769,300,13,35.01776106,9.712179466,1,0.333333333,0,1.166666667,1.333333333,1,0.5,1.322875656,0.288675135,0,1.040833,0.288675135,0.5,0.5,0.763762616,0.166666667,0,0.600925213,0.166666667,0.288675135,0.288675135
2022-11-17,2,,,4.16,144.6923077,330,13,84.0360881,23.30741728,0.166666667,0.333333333,0.833333333,0.333333333,0,0,0,0.288675135,0.577350269,0.763762616,0.577350269,0,0,0,0.166666667,0.333333333,0.440958552,0.333333333,0,0,0
2022-11-17,3,,,2.34,230,300,13,81.5986111,22.63138279,1.5,0.166666667,0.666666667,2,0.833333333,1,0,0,0.288675135,0.763762616,1.802775638,1.040833,1,0,0,0.166666667,0.440958552,1.040833,0.600925213,0.577350269,0
2022-11-17,4,,,7.54,136.6923077,205,13,66.21100691,18.36362926,1.833333333,0.666666667,0.833333333,0.5,0,0,0,0.577350269,0.763762616,1.040833,0.5,0,0,0,0.333333333,0.440958552,0.600925213,0.288675135,0,0,0
2022-11-17,5,,,2.6,185.3076923,300,13,58.08526006,16.10995258,0.833333333,0.333333333,0.5,1,0,0,0,0.577350269,0.577350269,0,0.5,0,0,0,0.333333333,0.333333333,0,0.288675135,0,0,0
2022-11-17,6,,,5.98,93.07692308,230,13,65.75771379,18.23790837,1.333333333,0.333333333,0.333333333,0.5,0,0.333333333,0,0.577350269,0.288675135,0.577350269,0.866025404,0,0.577350269,0,0.333333333,0.166666667,0.333333333,0.5,0,0.333333333,0
2022-12-29,1,,,2.5999999999999996,257.7692308,300,13,32.38866532,8.982999503,1.166666667,0.333333333,0.5,0.5,0.833333333,0.333333333,0.5,1.040833,0.577350269,0.866025404,0,0.288675135,0.288675135,0.5,0.600925213,0.333333333,0.5,0,0.166666667,0.166666667,0.288675135
2022-12-29,2,,,10.139999999999999,169.7692308,350,13,71.55318983,19.84528422,0.5,0,0.333333333,0.333333333,0,0,0,0.866025404,0,0.577350269,0.577350269,0,0,0,0.5,0,0.333333333,0.333333333,0,0,0
2022-12-29,3,,,3.12,238.4615385,300,13,62.56278897,17.35179566,1,0.5,0.833333333,1,0.833333333,0.666666667,0.166666667,0.5,0,0.577350269,0.5,0.288675135,0.577350269,0.288675135,0.288675135,0,0.333333333,0.288675135,0.166666667,0.333333333,0.166666667
2022-12-29,4,,,11.18,148.6153846,285,13,88.34075924,24.50131824,2.166666667,0.333333333,0.666666667,0.5,0,0,0,0.763762616,0.577350269,1.154700538,0.5,0,0,0,0.440958552,0.333333333,0.666666667,0.288675135,0,0,0
2022-12-29,5,,,3.12,195.7692308,260,13,36.79029276,10.20379131,0.5,0.5,0.666666667,0.666666667,0.333333333,0,0,0.5,0.5,0.288675135,0.288675135,0.288675135,0,0,0.288675135,0.288675135,0.166666667,0.166666667,0.166666667,0,0
2022-12-29,6,,,8.58,148.8461538,400,13,100.5433954,27.88572058,1.5,1.166666667,0.833333333,0.333333333,0.166666667,0,0,0.5,0.577350269,1.040833,0.577350269,0.288675135,0,0,0.288675135,0.333333333,0.600925213,0.333333333,0.166666667,0,0
2023-03-02,1,,,5.720000000000001,242.5384615,310,13,33.16025579,9.197000197,0.666666667,0.166666667,0,0.5,0.833333333,1,0.333333333,0.577350269,0.288675135,0,0.5,0.763762616,0.866025404,0.288675135,0.333333333,0.166666667,0,0.288675135,0.440958552,0.5,0.166666667
2023-03-02,2,,,4.68,119.6153846,350,13,94.68063729,26.25968404,0,0.166666667,0.5,0.333333333,0,0,0,0,0.288675135,0.5,0.577350269,0,0,0,0,0.166666667,0.288675135,0.333333333,0,0,0
2023-03-02,3,,,2.86,239.3846154,340,13,72.63440239,20.14515863,0.333333333,0.333333333,0.5,0.5,0.833333333,0.833333333,0.333333333,0.577350269,0.288675135,0.866025404,0.5,0.288675135,0.763762616,0.577350269,0.333333333,0.166666667,0.5,0.288675135,0.166666667,0.440958552,0.333333333
2023-03-02,4,,,13.780000000000001,134.2307692,222,13,72.58001773,20.13007504,1.666666667,0.5,0.166666667,0.166666667,0,0,0,0.288675135,0.5,0.288675135,0.288675135,0,0,0,0.166666667,0.288675135,0.166666667,0.166666667,0,0,0
2023-03-02,5,,,6.5,188.4615385,280,13,45.38651669,12.58795486,0.333333333,0.5,0.833333333,0.833333333,0.166666667,0,0,0.288675135,0.5,0.577350269,0.763762616,0.288675135,0,0,0.166666667,0.288675135,0.333333333,0.440958552,0.166666667,0,0
2023-03-02,6,,,9.620000000000001,113.7692308,250,13,68.11161654,18.89076353,1.333333333,0.666666667,0.166666667,0.166666667,0,0.166666667,0,0.763762616,0.763762616,0.288675135,0.288675135,0,0.288675135,0,0.440958552,0.440958552,0.166666667,0.166666667,0,0.166666667,0
2023-04-27,1,,,0.78,234.2307692,291,13,39.13471146,10.85401606,1.333333333,0.166666667,0.166666667,0.833333333,1.166666667,1.333333333,0.333333333,0.577350269,0.288675135,0.288675135,0.577350269,0.763762616,0.288675135,0.577350269,0.333333333,0.166666667,0.166666667,0.333333333,0.440958552,0.166666667,0.333333333
2023-04-27,2,,,2.5999999999999996,128.5384615,180,13,42.09832812,11.67597544,1.166666667,0.333333333,0.666666667,0.5,0,0,0,0.288675135,0.288675135,0.577350269,0.5,0,0,0,0.166666667,0.166666667,0.333333333,0.288675135,0,0,0
2023-04-27,3,,,2.5999999999999996,205.4615385,268,13,52.85296489,14.658775,1.333333333,0.333333333,0.5,0.833333333,1.333333333,1.5,0,0.577350269,0.577350269,0.5,0.288675135,0.763762616,1.5,0,0.333333333,0.333333333,0.288675135,0.166666667,0.440958552,0.866025404,0
2023-04-27,4,,,5.2,136.3076923,200,13,66.78745468,18.52350711,1.333333333,0.666666667,0.666666667,0.166666667,0,0,0,1.040833,0.763762616,0.763762616,0.288675135,0,0,0,0.600925213,0.440958552,0.440958552,0.166666667,0,0,0
2023-04-27,5,,,2.08,165.6153846,226,13,48.9617852,13.57955593,0.833333333,0.5,0.666666667,0.666666667,0.666666667,0.333333333,0,0.288675135,0.5,0.577350269,0.288675135,0.763762616,0.577350269,0,0.166666667,0.288675135,0.333333333,0.166666667,0.440958552,0.333333333,0
2023-04-27,6,,,5.98,95.23076923,188,13,60.70029358,16.83523238,1.666666667,0.333333333,0.333333333,0.5,0.166666667,0.166666667,0,0.577350269,0.288675135,0.288675135,0.5,0.288675135,0.288675135,0,0.333333333,0.166666667,0.166666667,0.288675135,0.166666667,0.166666667,0
2023-07-07,1,,,2.08,215.3076923,284,13,45.58030389,12.64170176,1.166666667,0.333333333,0.166666667,0.666666667,1.666666667,1,1,0.763762616,0.288675135,0.288675135,0.288675135,0.763762616,0.866025404,1.322875656,0.440958552,0.166666667,0.166666667,0.166666667,0.440958552,0.5,0.763762616
2023-07-07,2,,,3.64,143.8461538,226,13,62.64828563,17.37550817,0.666666667,0,1.166666667,0.333333333,0.166666667,0,0,0.577350269,0,1.607275127,0.577350269,0.288675135,0,0,0.333333333,0,0.927960727,0.333333333,0.166666667,0,0
2023-07-07,3,,,1.04,204.1538462,274,13,73.05916113,20.26296551,0.5,0.333333333,0.5,0.5,0.666666667,1,1,0,0.288675135,0.5,0.5,0.763762616,0.866025404,0.5,0,0.166666667,0.288675135,0.288675135,0.440958552,0.5,0.288675135
2023-07-07,4,,,4.68,132.9230769,205,13,55.67234732,15.44073099,0.666666667,0.5,0.833333333,0.5,0.166666667,0,0,0.288675135,0.5,0.763762616,0.5,0.288675135,0,0,0.166666667,0.288675135,0.440958552,0.288675135,0.166666667,0,0
2023-07-07,5,,,2.34,164.3076923,265,13,41.90740709,11.62302347,0.833333333,0.833333333,1.166666667,2,0.166666667,0,0,0.288675135,0.577350269,0.577350269,0.866025404,0.288675135,0,0,0.166666667,0.333333333,0.333333333,0.5,0.166666667,0,0
2023-07-07,6,,,5.46,112.5384615,225,13,64.81719857,17.97705638,0.666666667,0.833333333,0.5,0.666666667,0.166666667,0.166666667,0.166666667,0.763762616,1.040833,0.5,1.154700538,0.288675135,0.288675135,0.288675135,0.440958552,0.600925213,0.288675135,0.666666667,0.166666667,0.166666667,0.166666667
2023-08-25,1,,,2.34,,,,,,1.666666667,0.166666667,0.666666667,1,1.333333333,1,0.666666667,0.288675135,0.288675135,0.577350269,0.866025404,0.288675135,0.5,1.154700538,0.166666667,0.166666667,0.333333333,0.5,0.166666667,0.288675135,0.666666667
2023-08-25,2,,,1.82,,,,,,0.5,0.166666667,1.5,0.333333333,0,0,0,0.5,0.288675135,1.322875656,0.577350269,0,0,0,0.288675135,0.166666667,0.763762616,0.333333333,0,0,0
2023-08-25,3,,,1.04,,,,,,0.833333333,0.333333333,0.166666667,0.333333333,0.5,0.333333333,0.5,0.763762616,0.288675135,0.288675135,0.288675135,0.5,0.577350269,0.5,0.440958552,0.166666667,0.166666667,0.166666667,0.288675135,0.333333333,0.288675135
2023-08-25,4,,,2.8600000000000003,,,,,,1,0.5,0.833333333,0.833333333,0.333333333,0,0,0.5,0.5,0.763762616,0.763762616,0.577350269,0,0,0.288675135,0.288675135,0.440958552,0.440958552,0.333333333,0,0
2023-08-25,5,,,1.3,,,,,,0.666666667,1,0.833333333,1.333333333,0.333333333,0.333333333,0,0.763762616,0.5,0.763762616,1.040833,0.577350269,0.577350269,0,0.440958552,0.288675135,0.440958552,0.600925213,0.333333333,0.333333333,0
2023-08-25,6,,,4.9399999999999995,,,,,,1.166666667,1.333333333,0.333333333,0.833333333,0,0.333333333,0,0.577350269,0.763762616,0.288675135,0.763762616,0,0.577350269,0,0.333333333,0.440958552,0.166666667,0.440958552,0,0.333333333,0
2023-10-26,1,,,1.04,258.6153846,300,13,49.93251857,13.84878892,1,0.166666667,0.333333333,0.833333333,1,0.833333333,0.5,1,0.288675135,0.288675135,0.577350269,0.5,0.288675135,0.866025404,0.577350269,0.166666667,0.166666667,0.333333333,0.288675135,0.166666667,0.5
2023-10-26,2,,,7.0200000000000005,171.3076923,295,13,65.99669766,18.30419057,0.833333333,0.166666667,1.666666667,0.333333333,0,0,0,0.288675135,0.288675135,2.466441431,0.577350269,0,0,0,0.166666667,0.166666667,1.424000624,0.333333333,0,0,0
2023-10-26,3,,,0.52,243.8461538,300,13,67.20967955,18.64061122,1.333333333,0.333333333,0.333333333,0.166666667,0,0,0,0.577350269,0.577350269,0.577350269,0.288675135,0,0,0,0.333333333,0.333333333,0.333333333,0.166666667,0,0,0
2023-10-26,4,,,1.04,137.6153846,220,13,65.37142401,18.13077086,1.166666667,0.166666667,0.666666667,0.5,0,0,0,0.763762616,0.288675135,0.577350269,0.5,0,0,0,0.440958552,0.166666667,0.333333333,0.288675135,0,0,0
2023-10-26,5,,,0.52,173.9230769,250,13,41.66025592,11.55447607,0.833333333,0.833333333,1,0.5,0,0,0,0.763762616,0.763762616,0.5,0.5,0,0,0,0.440958552,0.440958552,0.288675135,0.288675135,0,0,0
2023-10-26,6,,,1.82,112.0769231,201,13,56.79122811,15.75105269,1.666666667,0.333333333,0.333333333,0.166666667,0.166666667,0.166666667,0,0.577350269,0.577350269,0.577350269,0.288675135,0.288675135,0.288675135,0,0.333333333,0.333333333,0.333333333,0.166666667,0.166666667,0.166666667,0
2023-12-22,1,,,1.04,,,,,,,,,,,,,,,,,,,,,,,,,,
2023-12-22,2,,,1.82,,,,,,,,,,,,,,,,,,,,,,,,,,
2023-12-22,3,,,2.6,,,,,,,,,,,,,,,,,,,,,,,,,,
2023-12-22,4,,,2.08,,,,,,,,,,,,,,,,,,,,,,,,,,
2023-12-22,5,,,3.9000000000000004,,,,,,,,,,,,,,,,,,,,,,,,,,
2023-12-22,6,,,3.12,,,,,,,,,,,,,,,,,,,,,,,,,,
2024-02-23,1,,,1.04,243.8461538,300,13,35.86745543,9.947842282,0.833333333,0.166666667,0.333333333,0.5,0.833333333,0.5,0.166666667,0.288675135,0.288675135,0.288675135,0.866025404,0.577350269,0.5,0.288675135,0.166666667,0.166666667,0.166666667,0.5,0.333333333,0.288675135,0.166666667
2024-02-23,2,,,1.56,177.9230769,295,13,65.24244725,18.09499915,0.666666667,0.166666667,0.166666667,0,0,0,0,0.288675135,0.288675135,0.288675135,0,0,0,0,0.166666667,0.166666667,0.166666667,0,0,0,0
2024-02-23,3,,,1.04,211.3076923,300,13,68.54850426,19.01193438,1.333333333,0.333333333,0.333333333,0.5,0.166666667,0.833333333,0.166666667,1.040833,0.577350269,0.288675135,0,0.288675135,1.443375673,0.288675135,0.600925213,0.333333333,0.166666667,0,0.166666667,0.833333333,0.166666667
2024-02-23,4,,,1.3,161,215,13,46.7849691,12.97581577,0.666666667,0.5,0.333333333,0.5,0,0,0,0.288675135,0.5,0.288675135,0.5,0,0,0,0.166666667,0.288675135,0.166666667,0.288675135,0,0,0
2024-02-23,5,,,1.82,162.7692308,225,13,36.81520032,10.21069942,1,0.166666667,0.5,0.666666667,0.333333333,0,0,0,0.288675135,0,0.577350269,0.577350269,0,0,0,0.166666667,0,0.333333333,0.333333333,0,0
2024-02-23,6,,,1.3,126.3076923,300,13,71.55578781,19.84600477,0.833333333,0.833333333,0,0.5,0,0,0,0.577350269,0.763762616,0,0.866025404,0,0,0,0.333333333,0.440958552,0,0.5,0,0,0
2024-04-26,1,,,1.04,,,,,,,,,,,,,,,,,,,,,,,,,,
2024-04-26,2,,,0.26,,,,,,,,,,,,,,,,,,,,,,,,,,
2024-04-26,3,,,0.26,,,,,,,,,,,,,,,,,,,,,,,,,,
2024-04-26,4,,,1.04,,,,,,,,,,,,,,,,,,,,,,,,,,
2024-04-26,5,,,0.78,,,,,,,,,,,,,,,,,,,,,,,,,,
2024-04-26,6,,,1.3,,,,,,,,,,,,,,,,,,,,,,,,,,
2024-07-03,1,,,0.78,200.9230769,263,13,72.8851397,20.21470065,1,0,0.166666667,0.166666667,0.166666667,0,0,0.5,0,0.288675135,0.288675135,0.288675135,0,0,0.288675135,0,0.166666667,0.166666667,0.166666667,0,0
2024-07-08,2,,,1.3,152.1538462,320,13,68.61468035,19.03028833,0.5,0.166666667,0.333333333,0.166666667,0,0,0,0,0.288675135,0.577350269,0.288675135,0,0,0,0,0.166666667,0.333333333,0.166666667,0,0,0
2024-07-09,3,,,0.78,257.3846154,320,13,61.24478,16.98624574,0.5,0,0.166666667,0.166666667,0.5,0.5,0,0,0,0.288675135,0.288675135,0.5,0.5,0,0,0,0.166666667,0.166666667,0.288675135,0.288675135,0
2024-07-08,4,,,1.56,134.1538462,227,13,64.71069741,17.94751827,1.166666667,0.333333333,0.333333333,0.166666667,0,0,0,0.763762616,0.577350269,0.288675135,0.288675135,0,0,0,0.440958552,0.333333333,0.166666667,0.166666667,0,0,0
2024-07-08,5,,,0.78,174.6923077,241,13,40.63944023,11.27135274,0.5,0,0.166666667,1,0.166666667,0.166666667,0.333333333,0.5,0,0.288675135,0.866025404,0.288675135,0.288675135,0.577350269,0.288675135,0,0.166666667,0.5,0.166666667,0.166666667,0.333333333
2024-07-08,6,,,,145.2307692,275,13,69.95731299,19.40266762,1.666666667,0.666666667,0.833333333,0.666666667,0,0.166666667,0.333333333,0.763762616,0.763762616,0.763762616,0.763762616,0,0.288675135,0.577350269,0.440958552,0.440958552,0.440958552,0.440958552,0,0.166666667,0.333333333
2024-11-14,1,,,1.3,175.6923077,275,13,71.55695239,19.84632777,0.666666667,0,0.166666667,0.333333333,0.333333333,0.166666667,0.166666667,0.288675135,0,0.288675135,0.577350269,0.288675135,0.288675135,0.288675135,0.166666667,0,0.166666667,0.333333333,0.166666667,0.166666667,0.166666667
2024-11-14,2,,,1.04,111.9230769,310,13,92.93587533,25.77577414,0.166666667,0.166666667,0,0,0,0,0,0.288675135,0.288675135,0,0,0,0,0,0.166666667,0.166666667,0,0,0,0,0
2024-11-14,3,,,0.52,201.8461538,310,13,102.0227476,28.29601905,1,0,0.5,0,0.333333333,0.333333333,0.333333333,0.5,0,0.5,0,0.288675135,0.288675135,0.577350269,0.288675135,0,0.288675135,0,0.166666667,0.166666667,0.333333333
2024-11-14,4,,,1.56,113.4615385,208,13,72.003027,19.9700466,0.5,0.333333333,0.5,0.5,0,0,0,0.5,0.577350269,0.866025404,0.866025404,0,0,0,0.288675135,0.333333333,0.5,0.5,0,0,0
2024-11-14,5,,,2.5999999999999996,153.6923077,242,13,49.93559955,13.84964343,1,0.166666667,0,0.333333333,0.166666667,0,0.166666667,0.5,0.288675135,0,0.288675135,0.288675135,0,0.288675135,0.288675135,0.166666667,0,0.166666667,0.166666667,0,0.166666667
2024-11-14,6,,,2.6,112.3846154,203,13,56.4882561,15.66702337,0.666666667,1,0.5,0.166666667,0.166666667,0.333333333,0,0.763762616,1,0.5,0.288675135,0.288675135,0.577350269,0,0.440958552,0.577350269,0.288675135,0.166666667,0.166666667,0.333333333,0
2025-03-12,1,,,1.3,,,,,,,,,,,,,,,,,,,,,,,,,,
2025-03-12,2,,,1.56,,,,,,,,,,,,,,,,,,,,,,,,,,
2025-03-12,3,,,0.52,,,,,,,,,,,,,,,,,,,,,,,,,,
2025-03-12,4,,,1.82,,,,,,,,,,,,,,,,,,,,,,,,,,
2025-03-12,5,,,1.56,,,,,,,,,,,,,,,,,,,,,,,,,,
2025-03-12,6,,,1.3,,,,,,,,,,,,,,,,,,,,,,,,,,
,1,,,0,,,,,,,,,,,,,,,,,,,,,,,,,,
,2,,,0,,,,,,,,,,,,,,,,,,,,,,,,,,
,3,,,0,,,,,,,,,,,,,,,,,,,,,,,,,,
,4,,,0,,,,,,,,,,,,,,,,,,,,,,,,,,
,5,,,0,,,,,,,,,,,,,,,,,,,,,,,,,,
,6,,,0,,,,,,,,,,,,,,,,,,,,,,,,,,
,1,,,0,,,,,,,,,,,,,,,,,,,,,,,,,,
,2,,,0,,,,,,,,,,,,,,,,,,,,,,,,,,
,3,,,0,,,,,,,,,,,,,,,,,,,,,,,,,,
,4,,,0,,,,,,,,,,,,,,,,,,,,,,,,,,
,5,,,0,,,,,,,,,,,,,,,,,,,,,,,,,,
,6,,,0,,,,,,,,,,,,,,,,,,,,,,,,,,
,1,,,0,,,,,,,,,,,,,,,,,,,,,,,,,,
,2,,,0,,,,,,,,,,,,,,,,,,,,,,,,,,
,3,,,0,,,,,,,,,,,,,,,,,,,,,,,,,,
,4,,,0,,,,,,,,,,,,,,,,,,,,,,,,,,
,5,,,0,,,,,,,,,,,,,,,,,,,,,,,,,,
,6,,,0,,,,,,,,,,,,,,,,,,,,,,,,,,
,1,,,0,,,,,,,,,,,,,,,,,,,,,,,,,,
,2,,,0,,,,,,,,,,,,,,,,,,,,,,,,,,
,3,,,0,,,,,,,,,,,,,,,,,,,,,,,,,,
,4,,,0,,,,,,,,,,,,,,,,,,,,,,,,,,
,5,,,0,,,,,,,,,,,,,,,,,,,,,,,,,,
,6,,,0,,,,,,,,,,,,,,,,,,,,,,,,,,
,1,,,0,,,,,,,,,,,,,,,,,,,,,,,,,,
,2,,,0,,,,,,,,,,,,,,,,,,,,,,,,,,
,3,,,0,,,,,,,,,,,,,,,,,,,,,,,,,,
,4,,,0,,,,,,,,,,,,,,,,,,,,,,,,,,
,5,,,0,,,,,,,,,,,,,,,,,,,,,,,,,,
,6,,,0,,,,,,,,,,,,,,,,,,,,,,,,,,
,1,,,0,,,,,,,,,,,,,,,,,,,,,,,,,,
,2,,,0,,,,,,,,,,,,,,,,,,,,,,,,,,
,3,,,0,,,,,,,,,,,,,,,,,,,,,,,,,,
,4,,,0,,,,,,,,,,,,,,,,,,,,,,,,,,
,5,,,0,,,,,,,,,,,,,,,,,,,,,,,,,,
,6,,,0,,,,,,,,,,,,,,,,,,,,,,,,,,
,1,,,0,,,,,,,,,,,,,,,,,,,,,,,,,,
,2,,,0,,,,,,,,,,,,,,,,,,,,,,,,,,
,3,,,0,,,,,,,,,,,,,,,,,,,,,,,,,,
,4,,,0,,,,,,,,,,,,,,,,,,,,,,,,,,
,5,,,0,,,,,,,,,,,,,,,,,,,,,,,,,,
,6,,,0,,,,,,,,,,,,,,,,,,,,,,,,,,
,1,,,0,,,,,,,,,,,,,,,,,,,,,,,,,,
,2,,,0,,,,,,,,,,,,,,,,,,,,,,,,,,
,3,,,0,,,,,,,,,,,,,,,,,,,,,,,,,,
,4,,,0,,,,,,,,,,,,,,,,,,,,,,,,,,
,5,,,0,,,,,,,,,,,,,,,,,,,,,,,,,,
,6,,,0,,,,,,,,,,,,,,,,,,,,,,,,,,
2018-09-13,1,,,,145,145,1,,,,,,,,,,,,,,,,,,,,,,,
2018-09-13,2,,,,74,74,1,,,,,,,,,,,,,,,,,,,,,,,
2018-09-13,3,,,,100,100,1,,,,,,,,,,,,,,,,,,,,,,,
2018-09-13,4,,,,84,84,1,,,,,,,,,,,,,,,,,,,,,,,
2018-09-13,5,,,,105,105,1,,,,,,,,,,,,,,,,,,,,,,,
2018-09-13,6,,,,55,55,1,,,,,,,,,,,,,,,,,,,,,,,
2018-11-23,1,,,,145.9230769,194,13,45.77565135,12.69588139,,,,,,,,,,,,,,,,,,,,,
2018-11-23,2,,,,121.5384615,213,13,48.89549295,13.56116977,,,,,,,,,,,,,,,,,,,,,
2018-11-23,3,,,,157.3076923,218,13,42.30126991,11.73226136,,,,,,,,,,,,,,,,,,,,,
2018-11-23,4,,,,111.6153846,192,13,55.7278184,15.4561159,,,,,,,,,,,,,,,,,,,,,
2018-11-23,5,,,,125.7692308,182,13,34.54020326,9.579728762,,,,,,,,,,,,,,,,,,,,,
2018-11-23,6,,,,154.6153846,226,13,48.63561531,13.48909268,,,,,,,,,,,,,,,,,,,,,
2018-12-10,1,,,,158.7692308,219,13,50.05189614,13.88189831,,,,,,,,,,,,,,,,,,,,,
2018-12-10,2,,,,111.8461538,186,13,45.41080296,12.59469066,,,,,,,,,,,,,,,,,,,,,
2018-12-10,3,,,,138.0769231,181,13,40.16520372,11.13982319,,,,,,,,,,,,,,,,,,,,,
2018-12-10,4,,,,91.23076923,141,13,35.30617001,9.792169717,,,,,,,,,,,,,,,,,,,,,
2018-12-10,5,,,,96.07692308,152,13,40.473163,11.22523573,,,,,,,,,,,,,,,,,,,,,
2018-12-10,6,,,,106.7692308,204,13,42.33232383,11.74087417,,,,,,,,,,,,,,,,,,,,,
2019-01-16,1,,,,161.6153846,224,13,58.13853923,16.12472956,,,,,,,,,,,,,,,,,,,,,
2019-01-16,2,,,,119.0769231,240,13,49.93405908,13.84921619,,,,,,,,,,,,,,,,,,,,,
2019-01-16,3,,,,178.7692308,240,13,32.08622198,8.899116815,,,,,,,,,,,,,,,,,,,,,
2019-01-16,4,,,,134.5384615,211,13,62.80209044,17.41816595,,,,,,,,,,,,,,,,,,,,,
2019-01-16,5,,,,209.2307692,287,13,73.94384564,20.50833284,,,,,,,,,,,,,,,,,,,,,
2019-01-16,6,,,,165.3846154,253,13,54.80197451,15.19933301,,,,,,,,,,,,,,,,,,,,,
2019-02-21,1,,,,171.5384615,222,13,52.81195475,14.64740083,,,,,,,,,,,,,,,,,,,,,
2019-02-21,2,,,,126.6153846,188,13,34.7288028,9.632036863,,,,,,,,,,,,,,,,,,,,,
2019-02-21,3,,,,156.6153846,215,13,48.44161169,13.43528576,,,,,,,,,,,,,,,,,,,,,
2019-02-21,4,,,,125.5384615,211,13,49.73532511,13.7940973,,,,,,,,,,,,,,,,,,,,,
2019-02-21,5,,,,138.3076923,225,13,54.17007879,15.02407667,,,,,,,,,,,,,,,,,,,,,
2019-02-21,6,,,,172.3846154,257,13,63.21331408,17.53221886,,,,,,,,,,,,,,,,,,,,,
2019-04-12,1,,,,206.4615385,268,13,60.71739919,16.83997662,1.5,1.166666667,1,2.333333333,0.5,0,0,0.5,0.763762616,0.5,1.154700538,0.5,0,0,0.288675135,0.440958552,0.288675135,0.666666667,0.288675135,0,0
2019-04-12,2,,,,166.5384615,249,13,65.71227103,18.22530482,2,2.5,1.166666667,0.666666667,0,0.333333333,0,0.5,1.802775638,1.154700538,0.577350269,0,0.577350269,0,0.288675135,1.040833,0.666666667,0.333333333,0,0.333333333,0
2019-04-12,3,,,,181.7692308,240,13,42.18442415,11.69985418,1.166666667,1.833333333,2.5,1.5,0.833333333,1.333333333,0.333333333,0.763762616,1.755942292,0.866025404,0.5,0.288675135,1.892969449,0.577350269,0.440958552,1.013793755,0.5,0.288675135,0.166666667,1.092906421,0.333333333
2019-04-12,4,,,,142.6923077,242,13,60.80485811,16.86423336,3.166666667,1.5,1.666666667,1.666666667,1.666666667,0.166666667,0,2.020725942,1.732050808,1.154700538,1.755942292,2.886751346,0.288675135,0,1.166666667,1,0.666666667,1.013793755,1.666666667,0.166666667,0
2019-04-12,5,,,,114.3846154,175,13,41.99114681,11.64624869,4.666666667,1.5,1.333333333,0.333333333,0.166666667,0.5,0.5,3.75277675,1,1.040833,0.288675135,0.288675135,0.5,0.866025404,2.166666667,0.577350269,0.600925213,0.166666667,0.166666667,0.288675135,0.5
2019-04-12,6,,,,172.6153846,236,13,48.77591356,13.52800441,1.666666667,2,0.666666667,1.666666667,0.833333333,0.833333333,0.5,1.040833,2,0.288675135,1.040833,0.288675135,1.040833,0.5,0.600925213,1.154700538,0.166666667,0.600925213,0.166666667,0.600925213,0.288675135
2019-05-23,1,,,,210.3076923,292,13,50.53280224,14.01527766,1.5,1.333333333,1,3.166666667,1.166666667,0.666666667,0,0.866025404,0.763762616,0.866025404,2.081665999,1.258305739,1.154700538,0,0.5,0.440958552,0.5,1.201850425,0.726483157,0.666666667,0
2019-05-23,2,,,,171.1538462,241,13,52.91005915,14.6746101,2.5,1,2,1.166666667,0.333333333,0.333333333,0,2.291287847,1.322875656,0.5,0.763762616,0.288675135,0.577350269,0,1.322875656,0.763762616,0.288675135,0.440958552,0.166666667,0.333333333,0
2019-05-23,3,,,,189.4615385,226,13,43.37744303,12.03073808,1.833333333,1.166666667,2,1.666666667,2,0.5,0.666666667,0.577350269,1.040833,1.322875656,1.755942292,0.5,0.5,1.154700538,0.333333333,0.600925213,0.763762616,1.013793755,0.288675135,0.288675135,0.666666667
2019-05-23,4,,,,133.3076923,220,13,54.74849254,15.18449978,3.5,1.5,1.833333333,1,0.833333333,0.166666667,0,3.968626967,1.732050808,1.892969449,1,1.040833,0.288675135,0,2.291287847,1,1.092906421,0.577350269,0.600925213,0.166666667,0
2019-05-23,5,,,,122.8461538,170,13,37.46074869,10.38974232,9.666666667,1.166666667,0.666666667,0.333333333,0.166666667,1,0.5,7.112196098,0.577350269,0.763762616,0.577350269,0.288675135,0.5,0,4.106228332,0.333333333,0.440958552,0.333333333,0.166666667,0.288675135,0
2019-05-23,6,,,,143.6923077,235,13,56.91863288,15.78638841,1.333333333,0.333333333,1.333333333,1.666666667,0.666666667,0.666666667,0.666666667,0.763762616,0.288675135,1.040833,0.763762616,0.288675135,0.577350269,1.154700538,0.440958552,0.166666667,0.600925213,0.440958552,0.166666667,0.333333333,0.666666667
2019-07-31,1,,,,223.3846154,300,13,57.30988638,15.89490261,1.666666667,0.833333333,1.666666667,2,0.5,0.166666667,0.333333333,0.577350269,0.763762616,0.577350269,2,0.866025404,0.288675135,0.288675135,0.333333333,0.440958552,0.333333333,1.154700538,0.5,0.166666667,0.166666667
2019-07-31,2,,,,177.5384615,233,13,41.46407157,11.50006432,2.666666667,0.166666667,0.833333333,0.333333333,0.5,0.333333333,0.166666667,0.763762616,0.288675135,0.288675135,0.577350269,0.5,0.577350269,0.288675135,0.440958552,0.166666667,0.166666667,0.333333333,0.288675135,0.333333333,0.166666667
2019-07-31,3,,,,219.3846154,281,13,36.74810304,10.19208998,4.333333333,1.333333333,1,1.333333333,2,1,0.166666667,1.040833,1.892969449,0.866025404,0.577350269,1,0.866025404,0.288675135,0.600925213,1.092906421,0.5,0.333333333,0.577350269,0.5,0.166666667
2019-07-31,4,,,,125.5384615,242,13,79.76487885,22.12279697,3.166666667,0.166666667,1,1,0.166666667,0.5,0,1.607275127,0.288675135,1.322875656,0.5,0.288675135,0.866025404,0,0.927960727,0.166666667,0.763762616,0.288675135,0.166666667,0.5,0
2019-07-31,5,,,,140.1538462,243,13,63.92814476,17.73047722,5.166666667,0.833333333,0.666666667,0.166666667,0.166666667,0.166666667,0,2.753785274,1.040833,0.763762616,0.288675135,0.288675135,0.288675135,0,1.589898669,0.600925213,0.440958552,0.166666667,0.166666667,0.166666667,0
2019-07-31,6,,,,127,258,13,74.10802925,20.55386918,3.333333333,0.833333333,1,1,0.666666667,0.166666667,0.666666667,1.607275127,1.443375673,0.5,1,0.763762616,0.288675135,1.154700538,0.927960727,0.833333333,0.288675135,0.577350269,0.440958552,0.166666667,0.666666667
2019-08-26,1,,,,170.1538462,272,13,87.75329638,24.33838536,1.666666667,1.166666667,1.333333333,1.5,1,0.333333333,0.5,0.577350269,0.288675135,0.577350269,1.322875656,1,0.288675135,0.866025404,0.333333333,0.166666667,0.333333333,0.763762616,0.577350269,0.166666667,0.5
2019-08-26,2,,,,159.9230769,248,13,70.60389689,19.58199773,2,1.5,0.666666667,1.333333333,1.5,0,0.333333333,0.866025404,0.5,0.288675135,0.763762616,0.866025404,0,0.577350269,0.5,0.288675135,0.166666667,0.440958552,0.5,0,0.333333333
2019-08-26,3,,,,127.5384615,247,13,69.98287336,19.40975679,1.666666667,0.5,0.833333333,1.5,2.833333333,0.666666667,0.333333333,1.040833,0.5,0.288675135,0.866025404,1.040833,0.288675135,0.288675135,0.600925213,0.288675135,0.166666667,0.5,0.600925213,0.166666667,0.166666667
2019-08-26,4,,,,124.8461538,242,13,69.69080063,19.32875039,2.5,1.5,1.666666667,0.333333333,0.833333333,0.333333333,0,1.322875656,2.179449472,1.443375673,0.577350269,1.443375673,0.577350269,0,0.763762616,1.258305739,0.833333333,0.333333333,0.833333333,0.333333333,0
2019-08-26,5,,,,116,167,13,53.21810469,14.76004656,3.166666667,0.5,1,0.333333333,0.333333333,0.333333333,0,2.466441431,0,1,0.577350269,0.288675135,0.577350269,0,1.424000624,0,0.577350269,0.333333333,0.166666667,0.333333333,0
2019-08-26,6,,,,132.3846154,259,13,68.37219033,18.9630337,2.5,0.5,1,2,0.166666667,0.833333333,1,0.866025404,0.5,0.866025404,0.866025404,0.288675135,1.443375673,1.732050808,0.5,0.288675135,0.5,0.5,0.166666667,0.833333333,1
2019-09-26,1,,,,162.9230769,282,13,97.27663435,26.97968408,1.666666667,1.166666667,1,1,1.5,0.333333333,0.5,0.763762616,0.577350269,0,0.5,1.322875656,0.288675135,0.866025404,0.440958552,0.333333333,0,0.288675135,0.763762616,0.166666667,0.5
2019-09-26,2,,,,136.7692308,206,13,64.69950263,17.9444134,1.333333333,0.333333333,1.166666667,1.166666667,1,0,1.166666667,1.040833,0.288675135,0.577350269,0.763762616,1,0,1.258305739,0.600925213,0.166666667,0.333333333,0.440958552,0.577350269,0,0.726483157
2019-09-26,4,,,,99.53846154,201,13,70.90206319,19.66469418,3.5,0.333333333,1,1.166666667,0.166666667,0.666666667,0.333333333,2.645751311,0.577350269,1.322875656,1.040833,0.288675135,1.154700538,0.577350269,1.527525232,0.333333333,0.763762616,0.600925213,0.166666667,0.666666667,0.333333333
2019-09-26,6,,,,100.0769231,194,13,57.05328144,15.82373321,2.5,0.5,1,2.333333333,0.5,0,0,1,0.5,1.322875656,1.443375673,0.5,0,0,0.577350269,0.288675135,0.763762616,0.833333333,0.288675135,0,0
2019-09-27,3,,,,229.1538462,288,13,45.64509129,12.65967055,,,,,,,,,,,,,,,,,,,,,
2019-09-27,5,,,,133.3846154,261,13,73.91384451,20.50001203,,,,,,,,,,,,,,,,,,,,,
2020-09-04,3,,,,235.2307692,384,13,68.70850729,19.05631124,0.5,1,1.333333333,2.166666667,2,1,0.5,0,0.5,0.288675135,0.288675135,1.322875656,0.5,0,0,0.288675135,0.166666667,0.166666667,0.763762616,0.288675135,0
2020-11-02,1,,,,238.4615385,296,13,29.4635803,8.171726887,,,,,,,,,,,,,,,,,,,,,
2020-11-02,2,,,,211.3076923,287,13,44.56527911,12.36018453,,,,,,,,,,,,,,,,,,,,,
2020-11-09,3,,,,242.6153846,347,13,56.91300153,15.78482656,,,,,,,,,,,,,,,,,,,,,
2020-11-09,4,,,,168.6153846,210,13,32.99883448,9.15222998,,,,,,,,,,,,,,,,,,,,,
2020-11-09,5,,,,144.7692308,226,13,38.19501243,10.59339044,,,,,,,,,,,,,,,,,,,,,
2020-11-09,6,,,,137.1538462,233,13,56.02803785,15.5393818,,,,,,,,,,,,,,,,,,,,,
2021-01-14,3,,,,261.6923077,360,13,45.00256403,12.48146555,,,,,,,,,,,,,,,,,,,,,
2021-01-14,4,,,,172.6153846,232,13,36.55712074,10.13912102,2.333333333,1.166666667,1.5,1.666666667,1,0.666666667,0.5,0.763762616,0.288675135,1.322875656,0.763762616,0.5,1.154700538,0.5,0.440958552,0.166666667,0.763762616,0.440958552,0.288675135,0.666666667,0.288675135
2021-01-15,5,,,,163.0769231,200,13,24.36685433,6.758149438,2.666666667,2.166666667,2,0.666666667,0,0.166666667,0,0.288675135,1.040833,0.5,0.577350269,0,0.288675135,0,0.166666667,0.600925213,0.288675135,0.333333333,0,0.166666667,0
2021-01-15,6,,,,146.0769231,238,13,62.11476145,17.22753518,1.5,1,2,0.333333333,0.5,0,0.666666667,0.866025404,0.5,0.866025404,0.288675135,0.5,0,0.763762616,0.5,0.288675135,0.5,0.166666667,0.288675135,0,0.440958552
2021-02-18,4,,,,174.6923077,225,13,27.1611997,7.533161402,,,,,,,,,,,,,,,,,,,,,
2021-02-22,1,,,,239.7692308,306,13,28.80727294,7.989699977,,,,,,,,,,,,,,,,,,,,,
2021-02-22,5,,,,165.2307692,216,13,47.42037861,13.15204666,1.833333333,1.833333333,1.333333333,1.833333333,0,0,0.166666667,1.258305739,0.763762616,1.040833,0.577350269,0,0,0.288675135,0.726483157,0.440958552,0.600925213,0.333333333,0,0,0.166666667
2021-02-22,6,,,,134.4615385,227,13,55.65311519,15.43539696,1.333333333,1.5,1.166666667,0.166666667,0.666666667,0,0.666666667,1.040833,2.179449472,0.763762616,0.288675135,0.577350269,0,0.288675135,0.600925213,1.258305739,0.440958552,0.166666667,0.333333333,0,0.166666667
2021-04-23,1,,,,233.9230769,289,13,34.79334596,9.649937916,1.833333333,0.666666667,0.5,0.833333333,1.166666667,0.166666667,0.5,1.258305739,0.288675135,0,0.288675135,0.763762616,0.288675135,0,0.726483157,0.166666667,0,0.166666667,0.440958552,0.166666667,0
2021-06-07,3,,,,266.8461538,400,13,74.68025861,20.71257705,,,,,,,,,,,,,,,,,,,,,
2023-08-23,1,,,,250.5384615,300,13,49.63972768,13.76758334,,,,,,,,,,,,,,,,,,,,,
2023-08-23,2,,,,127.4615385,300,13,99.4397769,27.57963188,,,,,,,,,,,,,,,,,,,,,
2023-08-23,3,,,,265.6153846,300,13,32.71477358,9.073445662,,,,,,,,,,,,,,,,,,,,,
2023-08-23,4,,,,110.5384615,190,13,73.5420689,20.39690002,,,,,,,,,,,,,,,,,,,,,
2023-08-23,5,,,,182.3846154,270,13,44.29924465,12.28639985,,,,,,,,,,,,,,,,,,,,,
2023-08-23,6,,,,142.5384615,283,13,92.296276,25.5983812,,,,,,,,,,,,,,,,,,,,,
2018-11-08,1,,,,,,,,,1.666666667,1.5,3.666666667,1.5,0,0,0,1.527525232,0.866025404,2.516611478,0.866025404,0,0,0,0.881917104,0.5,1.452966315,0.5,0,0,0
2018-11-08,2,,,,,,,,,12.66666667,3.333333333,1.333333333,0.166666667,0,0,0,0.577350269,1.892969449,0.763762616,0.288675135,0,0,0,0.333333333,1.092906421,0.440958552,0.166666667,0,0,0
2018-11-08,3,,,,,,,,,1,1,2.333333333,2,0.5,0,0.333333333,0.5,0.5,0.763762616,1.322875656,0.5,0,0.577350269,0.288675135,0.288675135,0.440958552,0.763762616,0.288675135,0,0.333333333
2018-11-08,4,,,,,,,,,8,2.166666667,0.833333333,0.666666667,0,0,0,1.802775638,1.607275127,0.288675135,1.154700538,0,0,0,1.040833,0.927960727,0.166666667,0.666666667,0,0,0
2018-11-08,5,,,,,,,,,2.833333333,3,1.5,0.333333333,0.166666667,0,0,3.013856887,1.5,1,0.288675135,0.288675135,0,0,1.740051085,0.866025404,0.577350269,0.166666667,0.166666667,0,0
2018-11-08,6,,,,,,,,,3.333333333,3.166666667,1.5,1.5,1,0.666666667,0,0.763762616,2.362907813,1.802775638,0.5,0.5,1.154700538,0,0.440958552,1.364225462,1.040833,0.288675135,0.288675135,0.666666667,0
2019-01-08,1,,,,,,,,,1.666666667,0.833333333,1.333333333,1.333333333,0.666666667,0,0,1.040833,0.288675135,1.892969449,1.040833,0.763762616,0,0,0.600925213,0.166666667,1.092906421,0.600925213,0.440958552,0,0
2019-01-08,2,,,,,,,,,3.333333333,1.333333333,0.833333333,0.5,0,0,0,1.527525232,0.288675135,1.040833,0.5,0,0,0,0.881917104,0.166666667,0.600925213,0.288675135,0,0,0
2019-01-08,3,,,,,,,,,1.833333333,0.333333333,1.333333333,1.666666667,0.833333333,0.166666667,0.5,0.763762616,0.577350269,1.040833,1.040833,1.443375673,0.288675135,0.866025404,0.440958552,0.333333333,0.600925213,0.600925213,0.833333333,0.166666667,0.5
2019-01-08,4,,,,,,,,,#NUM!,2.333333333,1.333333333,0.333333333,0.333333333,0,0,,3.214550254,1.443375673,0.577350269,0.577350269,0,0,,1.855921454,0.833333333,0.333333333,0.333333333,0,0
2019-01-08,5,,,,,,,,,5.166666667,1,1.666666667,0.333333333,0,0.166666667,0,3.547299442,1.322875656,1.258305739,0.577350269,0,0.288675135,0,2.048034288,0.763762616,0.726483157,0.333333333,0,0.166666667,0
2019-01-08,6,,,,,,,,,2.666666667,0.666666667,1.5,1.166666667,1.333333333,0.333333333,0.5,0.763762616,0.577350269,1.322875656,0.763762616,1.527525232,0.577350269,0.5,0.440958552,0.333333333,0.763762616,0.440958552,0.881917104,0.333333333,0.288675135
2019-02-06,1,,,,,,,,,1,1,1.5,1.333333333,0.666666667,1,0,0.5,1.322875656,1.322875656,0.288675135,0.763762616,1.732050808,0,0.288675135,0.763762616,0.763762616,0.166666667,0.440958552,1,0
2019-02-06,2,,,,,,,,,3.166666667,1.166666667,1.333333333,0.833333333,0,0,0,1.527525232,1.258305739,0.763762616,0.763762616,0,0,0,0.881917104,0.726483157,0.440958552,0.440958552,0,0,0
2019-02-06,3,,,,,,,,,0.833333333,0.833333333,0.5,1.166666667,0.833333333,0.666666667,0.333333333,0.763762616,1.040833,0.5,0.288675135,0.763762616,1.154700538,0.577350269,0.440958552,0.600925213,0.288675135,0.166666667,0.440958552,0.666666667,0.333333333
2019-02-06,4,,,,,,,,,#NUM!,1.5,1.333333333,0.666666667,0.833333333,0,0,,0.866025404,1.527525232,0.577350269,1.443375673,0,0,,0.5,0.881917104,0.333333333,0.833333333,0,0
2019-02-06,5,,,,,,,,,3.166666667,0.666666667,0.5,0.5,0.5,0,0,3.883726733,1.154700538,0.5,0,0.5,0,0,2.242270675,0.666666667,0.288675135,0,0.288675135,0,0
2019-02-06,6,,,,,,,,,2.666666667,0.833333333,1.666666667,0.833333333,1.166666667,0.166666667,0.5,1.527525232,1.040833,1.040833,0.763762616,1.258305739,0.288675135,0.5,0.881917104,0.600925213,0.600925213,0.440958552,0.726483157,0.166666667,0.288675135
2019-09-26,3,,,,,,,,,0.166666667,1,1.5,0.833333333,1,0.5,0.5,0.288675135,0.5,0.866025404,0.577350269,1.732050808,0.866025404,0.5,0.166666667,0.288675135,0.5,0.333333333,1,0.5,0.288675135
2019-09-26,5,,,,,,,,,3.666666667,0.5,0.333333333,0.166666667,0,0.5,0,2.466441431,0,0.577350269,0.288675135,0,0.5,0,1.424000624,0,0.333333333,0.166666667,0,0.288675135,0
2020-12-29,2,,,,,,,,,1,0,2,1,0,0,0,,,,,,,,,,,,,,
2021-01-15,3,,,,,,,,,1.166666667,1.166666667,1,1.5,1.666666667,0.833333333,0.5,0.577350269,1.258305739,0.5,0.866025404,1.527525232,1.040833,0.5,0.333333333,0.726483157,0.288675135,0.5,0.881917104,0.600925213,0.288675135
2021-02-22,3,,,,,,,,,0.666666667,0.5,1.333333333,1.5,1.5,0.833333333,0.833333333,0.763762616,0,0.577350269,0.5,0.5,0.577350269,0.763762616,0.440958552,0,0.333333333,0.288675135,0.288675135,0.333333333,0.440958552
2021-04-23,5,,,,,,,,,1.666666667,1.5,1.5,1,0.333333333,0,0,0.577350269,0.5,0.5,0,0.288675135,0,0,0.333333333,0.288675135,0.288675135,0,0.166666667,0,0
