Campaign,IG_or_soil,Core,Plot,Rep,Live_root_mass_g,DateTime_installed,DateTime_measured,treatment,days_in_plots,Root_N%,Root_C%,Root_C/N,length_cm,projectedArea_cm2,surfaceArea_cm2,volume_cm3,tips_n,forks_n,crossings_n,meanDiam_mm,yearMonth,Q10,R25_nmolCO2_g-1_s-1,plotsOnOff,pre/post-Hurricane,Plot_vegtemp_C,soil_meanSurfTemp_C,soil_meanSurfVWC_cm3cm-3,soil_tempDeepcm20_C,soil_tempDeepcm40_C,soil_moistDeepcm20_C,soil_moistDeepcm40_C,soil_TotalCarbon_%,soil_TotalNitrogen_%,soil_TC/TN_%,soil_NH4_ug_g-1soil,soil_NO3_ug_g-1soil,soil_inorganicNitrogen_ug_g-1soil,soil_NH4.Min.rate_ug_g-1soil_d-1,soil_NO3.Min.rate_ug_g-1soil_d-1,soil_N.min.rate_ug_g-1soil_d-1,soil_PO4_ug_g-1soil,soil_Ext.C_ug_g-1soil,soil_Ext.N_ug_g-1soil,soil_ubial.C_ug_g-1soil,soil_ubial.N_ug_g-1soil,soil_ubial.P_ug_g-1soil,soil_ubial.C/N_%,respRootMass_g,remainingRootMass_g,coreRootMass_g,respDeadMass_g,remainingDeadMass_g,totalDeadMass_g,rootMassPerArea_gramspermetersq,respRateAtTemp_gramspermetersq,ERR25 (mmolg-1d-1),ERR25 (g C d-1),SRL_cm_g-1,RTD_g_cm-3
17_Mar_soil_full,soil,1,6,1,0.289,NA,3/7/2017,Heated,NA,2.0348,40.4747,19.8913,NA,NA,NA,NA,NA,NA,NA,NA,Mar-17,1.354898726,5.500443587,On,Pre-hurricane,24.15838604,24.18070157,0.267723745,25.00827021,24.83962146,0.386676106,0.375554623,6.505,0.5158,12.6112,2.573635943,1.294336268,NA,0.037395509,1.089008344,NA,0.203405091,187.3821835,18.39231975,591.5974343,123.057285,7.322528816,4.807496233,0.289,0.055,0.344,0.014,0.045,0.059,169.7231638,5.365257973,80.65895221,0.968714016,NA,NA
17_Mar_soil_full,soil,2,5,1,0.314,NA,3/7/2017,Control,NA,2.2648,39.1451,17.2838,398.358,21.8344,68.5948,0.944,871,920,88,0.548109992,Mar-17,2.36053974,4.54882416,On,Pre-hurricane,20.15461704,21.87129688,0.224762103,22.48380408,22.64801921,0.437293863,0.427561782,4.0438,0.4022,10.0541,1.57862617,2.199427737,NA,0.009926698,0.721439682,NA,0.21946591,365.0099888,35.92124365,516.1998875,117.3879695,4.234183001,4.39738322,0.314,0.023,0.337,0.093,0.101,0.194,166.2694947,3.476922272,65.34697202,0.784817134,12.68656051,0.332627119
17_Mar_soil_full,soil,3,3,1,0.396,NA,3/7/2017,Control,NA,1.7405,38.7267,22.25,203.4829,10.998,34.5513,0.467,643,555,41,0.540487677,Mar-17,1.241127298,4.225932407,On,Pre-hurricane,21.04362025,22.01276076,0.313008672,22.53262075,22.688961,0.414680463,0.428278121,3.5486,0.3391,10.4658,2.064563056,3.189483165,NA,-0.001930425,1.183637947,NA,0.473210407,262.4114358,29.79810912,174.9785636,49.29898112,2.668003654,3.549334278,0.396,0.199,0.595,0.012,0.181,0.193,293.5618675,3.961843944,107.1854735,1.287297536,5.138457071,0.847965739
17_Mar_soil_full,soil,6,2,1,0.224,NA,3/7/2017,Heated,NA,1.5909,40.4583,25.4307,237.5389,10.9958,34.5444,0.4,494,604,109,0.462905234,Mar-17,4.788613329,1.84067232,On,Pre-hurricane,24.11310588,25.81912747,0.295449994,25.85239063,25.59167704,0.366653124,0.381694058,3.6456,0.3555,10.2538,1.025438489,2.926366716,NA,0.133484676,1.498958354,NA,0.298665031,286.00375,28.9168341,294.2575039,76.23574015,2.274163549,3.859836651,0.224,0.012,0.236,0.008,0.02,0.028,116.4379844,2.092639085,18.51760872,0.222396481,10.60441518,0.56
17_Mar_soil_full,soil,7,1,2,0.568,NA,3/8/2017,Control,NA,1.7746,39.7517,22.401,615.3294,32.1058,100.8631,1.329,1552,1541,141,0.521766065,Mar-17,0.983567619,4.849411138,On,Pre-hurricane,21.271405,21.85796607,0.39920656,22.45360221,22.62119271,0.390320388,0.316083729,3.7246,0.3866,9.6349,1.664712285,0.670462197,NA,0.000544078,0.995524765,NA,0.336277401,242.9745086,24.80520528,380.2798559,87.72306613,4.649496478,4.335004152,0.568,0.074,0.642,0.012,0.092,0.104,316.7507882,4.874723008,132.7151347,1.593908768,10.83326408,0.427389014
17_Mar_soil_full,soil,8,2,2,0.22,NA,3/8/2017,Heated,NA,1.6662,40.4375,24.2689,217.5741,11.1859,35.1416,0.452,354,457,66,0.514119098,Mar-17,1.854719188,2.609291685,On,Pre-hurricane,23.81381838,25.57840911,0.310702425,25.78087946,25.59102321,0.37372126,0.387639684,3.1179,0.3168,9.8407,0.836586,2.41804614,NA,0.196930112,1.138873392,NA,2.4422595,218.8516201,24.24814631,414.6144267,94.95512427,0.156752217,4.366424981,0.22,0.09,0.31,0.015,0.023,0.038,152.9481999,2.704207941,34.48107068,0.414117659,9.889731818,0.486725664
17_Mar_soil_full,soil,9,4,2,0.28,NA,3/8/2017,Heated,NA,1.6612,42.8085,25.7703,401.0411,17.6139,55.3359,0.619,813,1136,198,0.439204361,Mar-17,0.830462688,2.422507308,On,Pre-hurricane,23.82252296,25.42547996,0.217022287,25.65813342,25.6333565,0.365282412,0.322205715,4.6782,0.4318,10.8353,1.025635236,2.571638769,NA,0.124469003,1.607353648,NA,0.364603757,452.9977918,44.57962503,364.4193613,90.30673728,4.045360069,4.035350764,0.28,0.045,0.325,0.027,0.082,0.109,160.3489192,2.40343471,33.56177144,0.403076875,14.32289643,0.452342488
17_Mar_soil_full,soil,10,6,2,0.333,NA,3/8/2017,Heated,NA,1.9676,38.4999,19.5673,398.2095,20.3874,64.049,0.825,932,1112,135,0.511976736,Mar-17,2.184117613,3.084936216,On,Pre-hurricane,23.8572535,24.00262482,0.283912841,24.91533221,24.80103283,0.394083015,0.382011427,4.619,0.4184,11.0396,1.031055327,0.559463326,NA,0.071084079,0.61742928,NA,1.499037988,254.9987014,23.81241526,500.4580887,119.4538149,3.169471605,4.189553003,0.333,0.031,0.364,0.029,0.1,0.129,179.5907896,2.853695568,47.8678577,0.574892971,11.95824324,0.403636364
17_Mar_soil_full,soil,11,5,2,0.471,NA,3/8/2017,Control,NA,2.1903,40.7312,18.5958,433.5375,24.8824,78.1704,1.138,1075,1503,156,0.573938817,Mar-17,0.917217988,6.312360631,On,Pre-hurricane,20.02292217,21.74902492,0.235309001,22.44796121,22.63655483,0.44207255,0.432117289,4.0151,0.3881,10.3447,3.178685772,0.812223384,NA,-0.338677428,1.094076236,NA,1.47771705,280.2623373,28.74159007,355.2477486,87.64192221,2.229147146,4.053399784,0.471,0.144,0.615,0.02,0.122,0.142,303.4294933,6.492199827,165.4867919,1.987496371,9.204617834,0.413884007
17_Mar_soil_full,soil,12,3,2,0.708,NA,3/8/2017,Control,NA,1.9221,42.9861,22.3642,715.2136,41.0231,128.8783,1.86,1460,2440,223,0.573578299,Mar-17,2.245254646,4.781753239,On,Pre-hurricane,20.92060546,21.90654033,0.322522376,22.50640233,22.68420917,0.41986018,0.432724725,3.1525,0.321,9.8216,2.160188664,0.937346852,NA,0.115588998,1.939640479,NA,0.249187396,315.6427215,34.86277556,296.6824038,78.83071764,5.194448398,3.763538031,0.708,0.231,0.939,0.002,0.196,0.198,463.2850313,3.723270273,191.40319,2.298752312,10.10188701,0.380645161
17_Mar_soil_full,soil,13,5,3,0.566,NA,3/9/2017,Control,NA,1.9158,40.2743,21.0224,497.3979,27.6693,86.9256,1.214,1176,1740,241,0.556280998,Mar-17,1.417777653,4.389057594,On,Pre-hurricane,19.8991005,21.65214186,0.242290065,22.39749563,22.61047229,0.446472413,0.435534325,4.9511,0.4612,10.7345,1.428767465,0.257129333,NA,0.047015908,0.55892881,NA,0.426587008,306.5244679,28.93166092,269.8959043,69.46378699,4.1638559,3.885418806,0.566,0.097,0.663,0.016,0.21,0.226,327.1117953,3.904945974,124.0455608,1.489787185,8.787948763,0.466227348
17_Mar_soil_full,soil,14,2,3,0.194,NA,3/9/2017,Heated,NA,1.1384,39.8469,35.0032,170.6495,9.1376,28.7067,0.384,622,738,64,0.53546011,Mar-17,2.413255802,2.349568303,On,Pre-hurricane,23.70005979,25.47124338,0.31966687,25.71822829,25.56701075,0.379692993,0.392403478,3.2245,0.3217,10.0229,0.526688352,1.006253188,NA,0.104015842,0.562746828,NA,-0.010511211,186.5120139,20.1009188,679.6092619,64.78812459,3.77049235,10.48971962,0.194,0,0.194,0.029,0.014,0.043,95.71597026,2.449164774,19.43060053,0.233361512,8.796365979,0.505208333
17_Mar_soil_full,soil,15,4,3,0.501,NA,3/9/2017,Heated,NA,1.5348,40.7948,26.5807,393.7796,24.5338,77.0752,1.215,772,1417,183,0.623033799,Mar-17,1.136550795,3.235591179,On,Pre-hurricane,23.70977433,25.3276036,0.225904532,25.59980117,25.60278638,0.373497273,0.328185895,4.9312,0.4413,11.1747,1.11495874,0.381101745,NA,0.128522604,1.547982141,NA,0.237455957,341.0157553,31.8814949,566.4857718,114.9338855,7.020664942,4.92879684,0.501,0.071,0.572,0.014,0.102,0.116,282.2140979,3.249187348,78.89438411,0.947521553,7.859872255,0.412345679
17_Mar_soil_full,soil,17,1,3,0.633,NA,3/9/2017,Control,NA,2.0568,39.9281,19.4129,391.901,25.3801,79.734,1.293,1221,1296,122,0.647615086,Mar-17,1.095379891,3.39252817,On,Pre-hurricane,21.16398283,21.75746494,0.404637555,22.41341846,22.60136096,0.39591591,0.323780331,3.9151,0.4003,9.7814,1.20814957,0.301712479,NA,0.084818681,0.716673066,NA,1.128767936,242.7061853,24.00675871,120.5275651,38.48738925,2.625294837,3.131611871,0.633,0.024,0.657,0.018,0.161,0.179,324.1515075,3.293778946,95.01348564,1.141111962,6.191169036,0.489559165
17_Mar_soil_full,soil,18,3,3,0.495,NA,3/9/2017,Control,NA,1.9243,38.5241,20.0202,386.3734,25.7261,80.8209,1.361,998,1590,111,0.665835174,Mar-17,3.098405723,3.460209054,On,Pre-hurricane,20.81383567,21.81065942,0.328869667,22.46570083,22.66517483,0.424669579,0.436884769,3.1925,0.3066,10.4123,1.308418961,1.024362712,NA,0.008198864,0.858251057,NA,-0.013867541,237.2133923,24.23830826,217.1671423,40.63069559,1.513008355,5.344903384,0.495,0.081,0.576,0.036,0.105,0.141,284.187623,2.412468277,84.96131785,1.020385427,7.805523232,0.363703159
17_Jul_IG_full,IG,9,4,2,0.213,3/8/2017,7/26/2017,Heated,140,1.3552,38.6902,28.5503,629.0257,23.5847,74.0936,0.698,1709,2285,513,0.374940165,Jul-17,1.600247964,6.40008544,On,Pre-hurricane,27.32127829,28.48073533,0.280424786,27.98978967,27.69399513,0.398110208,0.336837095,NA,NA,NA,NA,NA,NA,NA,NA,NA,NA,NA,NA,NA,NA,NA,NA,0.213,0.06,0.273,0,0.014,0.014,134.6930922,7.538031725,74.48088655,0.894515447,29.531723,0.305157593
17_Jul_IG_full,IG,1,6,1,0.217,3/7/2017,7/26/2017,Heated,141,1.6555,36.787,22.2216,439.3615,14.5051,45.569,0.376,1245,2156,419,0.330140442,Jul-17,1.066821241,12.13992055,On,Pre-hurricane,27.35593192,28.17895394,0.323121611,27.7373775,27.42838275,0.395429465,0.387535284,NA,NA,NA,NA,NA,NA,NA,NA,NA,NA,NA,NA,NA,NA,NA,NA,0.217,0.106,0.323,0,0.016,0.016,159.3621567,12.3921326,167.1532347,2.007510349,20.24707373,0.57712766
17_Jul_IG_full,IG,3,3,1,0.216,3/7/2017,7/26/2017,Control,141,2.103,39.7341,18.8937,310.7529,16.2842,51.1583,0.67,682,956,124,0.524024072,Jul-17,1.968168529,8.577032188,On,Pre-hurricane,24.38787042,25.77873853,0.354705641,25.65904142,25.49841129,0.43160898,0.451224717,NA,NA,NA,NA,NA,NA,NA,NA,NA,NA,NA,NA,NA,NA,NA,NA,0.216,0.128,0.344,0,0.008,0.008,169.7231638,9.041423308,125.7742977,1.510549316,14.38670833,0.32238806
17_Jul_IG_full,IG,15,4,3,0.205,3/9/2017,7/27/2017,Heated,140,1.1792,42.3136,35.8829,542.256,18.0069,56.5702,0.47,875,1627,470,0.332073781,Jul-17,1.509266861,4.414145254,On,Pre-hurricane,27.53454654,28.5822974,0.270017426,27.99669258,27.70398758,0.393248228,0.332951611,NA,NA,NA,NA,NA,NA,NA,NA,NA,NA,NA,NA,NA,NA,NA,NA,0.205,0.091,0.296,0,0.022,0.022,146.0408618,5.115474579,55.69737786,0.668925508,26.4515122,0.436170213
17_Jul_IG_full,IG,12,3,2,0.133,3/8/2017,7/27/2017,Control,141,2.15,40.6535,18.9085,243.6284,11.8493,37.2257,0.453,439,808,114,0.486367763,Jul-17,0.571267235,11.74522356,On,Pre-hurricane,24.42505508,25.82952121,0.350501774,25.69122938,25.53105517,0.429961049,0.449767512,NA,NA,NA,NA,NA,NA,NA,NA,NA,NA,NA,NA,NA,NA,NA,NA,0.133,0.086,0.219,0,0.017,0.017,108.0505025,11.21219373,109.6482794,1.316875836,18.31792481,0.293598234
17_Jul_IG_full,IG,4,4,1,0.156,3/7/2017,7/28/2017,Heated,143,1.3763,41.1144,29.8722,376.6128,14.5633,45.7519,0.442,565,1169,231,0.386691584,Jul-17,1.740303099,4.934782768,On,Pre-hurricane,27.696188,28.67793011,0.263840112,28.03903829,27.72454608,0.390588043,0.331931657,NA,NA,NA,NA,NA,NA,NA,NA,NA,NA,NA,NA,NA,NA,NA,NA,0.156,0.064,0.22,0,0.008,0.008,108.5438838,6.050178579,46.27933811,0.555814851,24.14184615,0.352941176
17_Jul_IG_full,IG,8,2,2,0.136,3/8/2017,7/28/2017,Heated,142,1.2049,39.4538,32.7431,293.8541,11.3647,35.7033,0.345,902,1601,238,0.386746348,Jul-17,2.709663245,2.700937776,On,Pre-hurricane,27.57309863,28.69521269,0.322062587,28.07490438,27.69281292,0.381203636,0.386780343,NA,NA,NA,NA,NA,NA,NA,NA,NA,NA,NA,NA,NA,NA,NA,NA,0.136,0.036,0.172,0,0.014,0.014,84.86158188,3.90378596,19.80338563,0.237838661,21.60691912,0.394202899
17_Jul_IG_full,IG,11,5,2,0.28,3/8/2017,7/28/2017,Control,142,1.8793,43.5936,23.1968,470.4593,21.998,69.1088,0.818,832,1447,233,0.467585613,Jul-17,2.789237146,8.447144413,On,Pre-hurricane,22.55936275,25.7317106,0.245459442,25.65553867,25.43048063,0.44304018,0.436159801,NA,NA,NA,NA,NA,NA,NA,NA,NA,NA,NA,NA,NA,NA,NA,NA,0.28,0.148,0.428,0,0.029,0.029,211.1671921,9.105557909,154.1168439,1.850943295,16.80211786,0.342298289
17_Jul_IG_full,IG,18,3,3,0.168,3/9/2017,7/28/2017,Control,141,2.1859,38.8689,17.7819,302.9375,14.5692,45.7705,0.55,558,1032,152,0.480930885,Jul-17,3.272923078,7.831259891,On,Pre-hurricane,24.43728263,25.85974593,0.348928741,25.7316105,25.56733371,0.429180023,0.449252023,NA,NA,NA,NA,NA,NA,NA,NA,NA,NA,NA,NA,NA,NA,NA,NA,0.168,0.006,0.174,0,0.012,0.012,85.84834446,8.671675793,58.08678019,0.69762223,18.03199405,0.305454545
18_Mar_IG_full,IG,21,1,1,0.142,11/1/2017,3/14/2018,Control,133,1.354,40.927,30.225,711.0612,21.6046,67.8727,0.517,2241,2742,654,0.303836013,Mar-18,1.551214482,6.644864489,Off,Post-hurricane,22.44591531,23.36039024,0.370812014,23.28878567,23.32689617,0.414317305,0.337900311,4.5243,0.481,9.4051,8.878741033,0.473392247,9.35213328,-0.471090674,3.025158601,2.554067926,7.51909847,377.9320544,46.02072398,213.1375961,77.3278481,21.28343678,2.756285107,0.142,0.075,0.217,0,0.005,0.005,107.0637399,6.183343681,61.46703736,0.738219119,50.07473239,0.274661509
18_Mar_IG_full,IG,32,6,2,0.152,11/2/2017,3/14/2018,Heated,132,1.835,39.105,21.3148,502.6776,16.8751,53.0146,0.445,3982,3994,255,0.335704237,Mar-18,1.512999161,16.92328155,Off,Post-hurricane,22.31450351,23.82446624,0.385471935,23.28678979,23.16211346,0.415744209,0.40135951,4.013,0.4239,9.4676,4.696768346,0.593211538,5.289979883,3.968687083,1.349444473,5.318131556,7.583979458,260.4438257,28.40584012,389.1813758,99.4530807,14.18754904,3.913215891,0.152,0.017,0.169,0.016,0.002,0.018,83.38143801,16.11921675,121.9179645,1.464234753,33.07089474,0.341573034
18_Mar_soil_full,soil,3,2,1,0.224,NA,3/15/2018,Heated,NA,1.573,41.181,26.1795,662.2524,22.0663,69.3232,0.599,3166,4114,292,0.333200755,Mar-18,1.516889425,5.839237731,Off,Post-hurricane,23.1360402,23.72864129,0.424789433,23.68828913,23.60147792,0.423794243,0.418854981,4.1575,0.4039,10.2933,4.212423196,0.33383025,4.546253446,-0.332223521,1.236040409,0.903816887,2.552077965,300.8649234,24.60046533,364.6226344,67.1316237,26.33032203,5.431458594,0.224,0.087,0.311,NA,0.108,0.108,153.4415812,5.537967748,77.4128336,0.929728132,29.56483929,0.373956594
18_Mar_soil_full,soil,1,3,1,0.304,NA,3/15/2018,Control,NA,1.235,42.16,34.1279,NA,NA,NA,NA,NA,NA,NA,NA,Mar-18,1.250398584,3.270742843,Off,Post-hurricane,22.33389784,23.20617351,0.3711193,23.21641588,23.21980417,0.439024284,0.455344769,4.3669,0.4052,10.7759,5.824445312,1.768731604,7.593176916,-0.581507652,2.085305524,1.503797872,2.382864653,390.2849673,45.80441025,267.9840912,30.96628819,17.01246834,8.6540592,0.304,0.17,0.474,0.025,0.083,0.108,233.8627315,3.142227228,66.08777948,0.793714232,NA,NA
18_Mar_soil_full,soil,5,4,1,0.22,NA,3/15/2018,Heated,NA,1.037,43.285,41.7378,373.4783,13.4875,42.3721,0.383,1735,1991,123,0.361132093,Mar-18,1.780172679,1.60167407,Off,Post-hurricane,22.67751647,23.79569934,0.415800738,23.59067679,23.52571942,0.420490995,0.353669988,6.1803,0.5354,11.5422,5.737281874,0.807538006,6.54481988,0.15669608,1.856709417,2.013405496,5.85365069,501.2103969,47.51446465,458.8467531,80.31812671,36.90682705,5.71286672,0.22,0.158,0.378,0.015,0.026,0.041,186.4981276,1.494207712,25.80847618,0.309959799,16.97628636,0.574412533
18_Mar_soil_full,soil,4,5,1,0.158,NA,3/15/2018,Control,NA,1.436,41.62,28.9901,367.7676,12.8554,40.3865,0.353,2002,2523,157,0.349552272,Mar-18,0.883033795,3.68517813,Off,Post-hurricane,23.03380691,23.69425074,0.336727176,23.62086221,23.57934192,0.448055495,0.43999419,4.657,0.4449,10.4676,12.11077042,0.668483653,12.77925408,-1.545697397,1.539308178,-0.006389219,2.441032762,337.2271356,37.25718558,397.1042399,64.72994273,28.23495506,6.134784354,0.158,0.075,0.233,0.127,0.24,0.367,114.9578406,3.745523204,36.60250636,0.439596101,23.27643038,0.447592068
18_Mar_soil_full,soil,6,6,1,0.198,NA,3/15/2018,Heated,NA,1.297,41.688,32.1524,212.143,9.9475,31.2509,0.366,1161,1019,42,0.468905408,Mar-18,2.292466333,3.244627809,Off,Post-hurricane,22.57421243,24.05546477,0.370956867,23.44465408,23.2793655,0.413197834,0.399137258,4.8825,0.4689,10.4126,6.633112578,0.741149071,7.374261649,-0.486515266,1.451180464,0.964665198,-0.389248048,299.34584,28.61791634,339.0803093,91.08491714,24.83900372,3.722683403,0.198,0.033,0.231,0.123,0.023,0.146,113.971078,3.000081146,31.95017819,0.38372164,10.71429293,0.540983607
18_Mar_IG_full,IG,23,3,1,0.24,11/1/2017,3/16/2018,Control,135,1.431,40.802,28.5168,836.3827,22.4467,70.5184,0.473,7841,5713,418,0.268378339,Mar-18,2.353172985,6.183100436,Off,Post-hurricane,22.624316,23.37968977,0.359180735,23.33199192,23.30924688,0.436321636,0.453923315,4.2475,0.4488,9.4642,11.42899177,0.345887685,11.77487945,-1.161042704,2.109128526,0.948085822,1.98191312,281.7179098,30.81922931,444.2768503,107.5953025,33.811195,4.129147276,0.24,0.082,0.322,NA,0.02,0.02,158.8687754,5.382534807,84.87085775,1.019299002,34.84927917,0.507399577
18_Mar_IG_full,IG,31,2,2,0.149,11/2/2017,3/16/2018,Heated,134,1.541,38.306,24.8627,510.3477,21.0778,66.2181,0.685,3895,2123,109,0.413008621,Mar-18,1.64503481,10.18973656,Off,Post-hurricane,23.45926949,23.92319896,0.412563809,23.82038783,23.70189796,0.420726845,0.417114764,3.9373,0.4232,9.3041,4.218361688,0.111889858,4.330251546,-0.163625499,1.228048286,1.064422787,7.608432938,329.534473,36.78784533,302.7711765,84.19348655,15.5208802,3.596135389,0.149,0.029,0.178,0.004,0.003,0.007,87.82186962,9.657955489,77.31778022,0.92858654,34.25152349,0.217518248
18_Mar_IG_full,IG,26,4,1,0.19,11/1/2017,3/16/2018,Heated,135,1.493,42.203,28.2726,810.7501,20.5653,64.6078,0.412,5727,6261,441,0.253657693,Mar-18,1.624115047,6.33819912,Off,Post-hurricane,23.01758976,23.9784612,0.403871039,23.70636117,23.61969258,0.415559285,0.350233002,5.213,0.4986,10.4561,7.405756778,-0.013344295,7.392412484,-0.581375172,2.490625177,1.909250005,10.41647845,318.9711709,32.33646807,322.2356781,101.6902353,33.06399658,3.16879666,0.19,0.036,0.226,0.002,0.014,0.016,111.5041715,6.031850326,61.06195946,0.733354133,42.67105789,0.461165049
18_Mar_IG_full,IG,30,1,2,0.263,11/2/2017,3/16/2018,Control,134,1.512,41.554,27.4822,1085.8763,33.479,105.1773,0.813,7264,7501,374,0.308313203,Mar-18,1.366758043,8.257150363,Off,Post-hurricane,22.92210382,23.72007545,0.343269769,23.54648129,23.52569296,0.401638825,0.327050102,4.1269,0.4418,9.3411,5.678705949,0.310214053,5.988920002,-0.335045633,2.474264119,2.139218487,6.499762903,367.3875343,44.63860458,284.1282218,86.85239852,25.67565252,3.271391771,0.263,0.081,0.344,NA,0.018,0.018,169.7231638,7.93346093,121.0835246,1.454213131,41.28807224,0.323493235
18_Mar_soil_full,soil,9,3,2,0.193,NA,3/18/2018,Control,NA,1.424,44.163,31.0033,517.3724,16.5544,52.0073,0.416,2350,4198,298,0.319970683,Mar-18,0.726422381,2.480298678,Off,Post-hurricane,22.9873445,23.64322858,0.336465829,23.58183554,23.49971396,0.430889543,0.451120607,3.7531,0.3544,10.5903,6.262480111,0.591452221,6.853932332,-0.404828587,2.577452304,2.172623717,2.935264104,515.9948209,42.94453805,35.83803936,34.00811431,25.47710282,1.053808483,0.193,0.131,0.324,0.007,0.036,0.043,159.855538,2.590224651,34.25669102,0.411422859,26.8068601,0.463942308
18_Mar_soil_full,soil,10,6,2,0.261,NA,3/18/2018,Heated,NA,1.869,44.093,23.5866,336.5137,15.805,49.6529,0.583,5480,3378,167,0.469668843,Mar-18,0.770955565,2.18001652,Off,Post-hurricane,23.18585843,24.54883843,0.328475573,23.85828125,23.62797158,0.406563152,0.393365843,4.6577,0.4462,10.439,4.806033332,5.18496849,9.991001822,-0.03728792,2.459412581,2.42212466,8.85398494,462.5445155,59.9040454,399.529504,115.4017791,45.53505381,3.462074043,0.261,0.05,0.311,NA,0.003,0.003,153.4415812,2.205751516,28.90124771,0.347103985,12.89324521,0.447684391
18_Mar_soil_full,soil,7,1,2,0.329,NA,3/18/2018,Control,NA,1.931,44.374,22.9751,580.9917,22.7471,71.462,0.699,2251,4687,221,0.391521944,Mar-18,2.197750664,3.388590579,Off,Post-hurricane,23.24318478,23.97977456,0.317769538,23.79974383,23.73040179,0.388138913,0.316001978,4.8355,0.4616,10.4761,6.539184559,0.370135975,6.909320535,-0.208160503,3.260979503,3.052819,2.577323083,392.9022971,38.42773239,352.9092522,71.31686569,26.6864976,4.948468344,0.329,0.144,0.473,0.019,0.071,0.09,233.3693502,3.127012309,68.32453087,0.820577616,17.65932219,0.470672389
18_Mar_soil_full,soil,8,4,2,0.284,NA,3/18/2018,Heated,NA,1.664,46.311,27.8386,467.6689,18.8534,59.2296,0.597,2001,3344,152,0.403135637,Mar-18,1.448092875,2.28350674,Off,Post-hurricane,23.41883035,24.24634288,0.37937428,23.96640433,23.82317117,0.404951569,0.343322461,6.5632,0.5351,12.2657,9.78516411,0.498084909,10.28324902,-0.916650894,6.161021801,5.244370908,11.82601498,821.9914771,76.99552835,225.3136701,56.77103045,66.98453021,3.96881417,0.284,0.11,0.394,0.004,0.051,0.055,194.3922283,2.220668649,38.35261124,0.460614861,16.46721479,0.475711893
18_Mar_soil_full,soil,16,3,3,0.436,NA,3/20/2018,Control,NA,1.74,44.048,25.3211,546.0287,25.6945,80.7216,0.95,7455,4862,153,0.470570503,Mar-18,1.383258222,2.779104151,Off,Post-hurricane,22.74092525,23.50764841,0.315261535,23.64154842,23.61443829,0.425270581,0.448094788,4.1881,0.3923,10.6759,5.138223772,2.198230452,7.336454223,-0.433068894,3.044108259,2.611039365,2.849218775,374.831113,43.20084032,322.9157112,34.49749944,16.94559612,9.360554141,0.436,0.113,0.549,0.012,0.028,0.04,270.8663282,2.647750767,65.03895969,0.781117906,12.52359404,0.458947368
18_Mar_soil_full,soil,18,2,3,0.408,NA,3/20/2018,Heated,NA,1.399,43.705,31.2343,569.3479,30.0535,94.4159,1.246,2346,3708,160,0.527858274,Mar-18,1.526368697,5.519190724,Off,Post-hurricane,23.67988813,24.15697094,0.362012087,24.16267596,24.04536188,0.407920726,0.410228184,5.5789,0.4628,12.0559,5.055130497,3.461213227,8.516343724,-0.363286669,2.410603383,2.047316715,10.17405135,362.4137637,29.04833265,402.5828252,86.27517071,26.63427456,4.666265182,0.408,0.101,0.509,0.07,0.08,0.15,251.1310766,5.32589226,119.7538826,1.438244131,13.95460539,0.327447833
18_Mar_IG_full,IG,41,5,1,0.202,11/1/2017,3/20/2018,Control,139,1.684,40.811,24.2412,643.9511,22.5315,70.7849,0.619,2788,5369,333,0.349894581,Mar-18,2.487834654,9.372555675,Off,Post-hurricane,23.77219725,23.97794919,0.278210163,24.10327533,24.03926754,0.427372203,0.432023722,4.2377,0.4327,9.7932,5.780330632,0.403909552,6.184240185,-0.227923711,2.800682833,2.572759122,4.185211975,465.6014282,51.35521022,282.6055174,89.86351591,20.62954389,3.144830408,0.202,0.178,0.38,0.003,0.012,0.015,187.4848902,8.538922246,151.8231662,1.823396226,31.87876733,0.326332795
18_Mar_soil_full,soil,14,1,3,0.276,NA,3/20/2018,Control,NA,1.449,43.719,30.1668,492.7565,20.1689,63.3625,0.648,2406,4158,160,0.40930764,Mar-18,1.778276122,2.372269282,Off,Post-hurricane,23.04185454,23.91019711,0.294342339,23.87697138,23.85122917,0.373374004,0.304449219,4.225,0.4375,9.6578,4.477922355,0.940649973,5.418572327,0.017722799,2.300823429,2.318546228,5.791347605,370.3663768,43.22884772,171.6944089,54.32095701,17.84543072,3.160739766,0.276,0.08,0.356,0.036,0.057,0.093,175.6437392,2.228019566,36.00065495,0.432367866,17.85349638,0.425925926
18_Mar_soil_full,soil,17,6,3,0.247,NA,3/20/2018,Heated,NA,1.52,43.827,28.8399,315.9299,13.8966,43.6575,0.48,1513,2311,140,0.4398634,Mar-18,2.569985517,2.882040663,Off,Post-hurricane,22.93916863,24.45624602,0.303250527,23.89513304,23.72863992,0.402577606,0.38968578,4.646,0.4413,10.5287,4.278293457,3.75595684,8.034250297,-0.366141402,2.932376886,2.566235484,5.960084418,351.9161009,32.12485464,347.1284057,73.33856812,18.71245189,4.733231294,0.247,0.036,0.283,0.005,0.028,0.033,139.6269051,2.737851954,34.76826013,0.417566804,12.79068421,0.514583333
18_Jul_IG_full,IG,41,3,3,0.173,3/15/2018,7/25/2018,Control,132,1.5541,39.763,25.5852,1669.6198,32.8887,103.323,0.509,12227,15480,1786,0.196983169,Jul-18,1.986922177,5.567758616,Off,Post-hurricane,25.93698979,26.35388315,0.399219644,26.30468313,26.16689133,0.445119415,0.459773818,4.7164,0.4674,10.0904,4.181565626,-0.007092356,4.17447327,0.237899673,0.61171334,0.849613013,3.366457727,400.3068339,48.21426907,433.709957,125.3923461,32.44038172,3.458823209,0.173,0.108,0.281,NA,0.022,0.022,138.6401425,6.11013214,66.69344286,0.800988249,96.50981503,0.339882122
18_Jul_IG_full,IG,43,2,3,0.139,3/15/2018,7/25/2018,Heated,132,1.2053,41.1999,34.1831,785.4064,20.0583,63.0149,0.403,10682,7486,494,0.255387529,Jul-18,3.580273299,5.262976338,Off,Post-hurricane,26.21048025,26.90337279,0.418298343,27.1841505,26.89521975,0.432402018,0.431325719,4.7056,0.464,10.1422,3.514572516,0.088250711,3.602823227,0.105694815,1.683792501,1.789487317,4.28128265,317.170363,29.15828869,694.5403932,147.3494847,34.03796851,4.713558343,0.139,0.035,0.174,0.037,0.037,0.074,85.84834446,6.709069889,39.0370584,0.468835071,56.50405755,0.344913151
18_Jul_IG_full,IG,45,4,3,0.147,3/15/2018,7/25/2018,Heated,132,1.6234,41.7115,25.6946,773.728,19.696,61.8768,0.394,5551,9563,702,0.254559742,Jul-18,2.593817765,5.164429244,Off,Post-hurricane,26.41024738,26.96886981,0.347624737,26.90869038,26.70814388,0.420393488,0.366847185,5.3024,0.503,10.542,27.25921788,0.316962563,27.57618044,-2.96153757,7.837068288,4.875530718,17.60320241,591.5381093,83.85136478,621.83928,170.3224449,51.09684305,3.650953228,0.147,0.058,0.205,0.009,0.004,0.013,101.1431644,6.230481663,45.13075629,0.542020383,52.63455782,0.373096447
18_Jul_IG_full,IG,48,4,1,0.193,3/18/2018,7/26/2018,Heated,130,1.6418,42.9725,26.1744,2504.6451,43.2536,135.8851,0.611,17118,17488,1815,0.172693529,Jul-18,1.559488812,5.659561055,Off,Post-hurricane,26.25577163,26.93475501,0.346647585,26.91568563,26.72272292,0.418495678,0.364134182,5.0323,0.471,10.6842,3.474418304,0.517212077,3.991630381,0.072843686,2.278602472,2.351446158,4.743639376,338.6793389,37.6473796,448.8158224,133.1351614,34.31535713,3.371129141,0.193,0.06,0.253,NA,0.003,0.003,124.8254664,6.167655241,61.03791487,0.733065358,129.7743575,0.315875614
18_Jul_IG_full,IG,51,2,2,0.22,3/18/2018,7/26/2018,Heated,130,1.3321,41.517,31.1663,676.4632,24.66,77.4719,0.745,5348,4790,242,0.364543112,Jul-18,2.377030039,5.982905489,Off,Post-hurricane,26.07427946,26.85737146,0.418716816,27.18854588,26.91060654,0.432320877,0.431730681,4.9276,0.489,10.0767,3.562907295,0.043558625,3.60646592,0.149526229,1.319833157,1.469359386,5.293350079,354.0573461,35.7306163,363.7290609,123.0208821,30.80141137,2.956644877,0.22,0.035,0.255,0.005,0.018,0.023,125.8122289,7.026770167,65.03523914,0.781073222,30.74832727,0.295302013
18_Jul_IG_full,IG,52,5,2,0.136,3/18/2018,7/26/2018,Control,130,1.2417,39.8105,32.0606,1155.6121,27.3493,85.9204,0.538,7230,7322,652,0.236665054,Jul-18,2.570139186,5.898815822,Off,Post-hurricane,23.22960804,26.36145082,0.401433901,26.62388096,26.44328492,0.447359923,0.450136554,5.0404,0.5021,10.0393,7.826115193,0.102540292,7.928655485,-0.304429582,2.718340552,2.41391097,4.801115805,328.6674872,30.9704087,539.6245463,145.6983287,32.52145812,3.703711298,0.136,0.053,0.189,0,0.015,0.015,93.24906381,6.70777393,47.52510218,0.570776477,84.97147794,0.252788104
18_Jul_IG_full,IG,50,6,3,0.126,3/18/2018,7/26/2018,Heated,130,1.5967,36.5352,22.8818,633.9689,17.8359,56.0329,0.418,4749,3718,224,0.281337144,Jul-18,1.65455977,3.586193425,Off,Post-hurricane,26.14164825,26.9626966,0.444278573,27.0364975,26.77310358,0.416573468,0.400203545,4.8691,0.4852,10.0363,1.782617947,0.884358814,2.666976761,0.529481965,1.1816952,1.711177166,1.729242107,340.6723408,34.13067702,694.3155937,114.2732054,30.3171819,6.075926474,0.126,0.017,0.143,0.005,0.01,0.015,70.55352447,3.958716872,21.86080579,0.262548278,50.31499206,0.301435407
18_Jul_IG_full,IG,58,2,1,0.252,3/20/2018,7/27/2018,Heated,129,1.3774,38.3945,27.8747,1172.838,34.0812,107.069,0.799,9670,9392,603,0.290587447,Jul-18,1.458380282,4.820470849,Off,Post-hurricane,26.00219554,26.83702475,0.41866376,27.18091238,26.91739121,0.432418026,0.431877615,5.5785,0.52,10.7284,3.769666891,0.01901903,3.788685921,0.869836865,2.310468683,3.180305549,3.140394089,362.0185485,41.47258177,474.7814195,120.908227,46.63689862,3.926791676,0.252,0.037,0.289,0.039,0.05,0.089,142.5871928,5.166458312,59.38595191,0.713225282,46.54119048,0.315394243
18_Jul_IG_full,IG,53,5,1,0.162,3/20/2018,7/27/2018,Control,129,1.3634,41.5177,30.4508,1692.876,35.4212,111.2787,0.59,9439,11520,1070,0.209236825,Jul-18,1.828787247,8.762848805,Off,Post-hurricane,23.23856471,26.32316501,0.401209411,26.610557,26.44620438,0.447745751,0.45020717,5.7364,0.5349,10.7242,3.466104857,0.691988891,4.158093749,2.18230248,4.113406157,6.295708637,4.089641243,351.220551,32.04367687,445.1673848,140.1709376,47.27912221,3.175889327,0.162,0.056,0.218,0.01,0.059,0.069,107.5571212,9.491477745,81.43258676,0.978005367,104.4985185,0.274576271
18_Jul_IG_full,IG,57,6,1,0.229,3/20/2018,7/27/2018,Heated,129,1.3637,41.8159,30.6626,791.6696,24.184,75.9767,0.587,4773,4512,244,0.305480973,Jul-18,2.059849766,6.48764677,Off,Post-hurricane,26.06805242,26.96530606,0.444556514,27.02578746,26.77327588,0.41624886,0.399924008,5.6189,0.529,10.6212,5.48230778,0.293666297,5.775974077,0.01594003,1.864148399,1.880088429,4.438804458,291.6899361,24.69388438,531.009439,154.5569226,37.81371755,3.435688483,0.229,0.057,0.286,0.053,0.059,0.112,141.1070489,7.477656067,79.09511244,0.9499323,34.57072489,0.39011925
18_Jul_IG_full,IG,56,3,2,0.169,3/20/2018,7/27/2018,Control,129,1.4965,42.0437,28.0946,1579.1608,34.2213,107.5098,0.61,8462,11239,1044,0.216705607,Jul-18,1.439607728,10.63592186,Off,Post-hurricane,25.65871329,26.27942939,0.400433949,26.2933015,26.17874963,0.445281035,0.459853332,5.2641,0.512,10.2813,3.499729872,-0.013651286,3.486078586,-0.009385891,1.622264098,1.612878207,4.279510155,399.3354985,48.43445662,354.1745249,116.7141126,40.25995982,3.034547554,0.169,0.053,0.222,0.037,0.031,0.068,109.5306464,11.14349345,100.6524918,1.208836427,93.44146746,0.27704918
18_Sep_IG_full,IG,4,3,1,0.191,11/1/2017,9/17/2018,Control,320,1.3014,42.0073,32.2783,784.3644,24.794,77.8929,0.629,5383,3999,189,0.316103077,Sep-18,3.008623104,4.11359009,Off,Post-hurricane,25.80060042,25.7133224,0.371175973,25.88437771,25.88068733,0.44618399,0.458717953,4.365,0.448,9.7426,NA,NA,NA,NA,NA,NA,5.453851635,460.4772719,47.93492912,544.8485784,151.9026733,9.662255458,3.586826792,0.191,0.069,0.26,0.032,0.09,0.122,128.2791354,4.44983655,45.5922242,0.547562613,41.06619895,0.303656598
18_Sep_IG_full,IG,12,2,1,0.2,11/2/2017,9/17/2018,Heated,319,1.5627,39.1072,25.0252,873.0094,26.611,83.601,0.654,5096,4912,294,0.304819169,Sep-18,1.99692858,5.378823159,Off,Post-hurricane,25.56739317,25.81123719,0.424714897,26.14457671,26.16317546,0.427313406,0.425250883,4.5006,0.452,9.9581,NA,NA,NA,NA,NA,NA,3.855851155,566.3313092,52.61579089,450.2479672,126.0028213,32.26153204,3.573316554,0.2,0.032,0.232,0.006,0.025,0.031,114.4644593,5.689233937,53.1951049,0.63887321,43.65047,0.305810398
18_Sep_IG_full,IG,6,6,1,0.219,11/1/2017,9/17/2018,Heated,320,1.586,40.0591,25.2586,1122.7884,30.4974,95.8104,0.687,4231,6399,592,0.271621973,Sep-18,1.332654386,10.04924904,Off,Post-hurricane,25.04235133,25.78608717,0.43763014,25.98497904,25.91257275,0.40210266,0.384198518,4.3489,0.4415,9.8493,NA,NA,NA,NA,NA,NA,3.003074089,417.9846903,44.95730965,527.8933269,137.3320367,18.96250231,3.843919739,0.219,0.071,0.29,0.017,0.035,0.052,143.0805741,10.27868352,124.2304406,1.492007592,51.26887671,0.318777293
18_Sep_IG_full,IG,9,1,1,0.166,11/2/2017,9/17/2018,Control,319,1.3159,42.9539,32.6425,579.6462,17.2946,54.3324,0.417,3371,2372,116,0.298364761,Sep-18,3.420011027,3.137700015,Off,Post-hurricane,26.43845019,25.79765057,0.33949166,25.91449588,25.97494071,0.387673271,0.331677744,4.0695,0.4284,9.499,NA,NA,NA,NA,NA,NA,3.636997405,527.2571329,60.73718082,302.6919241,90.15305859,7.113452114,3.357533608,0.166,0.049,0.215,0.015,0.027,0.042,106.0769773,3.461052239,28.75718017,0.345373734,34.91844578,0.398081535
18_Sep_IG_full,IG,1,1,2,0.345,11/1/2017,9/18/2018,Control,321,1.129,44.9318,39.798,702.1184,24.0825,75.6573,0.725,3421,3110,133,0.342997705,Sep-18,1.411673125,3.74775468,Off,Post-hurricane,26.4725624,25.8215799,0.341925664,25.91629275,25.97089908,0.388613544,0.33258969,4.2052,0.4474,9.3983,NA,NA,NA,NA,NA,NA,4.245128406,442.2460644,55.88131446,484.0495674,133.3829911,9.908986501,3.629020187,0.345,0.057,0.402,0.032,0.025,0.057,198.3392786,3.855431681,64.2234493,0.771323626,20.35125797,0.475862069
18_Sep_IG_full,IG,7,6,2,0.314,11/2/2017,9/18/2018,Heated,320,1.174,41.1089,35.016,771.4443,28.4167,89.2736,0.948,4074,3594,191,0.368357119,Sep-18,1.951006015,5.391354251,Off,Post-hurricane,25.03884763,25.81024121,0.437931321,25.99528842,25.91168296,0.403110521,0.385179846,4.2249,0.4435,9.5265,NA,NA,NA,NA,NA,NA,2.822320551,413.782722,47.50417217,553.0628173,144.0024555,15.72368571,3.840648519,0.314,0.083,0.397,0.037,0.019,0.056,195.8723721,5.69135686,91.23989871,1.095791184,24.56828981,0.331223629
18_Sep_IG_full,IG,8,3,2,0.169,11/2/2017,9/18/2018,Control,320,1.3409,41.0984,30.6492,1166.2498,27.1333,85.2423,0.506,6498,5572,350,0.232654274,Sep-18,1.98062656,4.12805224,Off,Post-hurricane,25.70573633,25.75040842,0.37176757,25.89900625,25.88477942,0.446758188,0.45945347,4.1763,0.4342,9.6176,NA,NA,NA,NA,NA,NA,3.638622471,458.0616455,48.91798448,436.6853258,130.2582514,15.66681287,3.352458066,0.169,0.135,0.304,0.02,0.006,0.026,149.9879122,4.345277347,53.49524574,0.642477901,69.00886391,0.333992095
18_Sep_IG_full,IG,18,2,2,0.232,11/3/2017,9/18/2018,Heated,319,1.0473,42.4414,40.5231,1077.06,29.5267,92.7609,0.685,7322,6725,429,0.274141645,Sep-18,1.297742883,3.470319157,Off,Post-hurricane,25.60452871,25.85294838,0.425689596,26.1439425,26.15350521,0.428322958,0.426581731,4.5757,0.4686,9.765,NA,NA,NA,NA,NA,NA,3.758735854,386.719598,48.00126293,610.0763047,159.0895084,28.62013906,3.834799108,0.232,0.072,0.304,0.019,0.026,0.045,149.9879122,3.548328551,44.97171191,0.54011026,46.425,0.338686131
18_Sep_IG_full,IG,11,5,3,0.194,11/2/2017,9/19/2018,Control,321,1.1337,42.5973,37.5727,1260.9187,25.7645,80.9415,0.434,8057,9255,915,0.204331175,Sep-18,1.067853154,2.329975227,Off,Post-hurricane,23.66479966,25.60970444,0.384746588,25.95965646,25.95957196,0.452905389,0.453301157,4.7984,0.4742,10.1188,NA,NA,NA,NA,NA,NA,3.515750763,444.99958,52.36817529,563.4811521,136.7849638,29.94775392,4.119467055,0.194,0.055,0.249,0.016,0.012,0.028,122.8519412,2.339320165,24.73130704,0.297022998,64.99580928,0.447004608
18_Sep_IG_full,IG,3,2,3,0.276,11/1/2017,9/19/2018,Heated,322,1.0027,43.1205,43.0039,729.583,19.9052,62.534,0.456,5664,4273,288,0.272829822,Sep-18,3.843557548,2.325503273,Off,Post-hurricane,25.67707379,25.92155824,0.427625474,26.15350113,26.14997229,0.42958075,0.427768829,4.4538,0.444,10.0301,NA,NA,NA,NA,NA,NA,4.406920091,418.3196132,48.89081935,573.6094559,130.9083573,16.14595023,4.381763454,0.276,0.064,0.34,0.045,0.027,0.072,167.7496386,2.632713147,33.70484163,0.404795148,26.43416667,0.605263158
18_Sep_IG_full,IG,17,6,3,0.186,11/3/2017,9/19/2018,Heated,320,1.4006,38.3616,27.3893,474.6875,19.6137,61.6184,0.639,2662,2276,39,0.413191837,Sep-18,1.290825629,7.107385683,Off,Post-hurricane,25.08838838,25.86864949,0.439389908,26.01283029,25.91597792,0.404547636,0.386571478,4.2627,0.4602,9.2633,NA,NA,NA,NA,NA,NA,3.074537826,488.9618992,47.28379399,543.3819281,151.5057267,20.39794037,3.586543821,0.186,0.068,0.254,0.026,0.092,0.118,125.3188477,7.266752851,76.95556274,0.924236309,25.52083333,0.291079812
18_Sep_IG_full,IG,14,1,3,0.138,11/3/2017,9/19/2018,Control,320,1.3892,40.865,29.4161,490.384,16.413,51.5631,0.432,2258,2455,102,0.334696891,Sep-18,0.543884122,2.4083427,Off,Post-hurricane,26.55831902,25.85291274,0.34547564,25.92493458,25.972936,0.389974738,0.33400031,4.0425,0.4329,9.3376,NA,NA,NA,NA,NA,NA,7.171048543,550.2946504,59.8045564,573.5628817,173.5029592,25.13962933,3.305781552,0.138,0.071,0.209,0.002,0.025,0.027,103.1166896,2.286437256,21.45660422,0.257693817,35.53507246,0.319444444
18_Sep_soil_mini,soil,1,1,NA,0.324,NA,9/24/2018,Control,NA,1.2198,46.1412,37.8255,595.1639,22.7534,71.4818,0.731,3113,2470,72,0.382304774,Sep-18,1.596398141,4.264471974,Off,Post-hurricane,26.3996823,25.83147011,0.37890476,25.95452546,25.99986538,0.407471644,0.353702766,NA,NA,NA,NA,NA,NA,NA,NA,NA,NA,NA,NA,NA,NA,NA,NA,0.324,0.211,0.535,0.029,0.109,0.138,263.9589901,4.433593271,97.25578984,1.168042036,18.36925617,0.443228454
18_Sep_soil_mini,soil,3,3,NA,0.179,NA,9/24/2018,Control,NA,1.3294,43.6011,32.7973,678.2371,20.3612,63.9666,0.483,3853,3114,129,0.3002077,Sep-18,0.39242939,2.262162897,Off,Post-hurricane,24.61884871,25.8354874,0.398254806,25.99728421,25.96539733,0.454633521,0.464331799,NA,NA,NA,NA,NA,NA,NA,NA,NA,NA,NA,NA,NA,NA,NA,NA,0.179,0.346,0.525,0,0.089,0.089,259.0251772,2.092103481,50.62669735,0.608026635,37.89034078,0.370600414
18_Sep_soil_mini,soil,6,6,NA,0.23,NA,9/24/2018,Heated,NA,1.6392,40.8467,24.9185,499.0458,23.8973,75.0756,0.911,2664,1616,43,0.478859856,Sep-18,1.730621981,8.486772904,Off,Post-hurricane,24.80634683,25.81200731,0.451716282,26.05900079,25.95745988,0.416562193,0.401211398,NA,NA,NA,NA,NA,NA,NA,NA,NA,NA,NA,NA,NA,NA,NA,NA,0.23,0.13,0.36,0.061,0.14,0.201,177.6172644,8.873292034,130.2391342,1.564172002,21.69764348,0.252469813
18_Sep_soil_mini,soil,4,4,NA,0.143,NA,9/24/2018,Heated,NA,1.4612,40.8323,27.9438,1255.8656,26.4841,83.2025,0.448,7326,6960,553,0.210883235,Sep-18,0.775614652,2.796476468,Off,Post-hurricane,25.494713,26.13373231,0.381413093,26.28428346,26.22296696,0.432872513,0.372932531,NA,NA,NA,NA,NA,NA,NA,NA,NA,NA,NA,NA,NA,NA,NA,NA,0.143,0.263,0.406,0.003,0.019,0.022,200.3128037,2.7170647,48.39869161,0.581268286,87.82276923,0.319196429
18_Sep_soil_mini,soil,2,2,NA,0.188,NA,9/24/2018,Heated,NA,1.1174,42.3091,37.8648,724.5028,20.7218,65.0994,0.482,4396,4366,326,0.286014078,Sep-18,2.190284802,2.014446714,Off,Post-hurricane,25.39034075,25.95607846,0.44587575,26.18410854,26.17346708,0.43897331,0.435988721,NA,NA,NA,NA,NA,NA,NA,NA,NA,NA,NA,NA,NA,NA,NA,NA,0.188,0.129,0.317,0.009,0.053,0.062,156.4018689,2.171252402,27.22146315,0.326929772,38.53738298,0.390041494
18_Sep_soil_mini,soil,5,5,NA,0.214,NA,9/24/2018,Control,NA,1.2706,43.0363,33.8715,913.3018,25.0517,78.7023,0.552,5104,4354,337,0.274298156,Sep-18,1.549394055,2.924768747,Off,Post-hurricane,24.71600642,25.64119307,0.40697374,26.03775379,26.0286275,0.461335602,0.456942985,NA,NA,NA,NA,NA,NA,NA,NA,NA,NA,NA,NA,NA,NA,NA,NA,0.214,0.148,0.362,0.011,0.063,0.074,178.604027,3.00804675,45.13324115,0.542050226,42.67765421,0.387681159
19_Mar_IG_full,IG,139,6,1,0.139,11/28/2018,3/20/2019,Heated,112,1.229,42.445,34.5229,543.9226,15.6202,49.0722,0.36,5172,3683,292,0.287176889,Mar-19,0.742296145,1.982094065,On,Post-hurricane,24.35180384,22.57589871,0.408680892,23.4917245,23.45365829,0.364789533,0.352771389,4.22,0.42,9.962,2.405902801,1.972754278,4.378657079,0.558197815,1.078390067,1.636587882,6.109076247,485.8258763,53.28257525,354.3824921,120.8860943,9.795833302,2.931540589,0.139,0.046,0.185,0.005,0.007,0.012,91.27553865,2.130579076,15.63120317,0.18773075,39.1311223,0.386111111
19_Mar_IG_full,IG,135,2,1,0.139,11/28/2018,3/20/2019,Heated,112,1.811,40.405,22.3085,455.9209,16.9837,53.3556,0.501,3060,2118,89,0.37251418,Mar-19,1.063883143,9.494669571,On,Post-hurricane,24.1430444,22.83694843,0.376312535,23.23621979,23.42361679,0.422754851,0.422916108,4.5,0.45,9.9833,28.3955433,0.013125688,28.40866899,-4.464808478,0.567816888,-3.89699159,2.911058483,529.6020932,52.88143298,509.9359696,143.0593762,17.44854245,3.564505755,0.139,0.017,0.156,0.007,0.004,0.011,76.96748124,9.368338188,63.1394613,0.75830493,32.80006475,0.27744511
19_Mar_IG_full,IG,144,5,2,0.149,11/29/2018,3/21/2019,Control,112,1.546,37.403,24.1939,533.3487,16.7257,52.5455,0.418,8722,3211,146,0.313597839,Mar-19,0.859009576,6.015103862,On,Post-hurricane,21.52071342,22.16099315,0.42310793,22.82598375,22.98275025,0.467126247,0.452222828,4.39,0.44,10.0219,2.425843081,0.362518326,2.788361407,-0.094151584,0.746012373,0.651860789,1.452298957,463.106152,46.69586274,519.278767,140.5651029,33.85559972,3.694222507,0.149,0.054,0.203,0.003,0.017,0.02,100.1564019,6.280310879,52.0517802,0.62514188,35.79521477,0.35645933
19_Mar_IG_full,IG,143,4,2,0.263,11/29/2018,3/21/2019,Heated,112,1.228,45.148,36.7723,564.8346,21.4645,67.4326,0.641,1981,2318,106,0.380013901,Mar-19,1.464606002,3.632300423,On,Post-hurricane,24.11467252,23.29603963,0.143375577,23.74544396,23.90567046,0.318411277,0.306689612,4.45,0.45,9.9795,2.223010812,0.183179811,2.406190623,0.061807355,1.630098319,1.691905675,4.175695828,406.0190476,44.52830314,432.8134166,123.4883675,35.1542935,3.504892205,0.263,0.058,0.321,0.002,0.022,0.024,158.3753941,3.403639789,49.70306974,0.596933868,21.47660076,0.410296412
19_Mar_IG_full,IG,141,2,2,0.164,11/29/2018,3/21/2019,Heated,112,1.79,39.664,22.1527,387.491,17.2275,54.1219,0.617,2961,1881,52,0.444590971,Mar-19,1.988762418,11.64217635,On,Post-hurricane,24.19607315,22.85968708,0.365419735,23.23137183,23.40649475,0.419606486,0.41850415,4.33,0.45,9.7143,2.984812081,0.30686329,3.291675372,-0.170107063,0.757119951,0.587012888,2.652650731,391.22394,42.15769093,362.719662,117.9456344,40.26354209,3.075312315,0.164,0.025,0.189,0.045,0.017,0.062,93.24906381,10.0491213,93.7977447,1.126510914,23.6275,0.265802269
19_Mar_IG_full,IG,147,2,3,0.196,11/30/2018,3/22/2019,Heated,112,1.713,40.926,23.8973,323.5245,17.1625,53.9175,0.734,3136,1706,38,0.530485326,Mar-19,2.00796457,8.155637814,On,Post-hurricane,24.56316986,22.95016131,0.359595476,23.238371,23.39753954,0.417532319,0.416813929,4.1,0.42,9.7554,1.474442481,0.146708687,1.621151168,0.018717181,0.801706831,0.820424012,2.784693968,486.5807832,53.05716156,392.7846477,126.6673631,36.45171444,3.10091438,0.196,0.025,0.221,0.003,0.014,0.017,109.0372651,7.069648561,76.83279342,0.922761849,16.50635204,0.267029973
19_Mar_soil_full,soil,41,1,1,0.186,NA,3/25/2019,Control,NA,1.159,40.228,34.705,485.5154,13.9407,43.7962,0.327,3600,2677,134,0.287131984,Mar-19,1.512801371,4.777727681,On,Post-hurricane,23.10134592,22.42983106,0.296886846,22.71396163,22.89750813,0.350671444,0.276556715,3.57,0.36,9.8236,3.077022328,0.134126392,3.211148721,-0.145056311,0.965809448,0.820753138,0.124617769,562.7204323,60.89903824,288.3386218,84.45049216,27.19491173,3.414291787,0.186,0.241,0.427,0.005,0.19,0.195,210.6738108,4.295506736,86.96523724,1.044452499,26.10297849,0.568807339
19_Mar_soil_full,soil,45,3,1,0.164,NA,3/25/2019,Control,NA,1.486,38.627,25.9906,362.2755,15.3087,48.0938,0.508,2012,2055,84,0.422570668,Mar-19,1.382644263,13.59678639,On,Post-hurricane,20.91491942,22.19760578,0.371301012,22.580256,22.73089471,0.432370824,0.453408566,4.04,0.38,10.5983,0.770549286,0.498358392,1.268907678,0.038488647,0.714203856,0.752692503,0.6356333,462.6051643,53.68394649,362.0217503,96.55106356,36.1872902,3.749536639,0.164,0.074,0.238,0.008,0.096,0.104,117.424747,12.41662765,137.9461711,1.656733515,22.08996951,0.322834646
19_Mar_soil_full,soil,46,2,1,0.25,NA,3/25/2019,Heated,NA,1.115,38.792,34.8027,465.0827,17.3726,54.5777,0.515,4814,2461,74,0.373537868,Mar-19,2.903611058,2.384583837,On,Post-hurricane,26.00509588,23.25749472,0.368975382,23.33152613,23.41711504,0.421261951,0.424654951,4.64,0.42,11.0575,2.903998232,0.381734417,3.285732649,0.005195679,0.937998754,0.943194433,0.446329348,425.9139184,53.50103353,440.9507012,72.74865936,35.8357355,6.061289721,0.25,0.05,0.3,0.006,0.047,0.053,148.014387,1.980365392,30.49511457,0.366246326,18.603308,0.485436893
19_Mar_soil_full,soil,42,6,1,0.181,NA,3/25/2019,Heated,NA,1.847,37.837,20.4875,389.4263,15.7235,49.3968,0.504,3024,2115,65,0.403760609,Mar-19,2.242522019,3.498956951,On,Post-hurricane,25.95428188,22.93411378,0.393894387,23.71655117,23.56223388,0.373821399,0.359973676,4.63,0.43,10.6759,1.113549198,0.231447634,1.344996832,-0.046296502,0.573150202,0.5268537,-1.482898823,524.7263186,42.78295376,344.394373,124.1606299,36.77586957,2.773780814,0.181,NA,0.181,-0.004,0.151,0.147,89.30201349,2.96128621,26.99688103,0.324232541,21.51526519,0.359126984
19_Mar_soil_full,soil,48,2,2,0.35,NA,3/26/2019,Heated,NA,1.006,39.572,39.344,435.3156,20.0487,62.9848,0.726,4407,2273,110,0.460555514,Mar-19,3.935716035,2.842126736,On,Post-hurricane,26.19412267,23.35536744,0.372835059,23.37846754,23.44135175,0.423019391,0.426995566,4.82,0.42,11.5982,29.88651456,0.243463613,30.12997817,-3.91838415,0.630558099,-3.287826051,-0.355351432,443.5425426,37.30117551,478.9325804,150.996625,19.86500506,3.171809835,0.35,0.091,0.441,0.02,0.08,0.1,217.5811489,2.268735653,53.42917252,0.641684362,12.43758857,0.482093664
19_Mar_soil_full,soil,49,3,2,0.292,NA,3/26/2019,Control,NA,1.439,39.276,27.2954,398.6239,21.582,67.8018,0.958,3322,2077,42,0.541412595,Mar-19,2.510674765,4.390642111,On,Post-hurricane,21.0587905,22.30283399,0.37367571,22.623105,22.75322846,0.433960117,0.454307401,4.6,0.4,11.4857,1.991070413,0.352157296,2.343227709,-0.046085499,1.193160073,1.147074574,2.474288368,368.8357619,42.63164338,370.2936167,51.97221055,39.26149399,7.124838693,0.292,0.13,0.422,0.012,0.341,0.353,208.2069044,3.425294482,78.98359698,0.948593,13.65150342,0.30480167
19_Mar_soil_full,soil,50,1,2,0.437,NA,3/26/2019,Control,NA,1.478,43.14,29.1935,754.1385,29.3207,92.1137,0.908,5415,4329,172,0.388797283,Mar-19,1.985675584,4.54517861,On,Post-hurricane,23.29793971,22.5289966,0.301562957,22.75831396,22.92318933,0.356343325,0.277821743,4.66,0.46,10.1243,1.690298927,0.09789969,1.788198617,0.151706133,1.303644049,1.455350182,3.073496901,381.8746819,35.19425096,408.2757011,71.72682592,25.16549928,5.692092126,0.437,0.118,0.555,0.025,0.244,0.269,273.8266159,3.836522176,107.5326518,1.291467148,17.25717391,0.481277533
19_Mar_soil_full,soil,51,6,2,0.36,NA,3/26/2019,Heated,NA,1.257,38.676,30.7662,659.0783,25.4983,80.1054,0.815,4314,3500,127,0.38687816,Mar-19,1.357303582,2.221292284,On,Post-hurricane,26.12306071,23.0259305,0.397303993,23.78260054,23.61349613,0.378529492,0.364290306,5.66,0.51,11.0423,4.67485674,0.556960125,5.231816865,-0.524480988,1.173243498,0.648762509,-0.416951307,373.6571521,48.34927909,506.1782087,92.82051221,35.69849293,5.453301179,0.36,0.072,0.432,0.034,0.103,0.137,213.1407173,2.091290415,40.90589256,0.49127977,18.30773056,0.441717791
19_Mar_soil_full,soil,55,4,3,0.175,NA,3/27/2019,Heated,NA,0.836,39.816,47.6319,413.6616,13.9703,43.8889,0.373,4110,1926,74,0.337722912,Mar-19,1.180111368,9.057101284,On,Post-hurricane,26.29044733,23.8854516,0.153000738,23.95104608,23.99606738,0.333954536,0.306704908,4.8,0.42,11.3471,1.89698541,-0.023781112,1.873204297,-0.091037912,1.139276203,1.048238291,1.378433771,765.0085277,56.31303298,249.6677189,62.7536293,23.39877298,3.97853832,0.175,0.092,0.267,0.023,0.033,0.056,131.7328044,8.891459581,103.0853392,1.238054924,23.63780571,0.469168901
19_Mar_soil_full,soil,57,1,3,0.542,NA,3/27/2019,Control,NA,1.367,44.704,32.6982,663.2051,28.9506,90.9509,0.998,6131,2851,130,0.436525594,Mar-19,1.564966558,2.559366249,On,Post-hurricane,23.48666871,22.62978413,0.306014092,22.82041483,22.96030658,0.361041281,0.278798254,5,0.48,10.4088,22.80531361,0.330610708,23.13592432,-2.973316332,2.253261717,-0.720054615,0.579201895,373.5592673,35.66127019,467.1967286,81.70545328,39.0018493,5.718060545,0.542,0.209,0.751,0.021,0.246,0.267,370.5293488,2.301603663,81.93487475,0.984037846,12.23625646,0.543086172
19_Nov_IG_full,IG,89,4,1,0.1309,9/26/2018,11/25/2019,Heated,425,1.434,36.912,25.7401,682.0497,19.0011,59.6936,0.421,4672,5008,420,0.278588203,Nov-19,1.743928926,6.495637103,On,Post-hurricane,26.33287138,24.70976543,0.275814993,25.23575471,25.42170213,0.378984137,0.364190639,NA,NA,NA,2.996927452,NA,2.996927452,NA,NA,NA,10.06575579,697.0747855,70.32303513,NA,NA,NA,NA,0.131,0.005,0.136,0.03,0.004,0.034,67.09985544,6.391631871,37.65798523,0.452272403,52.10463713,0.310926366
19_Nov_IG_full,IG,83,2,1,0.1453,9/26/2018,11/25/2019,Heated,425,1.785,38.353,21.4866,766.5583,24.934,78.3326,0.64,4160,6282,346,0.325272063,Nov-19,2.889003137,5.054671926,On,Post-hurricane,26.33208517,24.13197515,0.39479029,24.63529154,24.81270246,0.428875685,0.434988685,NA,NA,NA,4.306941148,0.606974795,4.913915943,NA,NA,NA,5.725535905,407.2372436,48.88884141,NA,NA,NA,NA,0.145,0.036,0.181,0.018,0.008,0.026,89.30201349,4.609978507,39.00030168,0.468393623,52.75693737,0.22703125
19_Nov_IG_full,IG,92,5,1,0.2252,9/26/2018,11/25/2019,Control,425,1.422,37.392,26.2932,502.9953,20.854,65.5147,0.701,3659,3488,204,0.414596319,Nov-19,2.43990846,6.359939155,On,Post-hurricane,22.67816629,23.42502124,NA,24.17944146,24.41175163,0.458777488,0.452298989,NA,NA,NA,3.948876059,1.335497415,5.284373473,NA,NA,NA,6.604317166,440.6089473,48.64107436,NA,NA,NA,NA,0.225,0.023,0.248,0.076,0.01,0.086,122.3585599,5.526401732,67.23587487,0.807502857,22.3354929,0.32125535
19_Nov_IG_full,IG,80,1,1,0.2486,9/26/2018,11/25/2019,Control,425,1.686,42.333,25.1017,710.4589,25.0178,78.5959,0.738,3556,3904,165,0.352135782,Nov-19,1.539838731,8.851822502,On,Post-hurricane,22.71813683,23.41140135,0.380186196,23.96356171,24.25335013,0.404771495,0.345291985,NA,NA,NA,2.733689174,NA,2.733689174,NA,NA,NA,3.474044739,412.8698445,46.56494439,NA,NA,NA,NA,0.249,0.061,0.31,0.013,0.013,0.026,152.9481999,8.26514364,116.9743954,1.404862489,28.57839501,0.336856369
19_Nov_IG_full,IG,95,6,1,0.2027,9/26/2018,11/25/2019,Heated,425,1.604,43.46,27.0971,689.7268,22.1908,69.7143,0.589,3870,5366,427,0.321733185,Nov-19,0.909619127,12.58239292,On,Post-hurricane,26.32976196,24.3752846,0.412241235,25.16859392,25.05943975,0.412704127,0.395023953,NA,NA,NA,3.018865881,0.59521244,3.614078321,NA,NA,NA,3.062804993,375.9660533,47.39118534,NA,NA,NA,NA,0.203,0.064,0.267,0.01,0.028,0.038,131.7328044,12.65707484,143.2092014,1.719942509,34.02697583,0.344142615
19_Nov_IG_full,IG,84,2,2,0.1513,9/26/2018,11/26/2019,Heated,426,1.531,39.448,25.7652,423.6729,15.3245,48.1435,0.454,3686,2869,167,0.361705929,Nov-19,1.21441917,6.482178136,On,Post-hurricane,26.43319063,24.18972238,0.396883623,24.60748454,24.77118738,0.429499113,0.435760592,NA,NA,NA,18.95826979,NA,18.95826979,NA,NA,NA,4.616196736,429.7879298,48.80992577,NA,NA,NA,NA,0.151,0.007,0.158,0.016,0.007,0.023,77.95424382,6.380941479,43.65906868,0.524345415,28.00217449,0.333259912
19_Nov_IG_full,IG,90,4,2,0.18,9/26/2018,11/26/2019,Heated,426,1.487,38.933,26.1897,454.6762,19.2384,60.4391,0.654,2445,2223,158,0.423123093,Nov-19,1.77100368,5.592488083,On,Post-hurricane,26.43410658,24.78818207,0.279478997,25.21236363,25.38996054,0.380472135,0.3655048,NA,NA,NA,5.05785124,NA,5.05785124,NA,NA,NA,9.334371625,444.8736923,53.2306597,NA,NA,NA,NA,0.18,0.095,0.275,0.01,0.029,0.039,135.6798547,5.525191487,65.55928068,0.787366961,25.25978889,0.275229358
19_Nov_IG_full,IG,96,6,2,0.1742,9/26/2018,11/26/2019,Heated,426,1.615,39.973,24.7464,305.1467,14.3354,45.036,0.546,1659,2288,244,0.469787155,Nov-19,2.008546378,6.70064794,On,Post-hurricane,26.43100521,24.46468383,0.413526049,25.17048163,25.04886521,0.413364175,0.395606766,NA,NA,NA,4.576114593,NA,4.576114593,NA,NA,NA,5.42088495,451.8052727,48.19935559,NA,NA,NA,NA,0.174,0.026,0.2,0.039,0.018,0.057,98.676258,6.455101037,57.12723633,0.686098108,17.51703215,0.319047619
19_Nov_IG_full,IG,81,1,2,0.1428,9/26/2018,11/26/2019,Control,426,1.272,39.479,31.0262,642.1282,18.6846,58.6995,0.428,4206,4059,158,0.290979278,Nov-19,0.923992941,13.11233719,On,Post-hurricane,22.83053513,23.46446453,0.38281932,23.92399417,24.19989471,0.406208735,0.346880282,NA,NA,NA,3.803562621,0.286072451,4.089635071,NA,NA,NA,2.866317487,423.915465,48.4601504,NA,NA,NA,NA,0.143,0.062,0.205,0.041,0.03,0.071,101.1431644,13.27247172,114.5856911,1.37617415,44.96696078,0.33364486
19_Nov_IG_full,IG,87,3,2,0.1595,9/26/2018,11/26/2019,Control,426,1.33,39.976,30.0504,384.2978,16.0695,50.4841,0.543,2357,1769,49,0.418152277,Nov-19,1.423191121,4.517563433,On,Post-hurricane,21.69106721,23.31368132,0.393828161,23.84266125,24.10313738,0.448519197,0.459318257,NA,NA,NA,4.214803803,1.154766139,5.369569942,NA,NA,NA,10.74715296,477.1206788,54.38926364,NA,NA,NA,NA,0.16,0.039,0.199,0.013,0.023,0.036,98.18287671,4.256564271,38.32249308,0.460253142,24.09390596,0.29373849
19_Nov_IG_full,IG,97,6,3,0.1585,9/26/2018,11/27/2019,Heated,427,1.614,41.547,25.7347,348.4499,14.7839,46.4451,0.499,1877,2140,175,0.424276202,Nov-19,1.810117692,6.121977152,On,Post-hurricane,26.50711204,24.54506957,0.411216906,25.18967288,25.05446108,0.413690054,0.396115805,NA,NA,NA,2.762653697,0.081159752,2.843813449,NA,NA,NA,6.130101654,474.6266791,53.06114834,NA,NA,NA,NA,0.159,0.049,0.208,0.015,0.053,0.068,102.6233083,5.958923874,54.28145222,0.651920241,21.98422082,0.317635271
19_Nov_IG_full,IG,91,4,3,0.1567,9/26/2018,11/27/2019,Heated,427,1.126,41.789,37.0969,431.7288,15.8296,49.7305,0.47,2497,2241,159,0.366656104,Nov-19,0.889090994,9.943710754,On,Post-hurricane,26.51018146,24.86730415,0.280022909,25.21047004,25.37407729,0.382008299,0.366844897,NA,NA,NA,4.725591569,NA,4.725591569,NA,NA,NA,6.431672844,461.0212211,52.56892366,NA,NA,NA,NA,0.157,0.044,0.201,0.06,0.018,0.078,99.16963929,9.959234205,85.20026763,1.023255214,27.55129547,0.333404255
19_Nov_IG_full,IG,85,2,3,0.1706,9/26/2018,11/27/2019,Heated,427,1.751,39.913,22.798,542.4731,19.8135,62.246,0.636,4079,4130,310,0.365243917,Nov-19,1.570744542,7.192793106,On,Post-hurricane,26.50939013,24.24192307,0.397451887,24.60400883,24.74664904,0.428542303,0.436401266,NA,NA,NA,4.635121137,NA,4.635121137,NA,NA,NA,7.051663259,444.6579838,54.61251588,NA,NA,NA,NA,0.171,0.154,0.325,0.03,0.052,0.082,160.3489192,6.950743437,99.65001031,1.196796624,31.79795428,0.268238994
19_Nov_IG_full,IG,82,1,3,0.1695,9/26/2018,11/27/2019,Control,427,1.038,40.277,38.8093,760.2741,21.4257,67.311,0.474,4464,4898,235,0.281815466,Nov-19,1.208494716,11.99080679,On,Post-hurricane,22.89220958,23.51249729,0.381367885,23.910999,24.167799,0.405823515,0.348215364,NA,NA,NA,6.626729828,0.314493612,6.94122344,NA,NA,NA,6.134238983,418.7551681,51.99713532,NA,NA,NA,NA,0.17,0.096,0.266,0.002,0.014,0.016,131.2394231,11.65774297,135.9647913,1.632937144,44.8539292,0.357594937
20_Mar_IG_full,IG,175,2,1,0.2636,3/25/2019,3/10/2020,Heated,351,1.852,37.562,20.2823,315.419,16.9204,53.157,0.715,2691,1608,28,0.536442003,Mar-20,1.401951223,4.902392876,On,Post-hurricane,25.86844073,22.89946709,0.42772408,23.27897758,23.42725633,0.428713734,0.439968257,NA,NA,NA,NA,NA,NA,NA,NA,NA,NA,NA,NA,NA,NA,NA,NA,0.264,0.025,0.289,0.054,0.021,0.075,142.5871928,4.566530716,60.39519306,0.725346269,11.96581942,0.368671329
20_Mar_IG_full,IG,174,3,1,0.1394,3/25/2019,3/10/2020,Control,351,1.336,36.959,27.6606,239.2379,9.8873,31.0619,0.369,2085,1082,24,0.41328318,Mar-20,0.959193515,4.064853157,On,Post-hurricane,21.47761742,22.30271131,0.40507098,22.6194057,22.79259978,0.45399662,0.459327066,NA,NA,NA,NA,NA,NA,NA,NA,NA,NA,NA,NA,NA,NA,NA,NA,0.14,NA,0.14,0.006,NA,0.006,69.0733806,4.110789821,24.25880009,0.291348189,17.16197274,0.377777778
20_Mar_IG_full,IG,172,5,1,0.1274,3/25/2019,3/10/2020,Control,351,1.187,36.825,31.0356,356.584,11.4704,36.0353,0.29,5934,1961,64,0.321674556,Mar-20,1.517534208,3.986286974,On,Post-hurricane,21.66693263,22.57085368,NA,22.96056464,23.06179565,0.467310947,0.461426986,NA,NA,NA,NA,NA,NA,NA,NA,NA,NA,NA,NA,NA,NA,NA,NA,0.127,NA,0.127,0.032,NA,0.032,62.65942383,3.602196259,21.58085765,0.2591861,27.98932496,0.439310345
20_Mar_IG_full,IG,177,2,2,0.1787,3/26/2019,3/11/2020,Heated,351,1.109,40.024,36.0757,305.2641,12.9687,40.7423,0.437,2347,1516,20,0.424835413,Mar-20,2.567299723,4.066145075,On,Post-hurricane,25.81966732,22.9278452,0.430520884,23.28733,23.42496487,0.430067827,0.441904367,NA,NA,NA,NA,NA,NA,NA,NA,NA,NA,NA,NA,NA,NA,NA,NA,0.179,0.018,0.197,0.023,0.019,0.042,97.19611413,3.344513742,34.14644646,0.410098822,17.08249021,0.408924485
20_Mar_IG_full,IG,179,1,2,0.1945,3/26/2019,3/11/2020,Control,351,1.26,38.918,30.8794,766.0461,21.6158,67.9079,0.523,4452,4033,203,0.282173619,Mar-20,1.499979092,5.508648644,On,Post-hurricane,22.28029384,22.38069843,0.392721608,22.60802141,22.81318433,0.41432982,0.356667551,NA,NA,NA,NA,NA,NA,NA,NA,NA,NA,NA,NA,NA,NA,NA,NA,0.195,0.045,0.24,0.007,0.024,0.031,118.4115096,4.953624096,56.35763151,0.676855154,39.3854036,0.371892925
20_Mar_IG_full,IG,180,6,2,0.1942,3/26/2019,3/11/2020,Heated,351,1.73,39.74,22.974,577.6692,20.9299,65.7532,0.626,3384,2765,90,0.362316357,Mar-20,1.519126827,9.069346497,On,Post-hurricane,25.6695504,23.88541499,0.419195008,24.50114809,24.34937946,0.415915714,0.398323182,NA,NA,NA,NA,NA,NA,NA,NA,NA,NA,NA,NA,NA,NA,NA,NA,0.194,0.036,0.23,0.066,0.016,0.082,113.4776967,8.656369691,88.92016281,1.067931155,29.74609681,0.310223642
20_Mar_IG_full,IG,176,4,2,0.2053,3/26/2019,3/11/2020,Heated,351,0.932,40.356,43.295,420.6774,14.1047,44.3111,0.378,3383,1955,75,0.335285423,Mar-20,1.027888949,3.441510021,On,Post-hurricane,25.56898738,24.0239612,0.32683441,24.28554768,24.44751372,0.395503254,0.382591311,NA,NA,NA,NA,NA,NA,NA,NA,NA,NA,NA,NA,NA,NA,NA,NA,0.205,0.013,0.218,0.055,0.01,0.065,107.5571212,3.432282637,31.98172987,0.384100576,20.49086215,0.543121693
20_Mar_IG_full,IG,183,5,3,0.1882,3/27/2019,3/12/2020,Control,351,1.114,40.451,36.323,477.3973,17.1611,53.9135,0.495,3485,2705,93,0.359472079,Mar-20,0.595532357,4.805404262,On,Post-hurricane,21.57462747,22.59975101,NA,22.98374473,23.07356736,0.469221805,0.465158309,NA,NA,NA,NA,NA,NA,NA,NA,NA,NA,NA,NA,NA,NA,NA,NA,0.188,0.019,0.207,0.054,0.003,0.057,102.129927,5.441996359,42.40301069,0.509260158,25.36648778,0.38020202
20_Mar_IG_full,IG,186,1,3,0.2703,3/27/2019,3/12/2020,Control,351,1.154,41.37,35.8536,766.0717,23.8043,74.7835,0.691,4260,4072,252,0.310732011,Mar-20,1.908928471,5.886004432,On,Post-hurricane,22.27366976,22.4019168,0.396943599,22.61005328,22.81032067,0.415559873,0.358238441,NA,NA,NA,NA,NA,NA,NA,NA,NA,NA,NA,NA,NA,NA,NA,NA,0.27,0.149,0.419,0.043,0.03,0.073,206.7267605,4.975870811,105.1310559,1.262623982,28.34153533,0.391172214
20_Mar_IG_full,IG,184,4,3,0.1847,3/27/2019,3/12/2020,Heated,351,1.105,38.479,34.8186,499.0273,18.8984,59.3712,0.566,2589,1698,57,0.378704732,Mar-20,1.507567147,11.17944674,On,Post-hurricane,25.54037634,24.00878598,0.332240544,24.25468088,24.41479284,0.397516973,0.384620942,NA,NA,NA,NA,NA,NA,NA,NA,NA,NA,NA,NA,NA,NA,NA,NA,0.185,0.019,0.204,0.012,0.004,0.016,100.6497832,10.73369569,97.21804815,1.167588758,27.01826205,0.326325088
20_Mar_IG_full,IG,185,2,3,0.2466,3/27/2019,3/12/2020,Heated,351,1.421,40.062,28.1832,401.9234,17.2048,54.0504,0.588,2682,1586,38,0.428061665,Mar-20,2.089446241,4.447296189,On,Post-hurricane,25.77510765,22.96805603,0.433144032,23.29967246,23.4254432,0.431398037,0.443295914,NA,NA,NA,NA,NA,NA,NA,NA,NA,NA,NA,NA,NA,NA,NA,NA,0.247,0.025,0.272,0.043,0.004,0.047,134.1997109,3.828842548,51.56575455,0.619304712,16.29859692,0.419387755
20_Oct_IG_full,IG,189,2,1,0.253,11/25/2019,10/1/2020,Heated,311,1.159,42.75,36.8705,434.4253,18.2011,57.1804,0.677,3563,2628,136,0.418969613,Oct-20,1.307109141,3.787066487,On,Post-hurricane,28.39076454,25.80992643,0.282388304,25.82125692,25.77870633,0.406592372,0.420643326,NA,NA,NA,NA,NA,NA,NA,NA,NA,NA,NA,NA,NA,NA,NA,NA,0.253,0.02,0.273,0.008,0.025,0.033,134.6930922,3.870110223,44.07192249,0.529303789,17.17096047,0.373707533
20_Oct_IG_full,IG,192,5,1,0.164,11/25/2019,10/1/2020,Control,311,1.723,41.623,24.1617,779.3597,24.0652,75.6029,0.606,4271,3811,175,0.308781683,Oct-20,1.734885109,10.37284487,On,Post-hurricane,24.1923915,25.18808542,NA,25.541781,25.59667488,0.454955619,0.45559051,NA,NA,NA,NA,NA,NA,NA,NA,NA,NA,NA,NA,NA,NA,NA,NA,0.164,0.044,0.208,0.006,0.024,0.03,102.6233083,10.48089128,91.97242475,1.104588821,47.52193293,0.270627063
20_Oct_IG_full,IG,193,6,1,0.299,11/25/2019,10/1/2020,Heated,311,1.908,42.752,22.4044,630.0718,27.8184,87.3936,0.982,5352,2290,54,0.441511586,Oct-20,1.393884586,11.29530669,On,Post-hurricane,28.36362538,26.42908601,0.321769551,26.95482613,26.76368183,0.401028837,0.393760501,NA,NA,NA,NA,NA,NA,NA,NA,NA,NA,NA,NA,NA,NA,NA,NA,0.299,0.03,0.329,0.025,0.02,0.045,162.3224444,11.84429675,158.4128268,1.90253805,21.07263545,0.304480652
20_Oct_IG_full,IG,198,5,2,0.134,11/26/2019,10/2/2020,Control,311,1.356,37.966,27.9968,424.6463,13.9889,43.9473,0.376,4586,1920,88,0.329424747,Oct-20,1.763155155,8.18896304,On,Post-hurricane,24.1440905,25.15858063,NA,25.53135563,25.58466467,0.457134923,0.459071268,NA,NA,NA,NA,NA,NA,NA,NA,NA,NA,NA,NA,NA,NA,NA,NA,0.134,0.026,0.16,0.038,0.002,0.04,78.9410064,8.262940046,55.8528466,0.670792688,31.69002239,0.356382979
20_Oct_IG_full,IG,194,1,2,0.251,11/26/2019,10/2/2020,Control,311,1.364,40.634,29.7841,644.4577,23.1442,72.7097,0.824,4055,3295,167,0.359126751,Oct-20,2.1627867,4.796408916,On,Post-hurricane,24.59710963,25.00998681,0.335792003,25.15447904,25.28902621,0.38045877,0.332892805,NA,NA,NA,NA,NA,NA,NA,NA,NA,NA,NA,NA,NA,NA,NA,NA,0.251,0.008,0.259,0.007,0.005,0.012,127.7857541,4.800105396,52.9556599,0.635997475,25.67560558,0.30461165
20_Oct_IG_full,IG,197,4,2,0.185,11/26/2019,10/2/2020,Heated,311,1.46,40.007,27.4018,871.3691,27.4713,86.3031,0.682,6445,6136,519,0.315265942,Oct-20,1.958350776,6.302828187,On,Post-hurricane,28.32707413,26.37502406,0.221988396,26.11864983,26.20014154,0.337025091,0.352272773,NA,NA,NA,NA,NA,NA,NA,NA,NA,NA,NA,NA,NA,NA,NA,NA,0.185,0.018,0.203,0.02,0.014,0.034,100.1564019,6.913072513,54.54160642,0.655044693,47.10103243,0.271260997
20_Oct_IG_full,IG,199,6,2,0.149,11/26/2019,10/2/2020,Heated,311,1.891,40.982,21.6678,337.21,14.2144,44.6559,0.494,2953,1307,36,0.421529611,Oct-20,1.491839799,8.474198581,On,Post-hurricane,28.31134742,26.36534157,0.335892814,26.95341913,26.76719204,0.405418907,0.398118645,NA,NA,NA,NA,NA,NA,NA,NA,NA,NA,NA,NA,NA,NA,NA,NA,0.149,0.031,0.18,0.011,0.015,0.026,88.8086322,8.949889009,65.0230835,0.780927233,22.63154362,0.301619433
20_Oct_IG_full,IG,196,3,2,0.269,11/26/2019,10/2/2020,Control,311,1.171,38.071,32.5105,451.4057,21.8472,68.6353,0.897,6386,2614,79,0.483981483,Oct-20,1.830044995,4.251066175,On,Post-hurricane,24.34970813,24.9794689,0.316725061,25.19664263,25.25598308,0.428509319,0.442036687,NA,NA,NA,NA,NA,NA,NA,NA,NA,NA,NA,NA,NA,NA,NA,NA,0.269,0.037,0.306,0.006,0.005,0.011,150.9746747,4.245794819,55.45180798,0.665976214,16.78088104,0.299888517
20_Oct_IG_full,IG,202,3,3,0.163,11/27/2019,10/3/2020,Control,311,1.084,38.965,35.9612,218.9464,11.658,36.6249,0.523,2800,741,18,0.532459086,Oct-20,1.828735769,4.709759461,On,Post-hurricane,24.20956829,24.8874129,0.330570546,25.17012683,25.24333638,0.434675266,0.445809088,NA,NA,NA,NA,NA,NA,NA,NA,NA,NA,NA,NA,NA,NA,NA,NA,0.163,0.027,0.19,0.043,0.025,0.068,93.7424451,4.677860277,38.14597737,0.458133188,13.43229448,0.31166348
20_Oct_IG_full,IG,200,1,3,0.282,11/27/2019,10/3/2020,Control,311,1.285,43.712,34.0297,721.8799,22.4728,70.6005,0.715,4740,4571,313,0.311309402,Oct-20,1.37622832,5.340601229,On,Post-hurricane,24.46017171,24.927285,0.353679317,25.124078,25.26821804,0.388501565,0.340217862,NA,NA,NA,NA,NA,NA,NA,NA,NA,NA,NA,NA,NA,NA,NA,NA,0.282,0,0.282,0.003,0.007,0.01,139.1335238,5.328214051,64.20009612,0.771043154,25.59857801,0.394405594
20_Oct_IG_full,IG,205,6,3,0.259,11/27/2019,10/3/2020,Heated,311,1.75,40.701,23.2586,550.4279,23.5404,73.9545,0.831,5894,2677,68,0.427674542,Oct-20,1.50545706,9.795008617,On,Post-hurricane,28.17177304,26.21922319,0.35169772,26.92877183,26.76059692,0.410660731,0.403258416,NA,NA,NA,NA,NA,NA,NA,NA,NA,NA,NA,NA,NA,NA,NA,NA,0.259,0.042,0.301,0.016,0.032,0.048,148.5077683,10.29595326,125.6804528,1.509422238,21.25204247,0.311672684
20_Oct_IG_full,IG,203,4,3,0.166,11/27/2019,10/3/2020,Heated,311,1.111,40.029,36.0271,468.3407,15.163,47.6361,0.388,4525,2535,136,0.323760032,Oct-20,1.709158116,3.648159791,On,Post-hurricane,28.1875015,26.2594811,0.239824136,26.10205329,26.19378229,0.348640817,0.360307554,NA,NA,NA,NA,NA,NA,NA,NA,NA,NA,NA,NA,NA,NA,NA,NA,0.166,0.032,0.198,0.017,0.008,0.025,97.68949542,3.90294414,30.79182722,0.369809845,28.21329518,0.427835052
